{
	"credit": "Made with Blockbench",
	"textures": {
		"particle": "extendedcrafting:blocks/storage_black_iron",
		"base": "extendedcrafting:blocks/storage_black_iron",
		"top": "extendedcrafting:blocks/crafting_core_top",
		"side": "extendedcrafting:blocks/crafting_core_side",
		"band": "extendedcrafting:blocks/crafting_core_band"
	},
	"elements": [
		{
			"from": [2, 0, 2],
			"to": [14, 2, 14],
			"faces": {
				"north": {"uv": [2, 0, 14, 2], "texture": "#base"},
				"east": {"uv": [2, 0, 14, 2], "texture": "#base"},
				"south": {"uv": [2, 0, 14, 2], "texture": "#base"},
				"west": {"uv": [2, 0, 14, 2], "texture": "#base"},
				"down": {"uv": [2, 2, 14, 14], "texture": "#base", "cullface": "down"}
			}
		},
		{
			"from": [1, 5, 1],
			"to": [15, 13, 15],
			"faces": {
				"north": {"uv": [0, 0, 14, 8], "texture": "#band"},
				"east": {"uv": [0, 0, 14, 8], "texture": "#band"},
				"south": {"uv": [0, 0, 14, 8], "texture": "#band"},
				"west": {"uv": [0, 0, 14, 8], "texture": "#band"}
			}
		},
		{
			"from": [0, 2, 0],
			"to": [16, 5, 16],
			"faces": {
				"north": {"uv": [0, 11, 16, 14], "texture": "#side", "cullface": "north"},
				"east": {"uv": [0, 11, 16, 14], "texture": "#side", "cullface": "east"},
				"south": {"uv": [0, 11, 16, 14], "texture": "#side", "cullface": "south"},
				"west": {"uv": [0, 11, 16, 14], "texture": "#side", "cullface": "west"},
				"up": {"uv": [0, 0, 16, 16], "texture": "#base"},
				"down": {"uv": [0, 0, 16, 16], "texture": "#base"}
			}
		},
		{
			"from": [0, 6, 0],
			"to": [16, 12, 16],
			"faces": {
				"north": {"uv": [0, 4, 16, 10], "texture": "#side", "cullface": "north"},
				"east": {"uv": [0, 4, 16, 10], "texture": "#side", "cullface": "east"},
				"south": {"uv": [0, 4, 16, 10], "texture": "#side", "cullface": "south"},
				"west": {"uv": [0, 4, 16, 10], "texture": "#side", "cullface": "west"},
				"up": {"uv": [0, 0, 16, 16], "texture": "#base"},
				"down": {"uv": [0, 0, 16, 16], "texture": "#base"}
			}
		},
		{
			"from": [0, 13, 0],
			"to": [16, 16, 16],
			"faces": {
				"north": {"uv": [0, 0, 16, 3], "texture": "#side", "cullface": "north"},
				"east": {"uv": [0, 0, 16, 3], "texture": "#side", "cullface": "east"},
				"south": {"uv": [0, 0, 16, 3], "texture": "#side", "cullface": "south"},
				"west": {"uv": [0, 0, 16, 3], "texture": "#side", "cullface": "west"},
				"up": {"uv": [0, 0, 16, 16], "texture": "#top", "cullface": "up"},
				"down": {"uv": [0, 0, 16, 16], "texture": "#base"}
			}
		}
	]
}