{
	"credit": "Made by Cr_L with Blockbench",
	"textures": {
		"particle": "extendedcrafting:blocks/storage_black_iron",
		"all": "extendedcrafting:blocks/storage_black_iron"
	},
	"elements": [
		{
			"from": [1, 0, 1],
			"to": [15, 2, 15],
			"shade": false,
			"faces": {
				"north": {"uv": [2, 2, 14, 2], "texture": "#all"},
				"east": {"uv": [2, 2, 14, 2], "texture": "#all"},
				"south": {"uv": [2, 2, 14, 2], "texture": "#all"},
				"west": {"uv": [2, 2, 14, 2], "texture": "#all"},
				"up": {"uv": [2, 2, 14, 14], "texture": "#all"},
				"down": {"uv": [2, 2, 14, 14], "texture": "#all", "cullface": "down"}
			}
		},
		{
			"from": [3, 2, 3],
			"to": [13, 14, 13],
			"shade": false,
			"faces": {
				"north": {"uv": [2, 2, 10, 12], "texture": "#all"},
				"east": {"uv": [2, 2, 10, 12], "texture": "#all"},
				"south": {"uv": [2, 2, 10, 12], "texture": "#all"},
				"west": {"uv": [2, 2, 10, 12], "texture": "#all"}
			}
		},
		{
			"from": [2, 14, 2],
			"to": [14, 16, 14],
			"shade": false,
			"faces": {
				"north": {"uv": [2, 2, 12, 2], "texture": "#all"},
				"east": {"uv": [2, 2, 12, 2], "texture": "#all"},
				"south": {"uv": [2, 2, 12, 2], "texture": "#all"},
				"west": {"uv": [2, 2, 12, 2], "texture": "#all"},
				"up": {"uv": [2, 2, 12, 12], "texture": "#all", "cullface": "up"},
				"down": {"uv": [2, 2, 12, 12], "texture": "#all"}
			}
		}
	]
}