{
	"credit": "Blockbench Model - Do you want a textured model? Contact me on Discord: CesarZorak#0808",
	"parent": "block/block",
	"ambientocclusion": false,
	"textures": {
		"0": "forbidden_arcanus:blocks/arcane_dragon_egg_side",
		"1": "forbidden_arcanus:blocks/arcane_dragon_egg_top",
		"particle": "forbidden_arcanus:blocks/arcane_dragon_egg_side"
	},
	"elements": [
		{
			"name": "egg_0",
			"from": [5, 15, 5],
			"to": [11, 16, 11],
			"rotation": {"angle": 0, "axis": "y", "origin": [8, 8, 8]},
			"faces": {
				"north": {"uv": [5, 0, 11, 1], "texture": "#0"},
				"east": {"uv": [5, 0, 11, 1], "texture": "#0"},
				"south": {"uv": [5, 0, 11, 1], "texture": "#0"},
				"west": {"uv": [5, 0, 11, 1], "texture": "#0"},
				"up": {"uv": [5, 5, 11, 11], "texture": "#1", "cullface": "up"}
			}
		},
		{
			"name": "egg_1",
			"from": [4, 13, 4],
			"to": [12, 15, 12],
			"rotation": {"angle": 0, "axis": "y", "origin": [8, 8, 8]},
			"faces": {
				"north": {"uv": [4, 1, 12, 3], "texture": "#0"},
				"east": {"uv": [4, 1, 12, 3], "texture": "#0"},
				"south": {"uv": [4, 1, 12, 3], "texture": "#0"},
				"west": {"uv": [4, 1, 12, 3], "texture": "#0"},
				"up": {"uv": [4, 4, 12, 12], "texture": "#1"}
			}
		},
		{
			"name": "egg_2",
			"from": [3, 11, 3],
			"to": [13, 13, 13],
			"rotation": {"angle": 0, "axis": "y", "origin": [8, 8, 8]},
			"faces": {
				"north": {"uv": [3, 3, 13, 5], "texture": "#0"},
				"east": {"uv": [3, 3, 13, 5], "texture": "#0"},
				"south": {"uv": [3, 3, 13, 5], "texture": "#0"},
				"west": {"uv": [3, 3, 13, 5], "texture": "#0"},
				"up": {"uv": [3, 3, 13, 13], "texture": "#1"}
			}
		},
		{
			"name": "egg_3",
			"from": [2, 3, 2],
			"to": [14, 11, 14],
			"rotation": {"angle": 0, "axis": "y", "origin": [8, 8, 8]},
			"faces": {
				"north": {"uv": [2, 5, 14, 13], "texture": "#0"},
				"east": {"uv": [2, 5, 14, 13], "texture": "#0"},
				"south": {"uv": [2, 5, 14, 13], "texture": "#0"},
				"west": {"uv": [2, 5, 14, 13], "texture": "#0"},
				"up": {"uv": [2, 2, 14, 14], "texture": "#1"},
				"down": {"uv": [2, 2, 14, 14], "texture": "#1"}
			}
		},
		{
			"name": "egg_4",
			"from": [3, 1, 3],
			"to": [13, 3, 13],
			"rotation": {"angle": 0, "axis": "y", "origin": [8, 8, 8]},
			"faces": {
				"north": {"uv": [3, 13, 13, 15], "texture": "#0"},
				"east": {"uv": [3, 13, 13, 15], "texture": "#0"},
				"south": {"uv": [3, 13, 13, 15], "texture": "#0"},
				"west": {"uv": [3, 13, 13, 15], "texture": "#0"},
				"down": {"uv": [3, 3, 13, 13], "texture": "#1"}
			}
		},
		{
			"name": "egg_5",
			"from": [4, 0, 4],
			"to": [12, 1, 12],
			"rotation": {"angle": 0, "axis": "y", "origin": [8, 8, 8]},
			"faces": {
				"north": {"uv": [4, 15, 12, 16], "texture": "#0"},
				"east": {"uv": [4, 15, 12, 16], "texture": "#0"},
				"south": {"uv": [4, 15, 12, 16], "texture": "#0"},
				"west": {"uv": [4, 15, 12, 16], "texture": "#0"},
				"down": {"uv": [4, 4, 12, 12], "texture": "#1", "cullface": "down"}
			}
		}
	],
	"display": {
		"thirdperson_righthand": {
			"rotation": [75, 45, 0],
			"translation": [0, 2.5, 0],
			"scale": [0.375, 0.375, 0.375]
		},
		"thirdperson_lefthand": {
			"rotation": [75, 45, 0],
			"translation": [0, 2.5, 0],
			"scale": [0.375, 0.375, 0.375]
		},
		"firstperson_righthand": {
			"rotation": [0, 45, 0],
			"translation": [0, 1, 0],
			"scale": [0.4, 0.4, 0.4]
		},
		"firstperson_lefthand": {
			"rotation": [0, 45, 0],
			"translation": [0, 1, 0],
			"scale": [0.4, 0.4, 0.4]
		},
		"ground": {
			"translation": [0, 3, 0],
			"scale": [0.25, 0.25, 0.25]
		},
		"gui": {
			"rotation": [30, 225, 0],
			"scale": [0.625, 0.625, 0.625]
		},
		"head": {
			"translation": [0, 14.5, 0]
		},
		"fixed": {
			"scale": [0.5, 0.5, 0.5]
		}
	}
}