{
    "__comment": "Model generated using MrCrayfish's Model Creator (https://mrcrayfish.com/tools?id=mc)",
    "textures": {
        "particle": "forbidden_arcanus:blocks/candle",
        "candle": "forbidden_arcanus:blocks/candle"
    },
    "elements": [
        {
            "name": "Candle Base",
            "from": [ 6, 0, 6 ],
            "to": [ 10, 1, 10 ],
            "faces": {
                "north": { "texture": "#candle", "uv": [ 5, 11, 9, 12 ] },
                "east": { "texture": "#candle", "uv": [ 5, 11, 9, 12 ] },
                "south": { "texture": "#candle", "uv": [ 5, 11, 9, 12 ] },
                "west": { "texture": "#candle", "uv": [ 5, 11, 9, 12 ] },
                "up": { "texture": "#candle", "uv": [ 5, 12, 9, 16 ] },
                "down": { "texture": "#candle", "uv": [ 5, 12, 9, 16 ] }
            }
        },
        {
            "name": "Candle",
            "from": [ 7, 1, 7 ],
            "to": [ 9, 5, 9 ],
            "faces": {
                "north": { "texture": "#candle", "uv": [ 11, 4, 13, 8 ] },
                "east": { "texture": "#candle", "uv": [ 13, 4, 11, 8 ] },
                "south": { "texture": "#candle", "uv": [ 11, 4, 13, 8 ] },
                "west": { "texture": "#candle", "uv": [ 13, 4, 11, 8 ] },
                "up": { "texture": "#candle", "uv": [ 10, 8, 12, 10 ] }
            }
        },
        {
            "name": "Wick",
            "from": [ 8, 5, 7.75 ],
            "to": [ 8, 5.5, 8.25 ],
            "faces": {
                "north": { "texture": "#candle", "uv": [ 0, 0, 0, 1 ] },
                "east": { "texture": "#candle", "uv": [ 14, 1, 15, 2 ] },
                "south": { "texture": "#candle", "uv": [ 0, 0, 0, 1 ] },
                "west": { "texture": "#candle", "uv": [ 14, 1, 15, 2 ] },
                "up": { "texture": "#candle", "uv": [ 0, 0, 0, 1 ] }
            }
        },
        {
            "name": "Wick",
            "from": [ 7.75, 5, 8 ],
            "to": [ 8.25, 5.5, 8 ],
            "faces": {
                "north": { "texture": "#candle", "uv": [ 14, 1, 15, 2 ] },
                "east": { "texture": "#candle", "uv": [ 0, 0, 0, 1 ] },
                "south": { "texture": "#candle", "uv": [ 14, 1, 15, 2 ] },
                "west": { "texture": "#candle", "uv": [ 14, 1, 14, 2 ] },
                "up": { "texture": "#candle", "uv": [ 0, 0, 1, 0 ] }
            }
        },
        {
            "name": "Fire",
            "from": [ 8, 5, 6.5 ],
            "to": [ 8, 9, 9.5 ],
            "rotation": { "origin": [ 8.0, 8.0, 8.0 ], "axis": "y", "angle": -45.0 },
            "faces": {
                "east": { "texture": "#candle", "uv": [ 1, 0, 7, 8 ] },
                "west": { "texture": "#candle", "uv": [ 7, 0, 1, 8 ] }
            }
        },
        {
            "name": "Fire",
            "from": [ 8, 5, 6.5 ],
            "to": [ 8, 9, 9.5 ],
            "rotation": { "origin": [ 8.0, 8.0, 8.0 ], "axis": "y", "angle": 45.0 },
            "faces": {
                "north": { "texture": "#candle", "uv": [ 0, 0, 0, 4 ] },
                "east": { "texture": "#candle", "uv": [ 1, 0, 7, 8 ] },
                "south": { "texture": "#candle", "uv": [ 0, 0, 0, 4 ] },
                "west": { "texture": "#candle", "uv": [ 7, 0, 1, 8 ] },
                "up": { "texture": "#candle", "uv": [ 0, 0, 0, 3 ] },
                "down": { "texture": "#candle", "uv": [ 0, 0, 0, 3 ] }
            }
        }
    ]
}