{
	"credit": "Model created by Zorak Design - Contact me on discord for work: CesarZorak#0808",
	"parent": "minecraft:block/block",
	"textures": {
		"particle": "forbidden_arcanus:blocks/log_edelwood_oily",
		"inner": "forbidden_arcanus:blocks/log_stripped_edelwood",
		"log": "forbidden_arcanus:blocks/log_edelwood_oily",
		"top": "forbidden_arcanus:blocks/log_edelwood_top"
	},
	"elements": [
		{
			"name": "front",
			"from": [0, 0, 0],
			"to": [16, 16, 2],
			"rotation": {"angle": 0, "axis": "y", "origin": [8, 8, 8]},
			"faces": {
				"north": {"uv": [0, 0, 16, 16], "texture": "#log", "cullface": "north"},
				"south": {"uv": [0, 0, 16, 16], "texture": "#inner"},
				"up": {"uv": [0, 0, 16, 2], "texture": "#top", "cullface": "up"},
				"down": {"uv": [0, 14, 16, 16], "texture": "#top", "cullface": "down"}
			}
		},
		{
			"name": "left",
			"from": [0, 0, 0],
			"to": [2, 16, 16],
			"rotation": {"angle": 0, "axis": "y", "origin": [8, 8, 8]},
			"faces": {
				"east": {"uv": [0, 0, 16, 16], "texture": "#inner"},
				"west": {"uv": [0, 0, 16, 16], "texture": "#log", "cullface": "west"},
				"up": {"uv": [0, 0, 2, 16], "texture": "#top", "cullface": "up"},
				"down": {"uv": [0, 0, 2, 16], "texture": "#top", "cullface": "down"}
			}
		},
		{
			"name": "back",
			"from": [0, 0, 14],
			"to": [16, 16, 16],
			"rotation": {"angle": 0, "axis": "y", "origin": [8, 8, 8]},
			"faces": {
				"north": {"uv": [0, 0, 16, 16], "texture": "#inner"},
				"south": {"uv": [0, 0, 16, 16], "texture": "#log", "cullface": "south"},
				"up": {"uv": [0, 14, 16, 16], "texture": "#top", "cullface": "up"},
				"down": {"uv": [0, 0, 16, 2], "texture": "#top", "cullface": "down"}
			}
		},
		{
			"name": "right",
			"from": [14, 0, 0],
			"to": [16, 16, 16],
			"rotation": {"angle": 0, "axis": "y", "origin": [8, 8, 8]},
			"faces": {
				"east": {"uv": [0, 0, 16, 16], "texture": "#log", "cullface": "east"},
				"west": {"uv": [0, 0, 16, 16], "texture": "#inner"},
				"up": {"uv": [14, 0, 16, 16], "texture": "#top", "cullface": "up"},
				"down": {"uv": [14, 0, 16, 16], "texture": "#top", "cullface": "down"}
			}
		}
	]
}