{
	"credit": "Made by Cr_L with Blockbench",
	"textures": {
		"back": "forbidden_arcanus:items/skull_obsidian_back",
		"particle": "forbidden_arcanus:items/skull_obsidian_front",
		"front": "forbidden_arcanus:items/skull_obsidian_front",
		"side": "forbidden_arcanus:items/skull_obsidian_side",
		"bottom": "forbidden_arcanus:items/skull_obsidian_bottom",
		"top": "forbidden_arcanus:items/skull_obsidian_top"
	},
	"elements": [
		{
			"from": [4, 0, 4],
			"to": [12, 8, 12],
			"faces": {
				"north": {"uv": [4, 4, 12, 12], "texture": "#front"},
				"east": {"uv": [4, 4, 12, 12], "texture": "#side"},
				"south": {"uv": [4, 4, 12, 12], "texture": "#back"},
				"west": {"uv": [12, 4, 4, 12], "texture": "#side"},
				"up": {"uv": [4, 4, 12, 12], "rotation": 180, "texture": "#top"},
				"down": {"uv": [4, 4, 12, 12], "texture": "#bottom"}
			}
		},
		{
			"from": [5, 0, 11],
			"to": [11, 6, 5],
			"faces": {
				"north": {"uv": [4, 4, 12, 12], "texture": "#back"},
				"east": {"uv": [12, 4, 4, 12], "texture": "#side"},
				"south": {"uv": [4, 4, 12, 12], "texture": "#front"},
				"west": {"uv": [4, 4, 12, 12], "texture": "#side"},
				"up": {"uv": [4, 4, 12, 12], "texture": "#top"}
			}
		}
	],
	"display": {
		"thirdperson_righthand": {
			"rotation": [45, -135, 0],
			"translation": [0, 3, 0],
			"scale": [0.5, 0.5, 0.5]
		},
		"thirdperson_lefthand": {
			"rotation": [45, -135, 0],
			"translation": [0, 3, 0],
			"scale": [0.5, 0.5, 0.5]
		},
		"ground": {
			"translation": [0, 3, 0],
			"scale": [0.5, 0.5, 0.5]
		},
		"gui": {
			"rotation": [30, -135, 0],
			"translation": [0, 3, 0]
		},
		"head": {
			"translation": [0, 8.25, 0],
			"scale": [2, 2, 2]
		},
		"fixed": {
			"translation": [0, 4, 0]
		}
	}
}