{
    "textures": {
        "sides": "appliedenergistics2:parts/monitor_sides",
        "sidesStatus": "appliedenergistics2:parts/monitor_sides_status",
        "back": "appliedenergistics2:parts/monitor_back",
        "front": "appliedenergistics2:parts/monitor_front",
        "particle": "appliedenergistics2:parts/monitor_back"
    },
    "elements": [
        {
            "from": [
                2,
                2,
                0
            ],
            "to": [
                14,
                14,
                2
            ],
            "faces": {
                "down": {
                    "texture": "#sides"
                },
                "up": {
                    "texture": "#sides"
                },
                "south": {
                    "texture": "#back"
                },
                "east": {
                    "texture": "#sides"
                },
                "north": {
                    "texture": "#front"
                },
                "west": {
                    "texture": "#sides"
                }
            }
        },
        {
            "from": [
                4,
                4,
                2
            ],
            "to": [
                12,
                12,
                3
            ],
            "faces": {
                "down": {
                    "texture": "#sidesStatus"
                },
                "up": {
                    "texture": "#sidesStatus"
                },
                "south": {
                    "texture": "#back"
                },
                "east": {
                    "texture": "#sidesStatus"
                },
                "west": {
                    "texture": "#sidesStatus"
                }
            }
        }
    ]
}
