{
    "textures": {
        "indicator": "appliedenergistics2:parts/monitor_sides_status_off"
    },
    "elements": [
        {
            "from": [
                4,
                4,
                2
            ],
            "to": [
                12,
                12,
                3
            ],
            "faces": {
                "down": {
                    "texture": "#indicator"
                },
                "up": {
                    "texture": "#indicator"
                },
                "east": {
                    "texture": "#indicator"
                },
                "west": {
                    "texture": "#indicator"
                }
            }
        }
    ]
}
