{
    "ae2_uvl_marker": true,
    "textures": {
        "indicator": "appliedenergistics2:parts/monitor_sides_status_on"
    },
    "elements": [
        {
            "from": [
                4,
                4,
                2
            ],
            "to": [
                12,
                12,
                3
            ],
            "faces": {
                "down": {
                    "texture": "#indicator",
                    "tintindex": 3,
                    "uvlightmap": {
                        "sky": 0.007,
                        "block": 0.007
                    }
                },
                "up": {
                    "texture": "#indicator",
                    "tintindex": 3,
                    "uvlightmap": {
                        "sky": 0.007,
                        "block": 0.007
                    }
                },
                "east": {
                    "texture": "#indicator",
                    "tintindex": 3,
                    "uvlightmap": {
                        "sky": 0.007,
                        "block": 0.007
                    }
                },
                "west": {
                    "texture": "#indicator",
                    "tintindex": 3,
                    "uvlightmap": {
                        "sky": 0.007,
                        "block": 0.007
                    }
                }
            }
        }
    ]
}
