{
	"uvlMarker": true,
	"textures": {
		"lightsBright": "aeadditions:parts/terminal_front_1_on",
		"lightsMedium": "aeadditions:parts/terminal_front_2_on",
		"lightsDark": "aeadditions:parts/terminal_front_3_on"
	},
	  "elements": [
		{
		  "from": [2, 2, 0],
		  "to": [14, 14, 2],
		  "faces": {
			"north": { "texture": "#lightsBright", "tintindex": 1, "uvlightmap": { "sky": 0.007, "block": 0.007 } }
		  }
		},
		{
		  "from": [2, 2, 0],
		  "to": [14, 14, 2],
		  "faces": {
			"north": { "texture": "#lightsMedium", "tintindex": 2, "uvlightmap": { "sky": 0.007, "block": 0.007 } }
		  }
		},
		{
		  "from": [2, 2, 0],
		  "to": [14, 14, 2],
		  "faces": {
			"north": { "texture": "#lightsDark", "tintindex": 3, "uvlightmap": { "sky": 0.007, "block": 0.007 } }
		  }
		}
	  ]
}