{
	"parent": "minecraft:block/block",
	"textures": {
		"particle": "#side"
	},
	"elements": [
		{
			"from": [2, 0, 2],
			"to": [14, 2, 14],
			"faces": {
				"north": {"uv": [2, 14, 14, 16], "texture": "#side"},
				"east": {"uv": [2, 14, 14, 16], "texture": "#side"},
				"south": {"uv": [2, 14, 14, 16], "texture": "#side"},
				"west": {"uv": [2, 14, 14, 16], "texture": "#side"},
				"up": {"uv": [2, 2, 14, 14], "texture": "#bottom"},
				"down": {"uv": [2, 2, 14, 14], "texture": "#bottom", "cullface": "down"}
			}
		},
		{
			"from": [4, 2, 4],
			"to": [12, 11, 12],
			"faces": {
				"north": {"uv": [4, 5, 12, 14], "texture": "#side"},
				"east": {"uv": [4, 5, 12, 14], "texture": "#side"},
				"south": {"uv": [4, 5, 12, 14], "texture": "#side"},
				"west": {"uv": [4, 5, 12, 14], "texture": "#side"}
			}
		},
		{
			"from": [4, 11, 4],
			"to": [12, 15, 12],
			"faces": {
				"north": {"uv": [4, 5, 12, 9], "texture": "#side"},
				"east": {"uv": [4, 5, 12, 9], "texture": "#side"},
				"south": {"uv": [4, 5, 12, 9], "texture": "#side"},
				"west": {"uv": [4, 5, 12, 9], "texture": "#side"}
			}
		},
		{
			"from": [2, 15, 2],
			"to": [14, 16, 14],
			"faces": {
				"north": {"uv": [2, 0, 14, 1], "texture": "#side"},
				"east": {"uv": [2, 0, 14, 1], "texture": "#side"},
				"south": {"uv": [2, 0, 14, 1], "texture": "#side"},
				"west": {"uv": [2, 0, 14, 1], "texture": "#side"},
				"up": {"uv": [2, 2, 14, 14], "texture": "#top"},
				"down": {"uv": [2, 2, 14, 14], "texture": "#bottom"}
			}
		},
		{
			"from": [2, 16, 13],
			"to": [14, 20, 14],
			"faces": {
				"north": {"uv": [2, 0, 14, 4], "texture": "#side"},
				"east": {"uv": [2, 0, 3, 4], "texture": "#side"},
				"south": {"uv": [2, 0, 14, 4], "texture": "#side"},
				"west": {"uv": [13, 0, 14, 4], "texture": "#side"},
				"up": {"uv": [2, 13, 14, 14], "texture": "#top", "cullface": "up"},
				"down": {"uv": [2, 2, 14, 3], "texture": "#bottom"}
			}
		},
		{
			"from": [2, 16, 2],
			"to": [14, 20, 3],
			"faces": {
				"north": {"uv": [2, 0, 14, 4], "texture": "#side"},
				"east": {"uv": [13, 0, 14, 4], "texture": "#side"},
				"south": {"uv": [2, 0, 14, 4], "texture": "#side"},
				"west": {"uv": [2, 0, 3, 4], "texture": "#side"},
				"up": {"uv": [2, 2, 14, 3], "texture": "#top"},
				"down": {"uv": [2, 13, 14, 14], "texture": "#bottom"}
			}
		},
		{
			"from": [2, 16, 3],
			"to": [3, 20, 13],
			"faces": {
				"east": {"uv": [3, 0, 13, 4], "texture": "#side"},
				"west": {"uv": [3, 0, 13, 4], "texture": "#side"},
				"up": {"uv": [2, 3, 3, 13], "texture": "#top", "cullface": "up"},
				"down": {"uv": [2, 3, 3, 13], "texture": "#bottom"}
			}
		},
		{
			"from": [13, 16, 3],
			"to": [14, 20, 13],
			"faces": {
				"east": {"uv": [3, 0, 13, 4], "texture": "#side"},
				"west": {"uv": [3, 0, 13, 4], "texture": "#side"},
				"up": {"uv": [13, 3, 14, 13], "texture": "#top", "cullface": "up"},
				"down": {"uv": [13, 3, 14, 13], "texture": "#bottom"}
			}
		}
	],
	"Comment": "Designed by Wiiv with Cubik Studio - https://cubik.studio"
}