{
	"parent": "minecraft:block/block",
	"textures": {
		"particle": "#top"
	},
	"elements": [
		{
			"name": "base",
			"from": [0, 0, 0],
			"to": [16, 1, 16],
			"faces": {
				"north": {"uv": [0, 15, 16, 16], "texture": "#side", "cullface": "north", "tintindex": 0},
				"east": {"uv": [0, 15, 16, 16], "texture": "#side", "cullface": "east", "tintindex": 0},
				"south": {"uv": [0, 15, 16, 16], "texture": "#side", "cullface": "south", "tintindex": 0},
				"west": {"uv": [0, 15, 16, 16], "texture": "#side", "cullface": "west", "tintindex": 0},
				"up": {"uv": [0, 0, 16, 16], "texture": "#top", "tintindex": 0},
				"down": {"uv": [0, 0, 16, 16], "texture": "#bottom", "cullface": "down", "tintindex": 0}
			}
		},
		{
			"name": "south",
			"from": [0, 3, 15],
			"to": [16, 8, 16],
			"faces": {
				"north": {"uv": [0, 10, 16, 15], "texture": "#inside", "tintindex": 0},
				"east": {"uv": [0, 10, 1, 15], "texture": "#side", "cullface": "east", "tintindex": 0},
				"south": {"uv": [0, 10, 16, 15], "texture": "#side", "cullface": "south", "tintindex": 0},
				"west": {"uv": [15, 10, 16, 15], "texture": "#side", "cullface": "west", "tintindex": 0},
				"up": {"uv": [0, 15, 16, 16], "texture": "#top", "tintindex": 0}
			}
		},
		{
			"name": "south",
			"from": [0, 1, 15],
			"to": [16, 3, 16],
			"faces": {
				"north": {"uv": [0, 12, 16, 14], "texture": "#inside", "tintindex": 0},
				"east": {"uv": [0, 12, 1, 14], "texture": "#side", "cullface": "east", "tintindex": 0},
				"south": {"uv": [0, 12, 16, 14], "texture": "#side", "cullface": "south", "tintindex": 0},
				"west": {"uv": [15, 12, 16, 14], "texture": "#side", "cullface": "west", "tintindex": 0},
				"up": {"uv": [0, 15, 16, 16], "texture": "#top", "tintindex": 0}
			}
		},
		{
			"name": "north",
			"from": [0, 1, 0],
			"to": [16, 3, 1],
			"faces": {
				"north": {"uv": [0, 12, 16, 14], "texture": "#side", "cullface": "north", "tintindex": 0},
				"east": {"uv": [15, 12, 16, 14], "texture": "#side", "cullface": "east", "tintindex": 0},
				"south": {"uv": [0, 12, 16, 14], "texture": "#inside", "tintindex": 0},
				"west": {"uv": [0, 12, 1, 14], "texture": "#side", "cullface": "west", "tintindex": 0},
				"up": {"uv": [0, 0, 16, 1], "texture": "#top", "tintindex": 0}
			}
		},
		{
			"name": "north",
			"from": [0, 3, 0],
			"to": [16, 8, 1],
			"faces": {
				"north": {"uv": [0, 10, 16, 15], "texture": "#side", "cullface": "north", "tintindex": 0},
				"east": {"uv": [15, 10, 16, 15], "texture": "#side", "cullface": "east", "tintindex": 0},
				"south": {"uv": [0, 10, 16, 15], "texture": "#inside", "tintindex": 0},
				"west": {"uv": [0, 10, 1, 15], "texture": "#side", "cullface": "west", "tintindex": 0},
				"up": {"uv": [0, 0, 16, 1], "texture": "#top", "tintindex": 0}
			}
		},
		{
			"name": "west",
			"from": [0, 3, 1],
			"to": [1, 8, 15],
			"faces": {
				"east": {"uv": [1, 12, 15, 14], "texture": "#inside", "tintindex": 0},
				"west": {"uv": [1, 12, 15, 14], "texture": "#side", "cullface": "west", "tintindex": 0},
				"up": {"uv": [0, 1, 1, 15], "texture": "#top", "tintindex": 0}
			}
		},
		{
			"name": "west",
			"from": [0, 1, 1],
			"to": [1, 3, 15],
			"faces": {
				"east": {"uv": [1, 12, 15, 14], "texture": "#inside", "tintindex": 0},
				"west": {"uv": [1, 12, 15, 14], "texture": "#side", "cullface": "west", "tintindex": 0},
				"up": {"uv": [0, 1, 1, 15], "texture": "#top", "tintindex": 0}
			}
		},
		{
			"name": "east",
			"from": [15, 1, 1],
			"to": [16, 3, 15],
			"faces": {
				"east": {"uv": [1, 12, 15, 14], "texture": "#side", "cullface": "east", "tintindex": 0},
				"west": {"uv": [1, 12, 15, 14], "texture": "#inside", "tintindex": 0},
				"up": {"uv": [15, 1, 16, 15], "texture": "#top", "tintindex": 0}
			}
		},
		{
			"name": "east",
			"from": [15, 3, 1],
			"to": [16, 8, 15],
			"faces": {
				"east": {"uv": [1, 10, 15, 15], "texture": "#side", "cullface": "east", "tintindex": 0},
				"west": {"uv": [1, 10, 15, 15], "texture": "#inside", "tintindex": 0},
				"up": {"uv": [15, 1, 16, 15], "texture": "#top", "tintindex": 0}
			}
		}
	],
	"Comment": "Designed by Wiiv with Cubik Studio - https://cubik.studio"
}