{
  "__comment": "Combination of spreader and spreader_core",
  "parent": "minecraft:block/block",
  "textures": {
    "particle": "#outside"
  },
  "display": {
    "gui": {
      "rotation": [ 30, 225, 0 ],
      "translation": [ 0, 0, 0 ],
      "scale":[ 0.75, 0.75, 0.75 ]
    },
    "ground": {
      "rotation": [ 0, 0, 0 ],
      "translation": [ 0, 3, 0 ],
      "scale":[ 0.30, 0.30, 0.30 ]
    },
    "fixed": {
      "rotation": [ 0, 90, 0 ],
      "translation": [ 0, 0, 0 ],
      "scale":[ 0.60, 0.60, 0.60 ]
    },
    "thirdperson_righthand": {
      "rotation": [ 75, 45, 0 ],
      "translation": [ 0, 2.5, 0 ],
      "scale": [ 0.45, 0.45, 0.45 ]
    },
    "firstperson_righthand": {
      "rotation": [ 0, 45, 0 ],
      "translation": [ 0, 0, 0 ],
      "scale": [ 0.50, 0.50, 0.50 ]
    },
    "firstperson_lefthand": {
      "rotation": [ 0, 225, 0 ],
      "translation": [ 0, 0, 0 ],
      "scale": [ 0.50, 0.50, 0.50 ]
    },
    "head": {
      "rotation": [ 0, 0, 0 ],
      "translation": [ 0, 0, 0 ],
      "scale": [ 1.3, 1.3, 1.3 ]
    }
  },
  "elements": [
    {
      "name": "core",
      "from": [5, 5, 5],
      "to": [11, 11, 11],
      "faces": {
        "north": { "texture": "#core" },
        "east": { "texture": "#core" },
        "south": { "texture": "#core" },
        "west": { "texture": "#core" },
        "up": { "texture": "#core" },
        "down": { "texture": "#core" }
      }
    },
    {
      "name": "west",
      "from": [2, 2, 2],
      "to": [3, 14, 14],
      "faces": {
        "north": { "texture": "#outside", "tintindex": 0 },
        "east": { "texture": "#inside", "tintindex": 0 },
        "south": { "texture": "#back", "tintindex": 0 },
        "west": { "texture": "#side", "tintindex": 0 },
        "up": { "texture": "#outside", "tintindex": 0 },
        "down": { "texture": "#outside", "tintindex": 0 }
      }
    },
    {
      "name": "east",
      "from": [13, 2, 2],
      "to": [14, 14, 14],
      "faces": {
        "north": { "texture": "#outside", "tintindex": 0 },
        "east": { "texture": "#side", "uv": [14, 2, 2, 14], "tintindex": 0 },
        "south": { "texture": "#back", "tintindex": 0 },
        "west": { "texture": "#inside", "tintindex": 0 },
        "up": { "texture": "#outside", "tintindex": 0 },
        "down": { "texture": "#outside", "tintindex": 0 }
      }
    },
    {
      "name": "top",
      "from": [3, 13, 2],
      "to": [13, 14, 14],
      "faces": {
        "north": { "texture": "#outside", "tintindex": 0 },
        "south": { "texture": "#back", "tintindex": 0 },
        "up": { "texture": "#outside", "tintindex": 0 },
        "down": { "texture": "#inside", "tintindex": 0 }
      }
    },
    {
      "name": "bottom",
      "from": [3, 2, 2],
      "to": [13, 3, 14],
      "faces": {
        "north": { "texture": "#outside", "tintindex": 0 },
        "south": { "texture": "#back", "tintindex": 0 },
        "up": { "texture": "#inside", "tintindex": 0 },
        "down": { "texture": "#outside", "tintindex": 0 }
      }
    },
    {
      "name": "back",
      "from": [3, 3, 13],
      "to": [13, 13, 14],
      "faces": {
        "north": { "texture": "#inside", "tintindex": 0 },
        "south": { "texture": "#back", "tintindex": 0 }
      }
    },
    {
      "name": "front_top",
      "from": [6, 10, 2],
      "to": [13, 13, 3],
      "faces": {
        "north": { "texture": "#outside", "tintindex": 0 },
        "south": { "texture": "#inside", "tintindex": 0 },
        "down": { "texture": "#outside", "tintindex": 0 }
      }
    },
    {
      "name": "front_bottom",
      "from": [3, 3, 2],
      "to": [10, 6, 3],
      "faces": {
        "north": { "texture": "#outside", "tintindex": 0 },
        "south": { "texture": "#inside", "tintindex": 0 },
        "up": { "texture": "#outside", "tintindex": 0 }
      }
    },
    {
      "name": "front_west",
      "from": [3, 6, 2],
      "to": [6, 13, 3],
      "faces": {
        "north": { "texture": "#outside", "tintindex": 0 },
        "south": { "texture": "#inside", "tintindex": 0 },
        "east": { "texture": "#outside", "tintindex": 0 }
      }
    },
    {
      "name": "front_east",
      "from": [10, 3, 2],
      "to": [13, 10, 3],
      "faces": {
        "north": { "texture": "#outside", "tintindex": 0 },
        "south": { "texture": "#inside", "tintindex": 0 },
        "west": { "texture": "#outside", "tintindex": 0 }
      }
    }
  ]
}