{
  "parent": "block/block",
  "textures": {
    "block": "blocks/stone",
    "quartz": "appliedenergistics2:blocks/charged_quartz_ore_light_1",
    "particle": "appliedenergistics2:blocks/charged_quartz_ore"
  },
  "elements": [
    {
      "faces": {
        "down": {
          "texture": "#block",
          "cullface": "down"
        },
        "east": {
          "texture": "#block",
          "cullface": "east"
        },
        "north": {
          "texture": "#block",
          "cullface": "north"
        },
        "south": {
          "texture": "#block",
          "cullface": "south"
        },
        "up": {
          "texture": "#block",
          "cullface": "up"
        },
        "west": {
          "texture": "#block",
          "cullface": "west"
        }
      },
      "from": [0, 0, 0],
      "to": [16, 16, 16]
    },
    {
      "faces": {
        "down": {
          "texture": "#quartz",
          "cullface": "down",
          "unlit": true
        },
        "east": {
          "texture": "#quartz",
          "cullface": "east",
          "unlit": true
        },
        "north": {
          "texture": "#quartz",
          "cullface": "north",
          "unlit": true
        },
        "south": {
          "texture": "#quartz",
          "cullface": "south",
          "unlit": true
        },
        "up": {
          "texture": "#quartz",
          "cullface": "up",
          "unlit": true
        },
        "west": {
          "texture": "#quartz",
          "cullface": "west",
          "unlit": true
        }
      },
      "from": [0, 0, 0],
      "shade": true,
      "to": [16, 16, 16]
    }
  ]
}
