{
    "ae2_uvl_marker": true,
    "parent": "block/block",
    "textures": {
        "particle": "appliedenergistics2:blocks/security_station_side",
        "side": "appliedenergistics2:blocks/security_station_side",
        "bottom": "appliedenergistics2:blocks/security_station_bottom",
        "top": "appliedenergistics2:blocks/security_station_top",
        "lightsBright": "appliedenergistics2:blocks/security_station_light_bright_on",
        "lightsMedium": "appliedenergistics2:blocks/security_station_light_medium_on",
        "lightsDark": "appliedenergistics2:blocks/security_station_light_dark_on"
    },
    "elements": [
        {
            "from": [
                0,
                0,
                0
            ],
            "to": [
                16,
                16,
                16
            ],
            "faces": {
                "down": {
                    "texture": "#bottom"
                },
                "up": {
                    "texture": "#top"
                },
                "north": {
                    "texture": "#side"
                },
                "south": {
                    "texture": "#side"
                },
                "west": {
                    "texture": "#side"
                },
                "east": {
                    "texture": "#side"
                }
            }
        },
        {
            "from": [
                0,
                15,
                0
            ],
            "to": [
                16,
                16,
                16
            ],
            "faces": {
                "up": {
                    "texture": "#lightsBright",
                    "tintindex": 3,
                    "uvlightmap": {
                        "sky": 0.007,
                        "block": 0.007
                    }
                }
            }
        },
        {
            "from": [
                0,
                15,
                0
            ],
            "to": [
                16,
                16,
                16
            ],
            "faces": {
                "up": {
                    "texture": "#lightsMedium",
                    "tintindex": 2,
                    "uvlightmap": {
                        "sky": 0.007,
                        "block": 0.007
                    }
                }
            }
        },
        {
            "from": [
                0,
                15,
                0
            ],
            "to": [
                16,
                16,
                16
            ],
            "faces": {
                "up": {
                    "texture": "#lightsDark",
                    "tintindex": 1,
                    "uvlightmap": {
                        "sky": 0.007,
                        "block": 0.007
                    }
                }
            }
        }
    ]
}
