{
    "render_type": "minecraft:cutout",
    "parent": "block/cube_all",
    "textures": {
        "2": "mekanism:blocks/models/ports",
        "3": "mekanism:blocks/models/ports_led",
        "4": "mekanism:blocks/bottom",
        "5": "mekanism:blocks/models/electrolytic_separator",
        "6": "mekanism:blocks/models/electrolytic_separator_parts",
        "particle": "mekanism:blocks/steelcasing"
    },
    "elements": [
        {
            "name": "portToggle3b",
            "from": [
                7,
                4,
                1
            ],
            "to": [
                8,
                11,
                3
            ],
            "faces": {
                "south": {
                    "uv": [
                        15.5,
                        12.5,
                        16,
                        16
                    ],
                    "texture": "#5"
                },
                "up": {
                    "uv": [
                        8,
                        14,
                        9,
                        14.5
                    ],
                    "texture": "#5"
                }
            }
        },
        {
            "name": "portToggle2a",
            "from": [
                -0.01,
                4,
                4
            ],
            "to": [
                0.99,
                12,
                12
            ],
            "faces": {
                "east": {
                    "uv": [
                        8,
                        0,
                        16,
                        8
                    ],
                    "texture": "#2"
                },
                "west": {
                    "uv": [
                        0,
                        0,
                        8,
                        8
                    ],
                    "texture": "#2",
                    "cullface": "west"
                },
                "up": {
                    "uv": [
                        1,
                        8,
                        0,
                        0
                    ],
                    "texture": "#2"
                }
            }
        },
        {
            "name": "portToggle2aLED",
            "from": [
                -0.01,
                4,
                4
            ],
            "to": [
                0.99,
                12,
                12
            ],
            "faces": {
                "west": {
                    "uv": [
                        8,
                        0,
                        16,
                        8
                    ],
                    "texture": "#3",
                    "cullface": "west",
                    "emissivity": 15
                }
            }
        },
        {
            "name": "tank3",
            "from": [
                0,
                4,
                0
            ],
            "to": [
                7,
                14,
                7
            ],
            "faces": {
                "north": {
                    "uv": [
                        0,
                        0,
                        7,
                        10
                    ],
                    "texture": "#6",
                    "cullface": "north"
                },
                "east": {
                    "uv": [
                        7,
                        0,
                        14,
                        10
                    ],
                    "texture": "#6"
                },
                "south": {
                    "uv": [
                        0,
                        0,
                        7,
                        10
                    ],
                    "texture": "#6"
                },
                "west": {
                    "uv": [
                        7,
                        0,
                        14,
                        10
                    ],
                    "texture": "#6",
                    "cullface": "west"
                },
                "up": {
                    "uv": [
                        15.5,
                        15.5,
                        12,
                        12
                    ],
                    "texture": "#5"
                }
            }
        },
        {
            "name": "tank1",
            "from": [
                8,
                4,
                0
            ],
            "to": [
                16,
                16,
                16
            ],
            "faces": {
                "north": {
                    "uv": [
                        12,
                        6,
                        16,
                        12
                    ],
                    "texture": "#5",
                    "cullface": "north"
                },
                "east": {
                    "uv": [
                        8,
                        0,
                        16,
                        6
                    ],
                    "texture": "#5",
                    "cullface": "east"
                },
                "south": {
                    "uv": [
                        12,
                        6,
                        16,
                        12
                    ],
                    "texture": "#5",
                    "cullface": "south"
                },
                "west": {
                    "uv": [
                        0,
                        10,
                        8,
                        16
                    ],
                    "texture": "#5"
                },
                "up": {
                    "uv": [
                        12,
                        14,
                        8,
                        6
                    ],
                    "texture": "#5",
                    "cullface": "up"
                }
            }
        },
        {
            "name": "portToggle4a",
            "from": [
                4,
                4,
                15.01
            ],
            "to": [
                12,
                12,
                16.01
            ],
            "faces": {
                "north": {
                    "uv": [
                        8,
                        0,
                        16,
                        8
                    ],
                    "texture": "#2"
                },
                "south": {
                    "uv": [
                        0,
                        0,
                        8,
                        8
                    ],
                    "texture": "#2",
                    "cullface": "south"
                },
                "up": {
                    "uv": [
                        8,
                        1,
                        0,
                        0
                    ],
                    "texture": "#2"
                }
            }
        },
        {
            "name": "portToggle4aLED",
            "from": [
                4,
                4,
                15.01
            ],
            "to": [
                12,
                12,
                16.01
            ],
            "faces": {
                "south": {
                    "uv": [
                        8,
                        0,
                        16,
                        8
                    ],
                    "texture": "#3",
                    "cullface": "south",
                    "emissivity": 15
                }
            }
        },
        {
            "name": "portToggle4b",
            "from": [
                7,
                4,
                13
            ],
            "to": [
                8,
                11,
                15
            ],
            "faces": {
                "north": {
                    "uv": [
                        15.5,
                        12.5,
                        16,
                        16
                    ],
                    "texture": "#5"
                },
                "up": {
                    "uv": [
                        8,
                        14,
                        9,
                        14.5
                    ],
                    "texture": "#5"
                }
            }
        },
        {
            "name": "tank2",
            "from": [
                0,
                4,
                9
            ],
            "to": [
                7,
                14,
                16
            ],
            "faces": {
                "north": {
                    "uv": [
                        0,
                        0,
                        7,
                        10
                    ],
                    "texture": "#6"
                },
                "east": {
                    "uv": [
                        7,
                        0,
                        14,
                        10
                    ],
                    "texture": "#6"
                },
                "south": {
                    "uv": [
                        0,
                        0,
                        7,
                        10
                    ],
                    "texture": "#6",
                    "cullface": "south"
                },
                "west": {
                    "uv": [
                        7,
                        0,
                        14,
                        10
                    ],
                    "texture": "#6",
                    "cullface": "west"
                },
                "up": {
                    "uv": [
                        15.5,
                        15.5,
                        12,
                        12
                    ],
                    "texture": "#5"
                }
            }
        },
        {
            "name": "portToggle2b",
            "from": [
                1,
                4,
                7
            ],
            "to": [
                3,
                11,
                9
            ],
            "faces": {
                "east": {
                    "uv": [
                        8,
                        14,
                        9,
                        15
                    ],
                    "texture": "#5"
                },
                "up": {
                    "uv": [
                        8,
                        15,
                        11.5,
                        16
                    ],
                    "rotation": 90,
                    "texture": "#5"
                }
            }
        },
        {
            "name": "base",
            "from": [
                0,
                0,
                0
            ],
            "to": [
                16,
                4,
                16
            ],
            "faces": {
                "north": {
                    "uv": [
                        0,
                        8,
                        8,
                        10
                    ],
                    "texture": "#5",
                    "cullface": "north"
                },
                "east": {
                    "uv": [
                        0,
                        8,
                        8,
                        10
                    ],
                    "texture": "#5",
                    "cullface": "east"
                },
                "south": {
                    "uv": [
                        0,
                        8,
                        8,
                        10
                    ],
                    "texture": "#5",
                    "cullface": "south"
                },
                "west": {
                    "uv": [
                        0,
                        8,
                        8,
                        10
                    ],
                    "texture": "#5",
                    "cullface": "west"
                },
                "up": {
                    "uv": [
                        8,
                        8,
                        0,
                        0
                    ],
                    "texture": "#5"
                },
                "down": {
                    "uv": [
                        0,
                        0,
                        16,
                        16
                    ],
                    "texture": "#4",
                    "cullface": "down"
                }
            }
        },
        {
            "name": "tube1",
            "from": [
                7,
                10,
                7.5
            ],
            "to": [
                8,
                11,
                8.5
            ],
            "faces": {
                "north": {
                    "uv": [
                        8,
                        14,
                        8.5,
                        14.5
                    ],
                    "texture": "#5"
                },
                "south": {
                    "uv": [
                        8,
                        14,
                        8.5,
                        14.5
                    ],
                    "texture": "#5"
                },
                "up": {
                    "uv": [
                        8,
                        14,
                        8.5,
                        14.5
                    ],
                    "texture": "#5"
                },
                "down": {
                    "uv": [
                        8,
                        14,
                        8.5,
                        14.5
                    ],
                    "texture": "#5"
                }
            }
        },
        {
            "name": "tube2",
            "from": [
                4,
                12,
                7.5
            ],
            "to": [
                7,
                13,
                8.5
            ],
            "faces": {
                "north": {
                    "uv": [
                        8,
                        14,
                        9.5,
                        14.5
                    ],
                    "texture": "#5"
                },
                "east": {
                    "uv": [
                        8,
                        14,
                        8.5,
                        14.5
                    ],
                    "texture": "#5"
                },
                "south": {
                    "uv": [
                        8,
                        14,
                        9.5,
                        14.5
                    ],
                    "texture": "#5"
                },
                "up": {
                    "uv": [
                        8,
                        14,
                        9.5,
                        14.5
                    ],
                    "texture": "#5"
                },
                "down": {
                    "uv": [
                        8,
                        14,
                        9.5,
                        14.5
                    ],
                    "texture": "#5"
                }
            }
        },
        {
            "name": "tube3",
            "from": [
                3,
                12,
                7.5
            ],
            "to": [
                4,
                15,
                8.5
            ],
            "faces": {
                "north": {
                    "uv": [
                        8,
                        14,
                        8.5,
                        15.5
                    ],
                    "texture": "#5"
                },
                "east": {
                    "uv": [
                        8,
                        14,
                        8.5,
                        15.5
                    ],
                    "texture": "#5"
                },
                "south": {
                    "uv": [
                        8,
                        14,
                        8.5,
                        15.5
                    ],
                    "texture": "#5"
                },
                "west": {
                    "uv": [
                        8,
                        14,
                        8.5,
                        15.5
                    ],
                    "texture": "#5"
                }
            }
        },
        {
            "name": "tube4",
            "from": [
                3,
                15,
                3
            ],
            "to": [
                4,
                16,
                13
            ],
            "faces": {
                "north": {
                    "uv": [
                        8,
                        14,
                        8.5,
                        14.5
                    ],
                    "texture": "#5"
                },
                "east": {
                    "uv": [
                        8,
                        15.5,
                        13,
                        16
                    ],
                    "texture": "#5"
                },
                "south": {
                    "uv": [
                        8,
                        14,
                        8.5,
                        14.5
                    ],
                    "texture": "#5"
                },
                "west": {
                    "uv": [
                        8,
                        15.5,
                        13,
                        16
                    ],
                    "texture": "#5"
                },
                "up": {
                    "uv": [
                        8,
                        15.5,
                        13,
                        16
                    ],
                    "texture": "#5"
                },
                "down": {
                    "uv": [
                        8,
                        15.5,
                        13,
                        16
                    ],
                    "texture": "#5"
                }
            }
        },
        {
            "name": "tube5",
            "from": [
                3,
                14,
                3
            ],
            "to": [
                4,
                15,
                4
            ],
            "faces": {
                "north": {
                    "uv": [
                        8,
                        14,
                        8.5,
                        14.5
                    ],
                    "texture": "#5"
                },
                "east": {
                    "uv": [
                        8,
                        14,
                        8.5,
                        14.5
                    ],
                    "texture": "#5"
                },
                "south": {
                    "uv": [
                        8,
                        14,
                        8.5,
                        14.5
                    ],
                    "texture": "#5"
                },
                "west": {
                    "uv": [
                        8,
                        14,
                        8.5,
                        14.5
                    ],
                    "texture": "#5"
                }
            }
        },
        {
            "name": "tube6",
            "from": [
                3,
                14,
                12
            ],
            "to": [
                4,
                15,
                13
            ],
            "faces": {
                "north": {
                    "uv": [
                        8,
                        14,
                        8.5,
                        14.5
                    ],
                    "texture": "#5"
                },
                "east": {
                    "uv": [
                        8,
                        14,
                        8.5,
                        14.5
                    ],
                    "texture": "#5"
                },
                "south": {
                    "uv": [
                        8,
                        14,
                        8.5,
                        14.5
                    ],
                    "texture": "#5"
                },
                "west": {
                    "uv": [
                        8,
                        14,
                        8.5,
                        14.5
                    ],
                    "texture": "#5"
                }
            }
        },
        {
            "name": "tube7",
            "from": [
                6,
                10,
                7.5
            ],
            "to": [
                7,
                12,
                8.5
            ],
            "faces": {
                "north": {
                    "uv": [
                        8,
                        14,
                        8.5,
                        15
                    ],
                    "texture": "#5"
                },
                "east": {
                    "uv": [
                        8,
                        14,
                        8.5,
                        15
                    ],
                    "texture": "#5"
                },
                "south": {
                    "uv": [
                        8,
                        14,
                        8.5,
                        15
                    ],
                    "texture": "#5"
                },
                "west": {
                    "uv": [
                        8,
                        14,
                        8.5,
                        15
                    ],
                    "texture": "#5"
                },
                "down": {
                    "uv": [
                        8,
                        14,
                        8.5,
                        14.5
                    ],
                    "texture": "#5"
                }
            }
        },
        {
            "name": "portToggle3a",
            "from": [
                4,
                4,
                -0.01
            ],
            "to": [
                12,
                12,
                0.99
            ],
            "faces": {
                "north": {
                    "uv": [
                        0,
                        0,
                        8,
                        8
                    ],
                    "texture": "#2",
                    "cullface": "north"
                },
                "south": {
                    "uv": [
                        8,
                        0,
                        16,
                        8
                    ],
                    "texture": "#2"
                },
                "up": {
                    "uv": [
                        8,
                        1,
                        0,
                        0
                    ],
                    "texture": "#2"
                }
            }
        },
        {
            "name": "portToggle3aLED",
            "from": [
                4,
                4,
                -0.01
            ],
            "to": [
                12,
                12,
                0.99
            ],
            "faces": {
                "north": {
                    "uv": [
                        8,
                        0,
                        16,
                        8
                    ],
                    "texture": "#3",
                    "cullface": "north",
                    "emissivity": 15
                }
            }
        }
    ]
}