{
    "credit": "Model by CyanideX",
    "parent": "block/cube_all",
    "textures": {
        "1": "mekanism:blocks/models/electric_pump",
        "2": "mekanism:blocks/models/ports",
        "3": "mekanism:blocks/models/ports_led",
        "particle": "mekanism:blocks/steelcasing"
    },
    "render_type": "minecraft:cutout",
    "elements": [
        {
            "name": "pumpCasing",
            "from": [
                4,
                1,
                4
            ],
            "to": [
                12,
                12,
                12
            ],
            "faces": {
                "north": {
                    "uv": [
                        4,
                        4,
                        8,
                        9.5
                    ],
                    "texture": "#1"
                },
                "east": {
                    "uv": [
                        0,
                        4,
                        4,
                        9.5
                    ],
                    "texture": "#1"
                },
                "south": {
                    "uv": [
                        0,
                        4,
                        4,
                        9.5
                    ],
                    "texture": "#1"
                },
                "west": {
                    "uv": [
                        0,
                        4,
                        4,
                        9.5
                    ],
                    "texture": "#1"
                },
                "up": {
                    "uv": [
                        0,
                        0,
                        4,
                        4
                    ],
                    "texture": "#1"
                },
                "down": {
                    "uv": [
                        0,
                        0,
                        4,
                        4
                    ],
                    "texture": "#1"
                }
            }
        },
        {
            "name": "powerConnectorFrame1",
            "from": [
                10,
                10,
                1
            ],
            "to": [
                11,
                11,
                5
            ],
            "faces": {
                "east": {
                    "uv": [
                        4,
                        12,
                        6,
                        12.5
                    ],
                    "texture": "#1"
                },
                "west": {
                    "uv": [
                        4,
                        12.5,
                        6,
                        13
                    ],
                    "texture": "#1"
                },
                "up": {
                    "uv": [
                        4,
                        11.5,
                        4.5,
                        13.5
                    ],
                    "texture": "#1"
                },
                "down": {
                    "uv": [
                        5.5,
                        11.5,
                        6,
                        13.5
                    ],
                    "texture": "#1"
                }
            }
        },
        {
            "name": "powerConnectorFrame2",
            "from": [
                5,
                10,
                1
            ],
            "to": [
                6,
                11,
                5
            ],
            "faces": {
                "east": {
                    "uv": [
                        4,
                        12,
                        6,
                        12.5
                    ],
                    "texture": "#1"
                },
                "west": {
                    "uv": [
                        4,
                        12.5,
                        6,
                        13
                    ],
                    "texture": "#1"
                },
                "up": {
                    "uv": [
                        4,
                        11.5,
                        4.5,
                        13.5
                    ],
                    "texture": "#1"
                },
                "down": {
                    "uv": [
                        5.5,
                        11.5,
                        6,
                        13.5
                    ],
                    "texture": "#1"
                }
            }
        },
        {
            "name": "powerConnectorFrame3",
            "from": [
                5,
                5,
                1
            ],
            "to": [
                6,
                6,
                5
            ],
            "faces": {
                "east": {
                    "uv": [
                        4,
                        12,
                        6,
                        12.5
                    ],
                    "texture": "#1"
                },
                "west": {
                    "uv": [
                        4,
                        12.5,
                        6,
                        13
                    ],
                    "texture": "#1"
                },
                "up": {
                    "uv": [
                        4,
                        11.5,
                        4.5,
                        13.5
                    ],
                    "texture": "#1"
                },
                "down": {
                    "uv": [
                        5.5,
                        11.5,
                        6,
                        13.5
                    ],
                    "texture": "#1"
                }
            }
        },
        {
            "name": "powerConnectorFrame4",
            "from": [
                10,
                5,
                1
            ],
            "to": [
                11,
                6,
                5
            ],
            "faces": {
                "east": {
                    "uv": [
                        4,
                        12,
                        6,
                        12.5
                    ],
                    "texture": "#1"
                },
                "west": {
                    "uv": [
                        4,
                        12.5,
                        6,
                        13
                    ],
                    "texture": "#1"
                },
                "up": {
                    "uv": [
                        4,
                        11.5,
                        4.5,
                        13.5
                    ],
                    "texture": "#1"
                },
                "down": {
                    "uv": [
                        5.5,
                        11.5,
                        6,
                        13.5
                    ],
                    "texture": "#1"
                }
            }
        },
        {
            "name": "pumpBase",
            "from": [
                5,
                0,
                5
            ],
            "to": [
                11,
                15,
                11
            ],
            "faces": {
                "north": {
                    "uv": [
                        8,
                        0.5,
                        11,
                        8
                    ],
                    "texture": "#1"
                },
                "east": {
                    "uv": [
                        8,
                        0.5,
                        11,
                        8
                    ],
                    "texture": "#1"
                },
                "south": {
                    "uv": [
                        8,
                        0.5,
                        11,
                        8
                    ],
                    "texture": "#1"
                },
                "west": {
                    "uv": [
                        8,
                        0.5,
                        11,
                        8
                    ],
                    "texture": "#1"
                },
                "down": {
                    "uv": [
                        4,
                        0,
                        7,
                        3
                    ],
                    "texture": "#1",
                    "cullface": "down"
                }
            }
        },
        {
            "name": "pumpPortTop",
            "from": [
                4,
                15,
                4
            ],
            "to": [
                12,
                16,
                12
            ],
            "faces": {
                "north": {
                    "uv": [
                        0,
                        7,
                        8,
                        8
                    ],
                    "texture": "#2"
                },
                "east": {
                    "uv": [
                        0,
                        7,
                        8,
                        8
                    ],
                    "texture": "#2"
                },
                "south": {
                    "uv": [
                        0,
                        7,
                        8,
                        8
                    ],
                    "texture": "#2"
                },
                "west": {
                    "uv": [
                        0,
                        7,
                        8,
                        8
                    ],
                    "texture": "#2"
                },
                "up": {
                    "uv": [
                        0,
                        0,
                        8,
                        8
                    ],
                    "texture": "#2",
                    "cullface": "up"
                },
                "down": {
                    "uv": [
                        0,
                        9.5,
                        4,
                        13.5
                    ],
                    "texture": "#1"
                }
            }
        },
        {
            "name": "pumpPortTopLED",
            "from": [
                4,
                16,
                4
            ],
            "to": [
                12,
                16,
                12
            ],
            "faces": {
                "up": {
                    "uv": [
                        8,
                        0,
                        16,
                        8
                    ],
                    "texture": "#3",
                    "cullface": "up",
                    "emissivity": 15
                }
            }
        },
        {
            "name": "pumpRingTop",
            "from": [
                4,
                13,
                4
            ],
            "to": [
                12,
                14,
                12
            ],
            "faces": {
                "north": {
                    "uv": [
                        0,
                        13,
                        4,
                        13.5
                    ],
                    "texture": "#1"
                },
                "east": {
                    "uv": [
                        0,
                        13,
                        4,
                        13.5
                    ],
                    "texture": "#1"
                },
                "south": {
                    "uv": [
                        0,
                        13,
                        4,
                        13.5
                    ],
                    "texture": "#1"
                },
                "west": {
                    "uv": [
                        0,
                        13,
                        4,
                        13.5
                    ],
                    "texture": "#1"
                },
                "up": {
                    "uv": [
                        0,
                        9.5,
                        4,
                        13.5
                    ],
                    "texture": "#1"
                },
                "down": {
                    "uv": [
                        0,
                        9.5,
                        4,
                        13.5
                    ],
                    "texture": "#1"
                }
            }
        },
        {
            "name": "powerConnector",
            "from": [
                6,
                6,
                1
            ],
            "to": [
                10,
                10,
                4
            ],
            "faces": {
                "north": {
                    "uv": [
                        0.5,
                        4.125,
                        1.125,
                        4.75
                    ],
                    "texture": "#1"
                },
                "east": {
                    "uv": [
                        6,
                        9.5,
                        8,
                        11
                    ],
                    "rotation": 90,
                    "texture": "#1"
                },
                "south": {
                    "uv": [
                        1.625,
                        4.125,
                        2.25,
                        4.75
                    ],
                    "texture": "#1"
                },
                "west": {
                    "uv": [
                        6,
                        10,
                        8,
                        11.5
                    ],
                    "rotation": 90,
                    "texture": "#1"
                },
                "up": {
                    "uv": [
                        6,
                        11,
                        8,
                        9.5
                    ],
                    "texture": "#1"
                },
                "down": {
                    "uv": [
                        4,
                        10,
                        6,
                        11.5
                    ],
                    "texture": "#1"
                }
            }
        },
        {
            "name": "powerPort",
            "from": [
                4,
                4,
                0
            ],
            "to": [
                12,
                12,
                1
            ],
            "faces": {
                "north": {
                    "uv": [
                        0,
                        0,
                        8,
                        8
                    ],
                    "texture": "#2",
                    "cullface": "north"
                },
                "east": {
                    "uv": [
                        0,
                        0,
                        1,
                        8
                    ],
                    "texture": "#2"
                },
                "south": {
                    "uv": [
                        0,
                        9.5,
                        4,
                        13.5
                    ],
                    "texture": "#1"
                },
                "west": {
                    "uv": [
                        7,
                        0,
                        8,
                        8
                    ],
                    "texture": "#2"
                },
                "up": {
                    "uv": [
                        8,
                        7,
                        0,
                        8
                    ],
                    "texture": "#2"
                },
                "down": {
                    "uv": [
                        8,
                        7,
                        0,
                        8
                    ],
                    "texture": "#2"
                }
            }
        },
        {
            "name": "powerPortLED",
            "from": [
                4,
                4,
                0
            ],
            "to": [
                12,
                12,
                0
            ],
            "faces": {
                "north": {
                    "uv": [
                        8,
                        8,
                        16,
                        16
                    ],
                    "texture": "#3",
                    "cullface": "north",
                    "emissivity": 15
                }
            }
        }
    ]
}