{
	"credit": "Made with Blockbench",
	"parent": "block/block",
	"render_type": "minecraft:cutout",
	"textures": {
		"all": "mekanism:blocks/models/energy_cube",
		"particle": "mekanism:blocks/energy_cube_particle"
	},
	"elements": [
		{
			"name": "frame1",
			"from": [3, 13, 0],
			"to": [13, 16, 3],
			"faces": {
				"north": {"uv": [3, 6, 6, 16], "rotation": 90, "texture": "#all", "cullface": "north"},
				"south": {"uv": [9, 6, 12, 16], "rotation": 90, "texture": "#all"},
				"up": {"uv": [0, 6, 3, 16], "rotation": 90, "texture": "#all", "cullface": "up"},
				"down": {"uv": [6, 6, 9, 16], "rotation": 90, "texture": "#all"}
			}
		},
		{
			"name": "frame2",
			"from": [13, 13, 3],
			"to": [16, 16, 13],
			"faces": {
				"east": {"uv": [3, 6, 6, 16], "rotation": 270, "texture": "#all", "cullface": "east"},
				"west": {"uv": [9, 6, 12, 16], "rotation": 270, "texture": "#all"},
				"up": {"uv": [0, 6, 3, 16], "rotation": 180, "texture": "#all", "cullface": "up"},
				"down": {"uv": [6, 6, 9, 16], "rotation": 180, "texture": "#all"}
			}
		},
		{
			"name": "frame3",
			"from": [13, 0, 3],
			"to": [16, 3, 13],
			"faces": {
				"east": {"uv": [9, 6, 12, 16], "rotation": 90, "texture": "#all", "cullface": "east"},
				"west": {"uv": [3, 6, 6, 16], "rotation": 90, "texture": "#all"},
				"up": {"uv": [6, 6, 9, 16], "texture": "#all"},
				"down": {"uv": [0, 6, 3, 16], "texture": "#all", "cullface": "down"}
			}
		},
		{
			"name": "frame4",
			"from": [0, 13, 3],
			"to": [3, 16, 13],
			"faces": {
				"east": {"uv": [9, 6, 12, 16], "rotation": 90, "texture": "#all"},
				"west": {"uv": [3, 6, 6, 16], "rotation": 90, "texture": "#all", "cullface": "west"},
				"up": {"uv": [0, 6, 3, 16], "texture": "#all", "cullface": "up"},
				"down": {"uv": [6, 6, 9, 16], "texture": "#all"}
			}
		},
		{
			"name": "frame5",
			"from": [13, 3, 0],
			"to": [16, 13, 3],
			"faces": {
				"north": {"uv": [0, 6, 3, 16], "texture": "#all", "cullface": "north"},
				"east": {"uv": [3, 6, 6, 16], "texture": "#all", "cullface": "east"},
				"south": {"uv": [6, 6, 9, 16], "texture": "#all"},
				"west": {"uv": [9, 6, 12, 16], "texture": "#all"}
			}
		},
		{
			"name": "frame6",
			"from": [0, 3, 13],
			"to": [3, 13, 16],
			"faces": {
				"north": {"uv": [6, 6, 9, 16], "texture": "#all"},
				"east": {"uv": [9, 6, 12, 16], "texture": "#all"},
				"south": {"uv": [0, 6, 3, 16], "texture": "#all", "cullface": "south"},
				"west": {"uv": [3, 6, 6, 16], "texture": "#all", "cullface": "west"}
			}
		},
		{
			"name": "frame7",
			"from": [3, 0, 0],
			"to": [13, 3, 3],
			"faces": {
				"north": {"uv": [9, 6, 12, 16], "rotation": 270, "texture": "#all", "cullface": "north"},
				"south": {"uv": [3, 6, 6, 16], "rotation": 270, "texture": "#all"},
				"up": {"uv": [6, 6, 9, 16], "rotation": 270, "texture": "#all"},
				"down": {"uv": [0, 6, 3, 16], "rotation": 270, "texture": "#all", "cullface": "down"}
			}
		},
		{
			"name": "frame8",
			"from": [3, 13, 13],
			"to": [13, 16, 16],
			"faces": {
				"north": {"uv": [9, 6, 12, 16], "rotation": 270, "texture": "#all"},
				"south": {"uv": [3, 6, 6, 16], "rotation": 270, "texture": "#all", "cullface": "south"},
				"up": {"uv": [0, 6, 3, 16], "rotation": 270, "texture": "#all", "cullface": "up"},
				"down": {"uv": [6, 6, 9, 16], "rotation": 270, "texture": "#all"}
			}
		},
		{
			"name": "frame9",
			"from": [0, 0, 3],
			"to": [3, 3, 13],
			"faces": {
				"east": {"uv": [3, 6, 6, 16], "rotation": 270, "texture": "#all"},
				"west": {"uv": [9, 6, 12, 16], "rotation": 270, "texture": "#all", "cullface": "west"},
				"up": {"uv": [6, 6, 9, 16], "rotation": 180, "texture": "#all"},
				"down": {"uv": [0, 6, 3, 16], "rotation": 180, "texture": "#all", "cullface": "down"}
			}
		},
		{
			"name": "frame10",
			"from": [3, 0, 13],
			"to": [13, 3, 16],
			"faces": {
				"north": {"uv": [3, 6, 6, 16], "rotation": 90, "texture": "#all"},
				"south": {"uv": [9, 6, 12, 16], "rotation": 90, "texture": "#all", "cullface": "south"},
				"up": {"uv": [6, 6, 9, 16], "rotation": 90, "texture": "#all"},
				"down": {"uv": [0, 6, 3, 16], "rotation": 90, "texture": "#all", "cullface": "down"}
			}
		},
		{
			"name": "frame11",
			"from": [0, 3, 0],
			"to": [3, 13, 3],
			"faces": {
				"north": {"uv": [3, 6, 6, 16], "texture": "#all", "cullface": "north"},
				"east": {"uv": [6, 6, 9, 16], "texture": "#all"},
				"south": {"uv": [9, 6, 12, 16], "texture": "#all"},
				"west": {"uv": [0, 6, 3, 16], "texture": "#all", "cullface": "west"}
			}
		},
		{
			"name": "frame12",
			"from": [13, 3, 13],
			"to": [16, 13, 16],
			"faces": {
				"north": {"uv": [9, 6, 12, 16], "texture": "#all"},
				"east": {"uv": [0, 6, 3, 16], "texture": "#all", "cullface": "east"},
				"south": {"uv": [3, 6, 6, 16], "texture": "#all", "cullface": "south"},
				"west": {"uv": [6, 6, 9, 16], "texture": "#all"}
			}
		},
		{
			"name": "corner1",
			"from": [13, 13, 0],
			"to": [16, 16, 3],
			"faces": {
				"north": {"uv": [13, 3, 16, 0], "texture": "#all", "cullface": "north"},
				"east": {"uv": [13, 6, 10, 3], "texture": "#all", "cullface": "east"},
				"up": {"uv": [13, 3, 10, 0], "texture": "#all", "cullface": "up"}
			}
		},
		{
			"name": "corner2",
			"from": [13, 13, 13],
			"to": [16, 16, 16],
			"faces": {
				"east": {"uv": [13, 3, 16, 0], "texture": "#all", "cullface": "east"},
				"south": {"uv": [13, 6, 10, 3], "texture": "#all", "cullface": "south"},
				"up": {"uv": [13, 0, 10, 3], "texture": "#all", "cullface": "up"}
			}
		},
		{
			"name": "corner3",
			"from": [0, 13, 0],
			"to": [3, 16, 3],
			"faces": {
				"north": {"uv": [13, 6, 10, 3], "texture": "#all", "cullface": "north"},
				"west": {"uv": [13, 3, 16, 0], "texture": "#all", "cullface": "west"},
				"up": {"uv": [10, 3, 13, 0], "texture": "#all", "cullface": "up"}
			}
		},
		{
			"name": "corner4",
			"from": [0, 13, 13],
			"to": [3, 16, 16],
			"faces": {
				"south": {"uv": [13, 3, 16, 0], "texture": "#all", "cullface": "south"},
				"west": {"uv": [13, 6, 10, 3], "texture": "#all", "cullface": "west"},
				"up": {"uv": [10, 0, 13, 3], "texture": "#all", "cullface": "up"}
			}
		},
		{
			"name": "corner5",
			"from": [13, 0, 0],
			"to": [16, 3, 3],
			"faces": {
				"north": {"uv": [10, 3, 13, 6], "texture": "#all", "cullface": "north"},
				"east": {"uv": [16, 0, 13, 3], "texture": "#all", "cullface": "east"},
				"down": {"uv": [13, 0, 10, 3], "texture": "#all", "cullface": "down"}
			}
		},
		{
			"name": "corner6",
			"from": [13, 0, 13],
			"to": [16, 3, 16],
			"faces": {
				"east": {"uv": [10, 3, 13, 6], "texture": "#all", "cullface": "east"},
				"south": {"uv": [16, 0, 13, 3], "texture": "#all", "cullface": "south"},
				"down": {"uv": [13, 3, 10, 0], "texture": "#all", "cullface": "down"}
			}
		},
		{
			"name": "corner7",
			"from": [0, 0, 0],
			"to": [3, 3, 3],
			"faces": {
				"north": {"uv": [16, 0, 13, 3], "texture": "#all", "cullface": "north"},
				"west": {"uv": [10, 3, 13, 6], "texture": "#all", "cullface": "west"},
				"down": {"uv": [10, 0, 13, 3], "texture": "#all", "cullface": "down"}
			}
		},
		{
			"name": "corner8",
			"from": [0, 0, 13],
			"to": [3, 3, 16],
			"faces": {
				"south": {"uv": [10, 3, 13, 6], "texture": "#all", "cullface": "south"},
				"west": {"uv": [16, 0, 13, 3], "texture": "#all", "cullface": "west"},
				"down": {"uv": [10, 3, 13, 0], "texture": "#all", "cullface": "down"}
			}
		}
	]
}