{
    "render_type": "minecraft:cutout",
    "textures": {
        "0": "mekanism:blocks/models/fluidic_plenisher",
        "1": "mekanism:blocks/models/ports_large",
        "2": "mekanism:blocks/models/ports_large_led",
        "3": "mekanism:blocks/models/ports",
        "4": "mekanism:blocks/models/ports_led",
        "particle": "mekanism:blocks/models/fluidic_plenisher"
    },
    "elements": [
        {
            "name": "main",
            "from": [
                3,
                1,
                3
            ],
            "to": [
                13,
                13,
                13
            ],
            "faces": {
                "north": {
                    "uv": [
                        5,
                        10,
                        10,
                        16
                    ],
                    "texture": "#0"
                },
                "east": {
                    "uv": [
                        0,
                        10,
                        5,
                        16
                    ],
                    "texture": "#0"
                },
                "south": {
                    "uv": [
                        10,
                        10,
                        15,
                        16
                    ],
                    "texture": "#0"
                },
                "west": {
                    "uv": [
                        0,
                        10,
                        5,
                        16
                    ],
                    "texture": "#0"
                },
                "down": {
                    "uv": [
                        0,
                        0,
                        5,
                        5
                    ],
                    "texture": "#0"
                }
            }
        },
        {
            "name": "port_side",
            "from": [
                4,
                4,
                15
            ],
            "to": [
                12,
                12,
                16
            ],
            "faces": {
                "north": {
                    "uv": [
                        0,
                        0,
                        8,
                        8
                    ],
                    "texture": "#3"
                },
                "east": {
                    "uv": [
                        0,
                        0,
                        1,
                        8
                    ],
                    "texture": "#3"
                },
                "south": {
                    "uv": [
                        0,
                        0,
                        8,
                        8
                    ],
                    "texture": "#3",
                    "cullface": "south"
                },
                "west": {
                    "uv": [
                        7,
                        0,
                        8,
                        8
                    ],
                    "texture": "#3"
                },
                "up": {
                    "uv": [
                        0,
                        0,
                        8,
                        1
                    ],
                    "texture": "#3"
                },
                "down": {
                    "uv": [
                        0,
                        7,
                        8,
                        8
                    ],
                    "texture": "#3"
                }
            }
        },
        {
            "name": "port_side_led",
            "from": [
                4,
                4,
                16
            ],
            "to": [
                12,
                12,
                16
            ],
            "faces": {
                "south": {
                    "uv": [
                        8,
                        8,
                        16,
                        16
                    ],
                    "texture": "#4",
                    "cullface": "south",
                    "emissivity": 15
                }
            }
        },
        {
            "name": "energy_connector",
            "from": [
                5,
                5,
                13
            ],
            "to": [
                11,
                11,
                15
            ],
            "faces": {
                "east": {
                    "uv": [
                        5,
                        0.5,
                        8,
                        1.5
                    ],
                    "rotation": 90,
                    "texture": "#0"
                },
                "west": {
                    "uv": [
                        5,
                        1,
                        8,
                        2
                    ],
                    "rotation": 90,
                    "texture": "#0"
                },
                "up": {
                    "uv": [
                        5,
                        0.5,
                        8,
                        1.5
                    ],
                    "texture": "#0"
                },
                "down": {
                    "uv": [
                        5,
                        1,
                        8,
                        2
                    ],
                    "texture": "#0"
                }
            }
        },
        {
            "name": "top",
            "from": [
                2,
                13,
                2
            ],
            "to": [
                14,
                14,
                14
            ],
            "faces": {
                "north": {
                    "uv": [
                        8,
                        9.5,
                        14,
                        10
                    ],
                    "texture": "#0"
                },
                "east": {
                    "uv": [
                        8,
                        9.5,
                        14,
                        10
                    ],
                    "texture": "#0"
                },
                "south": {
                    "uv": [
                        8,
                        9.5,
                        14,
                        10
                    ],
                    "texture": "#0"
                },
                "west": {
                    "uv": [
                        8,
                        9.5,
                        14,
                        10
                    ],
                    "texture": "#0"
                },
                "up": {
                    "uv": [
                        8,
                        4,
                        14,
                        10
                    ],
                    "texture": "#0"
                },
                "down": {
                    "uv": [
                        8,
                        4,
                        14,
                        10
                    ],
                    "texture": "#0"
                }
            }
        },
        {
            "name": "port_top",
            "from": [
                3,
                15,
                3
            ],
            "to": [
                13,
                16,
                13
            ],
            "faces": {
                "north": {
                    "uv": [
                        0,
                        0,
                        5,
                        0.5
                    ],
                    "texture": "#1"
                },
                "east": {
                    "uv": [
                        0,
                        0,
                        5,
                        0.5
                    ],
                    "texture": "#1"
                },
                "south": {
                    "uv": [
                        0,
                        0,
                        5,
                        0.5
                    ],
                    "texture": "#1"
                },
                "west": {
                    "uv": [
                        0,
                        0,
                        5,
                        0.5
                    ],
                    "texture": "#1"
                },
                "up": {
                    "uv": [
                        0,
                        0,
                        5,
                        5
                    ],
                    "texture": "#1",
                    "cullface": "up"
                },
                "down": {
                    "uv": [
                        0,
                        0,
                        5,
                        5
                    ],
                    "texture": "#1"
                }
            }
        },
        {
            "name": "port_top_led",
            "from": [
                3,
                16,
                3
            ],
            "to": [
                13,
                16,
                13
            ],
            "faces": {
                "up": {
                    "uv": [
                        0,
                        0,
                        5,
                        5
                    ],
                    "texture": "#2",
                    "cullface": "up",
                    "emissivity": 15
                }
            }
        },
        {
            "name": "bottom",
            "from": [
                4,
                0,
                4
            ],
            "to": [
                12,
                1,
                12
            ],
            "faces": {
                "north": {
                    "uv": [
                        0.5,
                        5,
                        4.5,
                        5.5
                    ],
                    "texture": "#0"
                },
                "east": {
                    "uv": [
                        0.5,
                        5,
                        4.5,
                        5.5
                    ],
                    "texture": "#0"
                },
                "south": {
                    "uv": [
                        0.5,
                        5,
                        4.5,
                        5.5
                    ],
                    "texture": "#0"
                },
                "west": {
                    "uv": [
                        0.5,
                        5,
                        4.5,
                        5.5
                    ],
                    "texture": "#0"
                },
                "down": {
                    "uv": [
                        0.5,
                        0.5,
                        4.5,
                        4.5
                    ],
                    "texture": "#0",
                    "cullface": "down"
                }
            }
        },
        {
            "name": "fluid_connector",
            "from": [
                4,
                14,
                4
            ],
            "to": [
                12,
                15,
                12
            ],
            "faces": {
                "north": {
                    "uv": [
                        0.5,
                        5,
                        4.5,
                        5.5
                    ],
                    "texture": "#0"
                },
                "east": {
                    "uv": [
                        0.5,
                        5,
                        4.5,
                        5.5
                    ],
                    "texture": "#0"
                },
                "south": {
                    "uv": [
                        0.5,
                        5,
                        4.5,
                        5.5
                    ],
                    "texture": "#0"
                },
                "west": {
                    "uv": [
                        0.5,
                        5,
                        4.5,
                        5.5
                    ],
                    "texture": "#0"
                }
            }
        },
        {
            "name": "knob_1",
            "from": [
                2,
                6,
                6
            ],
            "to": [
                3,
                10,
                10
            ],
            "faces": {
                "north": {
                    "uv": [
                        8,
                        2,
                        8.5,
                        4
                    ],
                    "texture": "#0"
                },
                "south": {
                    "uv": [
                        9.5,
                        2,
                        10,
                        4
                    ],
                    "texture": "#0"
                },
                "west": {
                    "uv": [
                        8,
                        2,
                        10,
                        4
                    ],
                    "texture": "#0"
                },
                "up": {
                    "uv": [
                        8,
                        2,
                        10,
                        2.5
                    ],
                    "texture": "#0"
                },
                "down": {
                    "uv": [
                        8,
                        3.5,
                        10,
                        4
                    ],
                    "texture": "#0"
                }
            }
        },
        {
            "name": "knob_2",
            "from": [
                13,
                6,
                6
            ],
            "to": [
                14,
                10,
                10
            ],
            "faces": {
                "north": {
                    "uv": [
                        8,
                        2,
                        8.5,
                        4
                    ],
                    "texture": "#0"
                },
                "east": {
                    "uv": [
                        8,
                        2,
                        10,
                        4
                    ],
                    "texture": "#0"
                },
                "south": {
                    "uv": [
                        9.5,
                        2,
                        10,
                        4
                    ],
                    "texture": "#0"
                },
                "up": {
                    "uv": [
                        8,
                        2,
                        10,
                        2.5
                    ],
                    "texture": "#0"
                },
                "down": {
                    "uv": [
                        8,
                        3.5,
                        10,
                        4
                    ],
                    "texture": "#0"
                }
            }
        }
    ],
    "display": {
        "thirdperson_righthand": {
            "rotation": [
                75,
                45,
                0
            ],
            "translation": [
                0,
                2.5,
                0
            ],
            "scale": [
                0.375,
                0.375,
                0.375
            ]
        },
        "thirdperson_lefthand": {
            "rotation": [
                75,
                45,
                0
            ],
            "translation": [
                0,
                2.5,
                0
            ],
            "scale": [
                0.375,
                0.375,
                0.375
            ]
        },
        "firstperson_righthand": {
            "rotation": [
                0,
                45,
                0
            ],
            "scale": [
                0.4,
                0.4,
                0.4
            ]
        },
        "firstperson_lefthand": {
            "rotation": [
                0,
                225,
                0
            ],
            "scale": [
                0.4,
                0.4,
                0.4
            ]
        },
        "ground": {
            "translation": [
                0,
                3,
                0
            ],
            "scale": [
                0.25,
                0.25,
                0.25
            ]
        },
        "gui": {
            "rotation": [
                30,
                225,
                0
            ],
            "scale": [
                0.625,
                0.625,
                0.625
            ]
        },
        "head": {
            "translation": [
                0,
                13.5,
                0
            ]
        },
        "fixed": {
            "scale": [
                0.5,
                0.5,
                0.5
            ]
        }
    }
}