{
    "credit": "Made by CyanideX using Blockbench",
    "parent": "block/block",
    "render_type": "minecraft:cutout",
    "textures": {
        "particle": "mekanism:blocks/factory/sawing/sawing_factory_front",
        "front": "mekanism:blocks/factory/sawing/sawing_factory_front",
        "back": "mekanism:blocks/factory/sawing/sawing_factory_back",
        "side": "mekanism:blocks/factory/sawing/sawing_factory_side",
        "top": "mekanism:blocks/factory/sawing/sawing_factory_top",
        "bottom": "mekanism:blocks/factory/sawing/sawing_factory_bottom",
        "ports": "mekanism:blocks/models/ports",
        "ports_led": "mekanism:blocks/models/ports_led"
    },
    "elements": [
        {
            "name": "front_panel",
            "from": [
                0,
                0,
                0
            ],
            "to": [
                16,
                16,
                4
            ],
            "rotation": {
                "angle": 0,
                "axis": "y",
                "origin": [
                    11,
                    16,
                    16
                ]
            },
            "faces": {
                "north": {
                    "uv": [
                        0,
                        0,
                        16,
                        16
                    ],
                    "texture": "#front",
                    "cullface": "north"
                },
                "east": {
                    "uv": [
                        4,
                        0,
                        0,
                        16
                    ],
                    "texture": "#side",
                    "cullface": "east"
                },
                "south": {
                    "uv": [
                        0,
                        0,
                        16,
                        16
                    ],
                    "rotation": 180,
                    "texture": "#bottom"
                },
                "west": {
                    "uv": [
                        0,
                        0,
                        4,
                        16
                    ],
                    "texture": "#side",
                    "cullface": "west"
                },
                "up": {
                    "uv": [
                        0,
                        12,
                        16,
                        16
                    ],
                    "rotation": 180,
                    "texture": "#top",
                    "cullface": "up"
                },
                "down": {
                    "uv": [
                        0,
                        0,
                        16,
                        4
                    ],
                    "rotation": 180,
                    "texture": "#bottom",
                    "cullface": "down"
                }
            }
        },
        {
            "name": "port",
            "from": [
                4,
                4,
                14.02
            ],
            "to": [
                12,
                12,
                16.02
            ],
            "faces": {
                "east": {
                    "uv": [
                        7,
                        0,
                        9,
                        8
                    ],
                    "texture": "#ports"
                },
                "south": {
                    "uv": [
                        0,
                        8,
                        8,
                        16
                    ],
                    "texture": "#ports",
                    "cullface": "south"
                },
                "west": {
                    "uv": [
                        7,
                        0,
                        9,
                        8
                    ],
                    "texture": "#ports"
                },
                "up": {
                    "uv": [
                        0,
                        7,
                        8,
                        9
                    ],
                    "texture": "#ports"
                },
                "down": {
                    "uv": [
                        0,
                        7,
                        8,
                        9
                    ],
                    "texture": "#ports",
                    "cullface": "south"
                }
            }
        },
        {
            "name": "port_led",
            "from": [
                4,
                4,
                16.02
            ],
            "to": [
                12,
                12,
                16.02
            ],
            "faces": {
                "south": {
                    "uv": [
                        8,
                        8,
                        16,
                        16
                    ],
                    "texture": "#ports_led",
                    "cullface": "south"
                }
            },
            "forge_data": {
                "block_light": 15,
                "sky_light": 15
            }
        },
        {
            "name": "saw2",
            "from": [
                0,
                5,
                5
            ],
            "to": [
                7,
                16,
                16
            ],
            "faces": {
                "north": {
                    "uv": [
                        9,
                        0,
                        16,
                        11
                    ],
                    "rotation": 180,
                    "texture": "#back"
                },
                "east": {
                    "uv": [
                        5,
                        0,
                        16,
                        11
                    ],
                    "texture": "#side"
                },
                "south": {
                    "uv": [
                        0,
                        0,
                        7,
                        11
                    ],
                    "texture": "#back",
                    "cullface": "south"
                },
                "west": {
                    "uv": [
                        5,
                        0,
                        16,
                        11
                    ],
                    "texture": "#side",
                    "cullface": "west"
                },
                "up": {
                    "uv": [
                        9,
                        0,
                        16,
                        11
                    ],
                    "rotation": 180,
                    "texture": "#top",
                    "cullface": "up"
                },
                "down": {
                    "uv": [
                        0,
                        0,
                        7,
                        11
                    ],
                    "rotation": 180,
                    "texture": "#back"
                }
            }
        },
        {
            "name": "saw1",
            "from": [
                9,
                5,
                5
            ],
            "to": [
                16,
                16,
                16
            ],
            "faces": {
                "north": {
                    "uv": [
                        0,
                        0,
                        7,
                        11
                    ],
                    "rotation": 180,
                    "texture": "#back"
                },
                "east": {
                    "uv": [
                        5,
                        0,
                        16,
                        11
                    ],
                    "texture": "#side",
                    "cullface": "east"
                },
                "south": {
                    "uv": [
                        9,
                        0,
                        16,
                        11
                    ],
                    "texture": "#back",
                    "cullface": "south"
                },
                "west": {
                    "uv": [
                        5,
                        0,
                        16,
                        11
                    ],
                    "texture": "#side"
                },
                "up": {
                    "uv": [
                        0,
                        0,
                        7,
                        11
                    ],
                    "rotation": 180,
                    "texture": "#top",
                    "cullface": "up"
                },
                "down": {
                    "uv": [
                        0,
                        0,
                        7,
                        11
                    ],
                    "rotation": 180,
                    "texture": "#back"
                }
            }
        },
        {
            "name": "base",
            "from": [
                0,
                0,
                4
            ],
            "to": [
                16,
                4,
                16
            ],
            "faces": {
                "east": {
                    "uv": [
                        16,
                        12,
                        4,
                        16
                    ],
                    "texture": "#side",
                    "cullface": "east"
                },
                "south": {
                    "uv": [
                        0,
                        12,
                        16,
                        16
                    ],
                    "texture": "#back",
                    "cullface": "south"
                },
                "west": {
                    "uv": [
                        4,
                        12,
                        16,
                        16
                    ],
                    "texture": "#side",
                    "cullface": "west"
                },
                "up": {
                    "uv": [
                        0,
                        4,
                        16,
                        16
                    ],
                    "texture": "#bottom"
                },
                "down": {
                    "uv": [
                        0,
                        4,
                        16,
                        16
                    ],
                    "rotation": 180,
                    "texture": "#bottom",
                    "cullface": "down"
                }
            }
        },
        {
            "name": "core",
            "from": [
                1,
                4,
                4
            ],
            "to": [
                15,
                15,
                15
            ],
            "faces": {
                "east": {
                    "uv": [
                        15,
                        1,
                        4,
                        12
                    ],
                    "texture": "#side"
                },
                "south": {
                    "uv": [
                        1,
                        1,
                        15,
                        12
                    ],
                    "texture": "#back"
                },
                "west": {
                    "uv": [
                        4,
                        1,
                        15,
                        12
                    ],
                    "texture": "#side"
                },
                "up": {
                    "uv": [
                        1,
                        1,
                        15,
                        12
                    ],
                    "rotation": 180,
                    "texture": "#top"
                }
            }
        },
        {
            "name": "front_panel_led",
            "from": [
                4.98,
                14.99,
                0.01
            ],
            "to": [
                11.02,
                15.99,
                1.01
            ],
            "rotation": {
                "angle": 0,
                "axis": "y",
                "origin": [
                    8,
                    16,
                    0
                ]
            },
            "faces": {
                "north": {
                    "uv": [
                        0,
                        0,
                        6,
                        1
                    ],
                    "texture": "#led",
                    "cullface": "north"
                },
                "up": {
                    "uv": [
                        0,
                        0,
                        6,
                        1
                    ],
                    "rotation": 180,
                    "texture": "#led",
                    "cullface": "up"
                }
            }
        }
    ]
}