{
  "forge_marker": 1,
  "defaults": {
    "model": "mekanism:factory/compressing",
    "textures": {
      "led": "mekanism:blocks/factory/front_led/advanced"
    }
  },
  "variants": {
    "facing": {
      "north": {},
      "south": {
        "y": 180
      },
      "east": {
        "y": 90
      },
      "west": {
        "y": -90
      }
    },
    "active": {
      "true": {
        "textures": {
          "led": "mekanism:blocks/factory/front_led/active/advanced",
          "front": "mekanism:blocks/factory/compressing/compressing_factory_front_active"
        }
      },
      "false": {}
    },
    "inventory": [
      {}
    ]
  }
}

