{
  "forge_marker": 1,
  "defaults": {
    "model": "mekanism:machine",
    "textures": {
      "sides": "mekanism:blocks/factory/elite/purifying/ElitePurifyingFactoryRight",
      "front": "mekanism:blocks/factory/elite/purifying/ElitePurifyingFactoryFront",
      "south": "mekanism:blocks/factory/elite/purifying/ElitePurifyingFactoryBack",
      "west": "mekanism:blocks/factory/elite/purifying/ElitePurifyingFactoryRight",
      "east": "mekanism:blocks/factory/elite/purifying/ElitePurifyingFactoryLeft",
      "up": "mekanism:blocks/factory/elite/purifying/ElitePurifyingFactoryTop",
      "down": "mekanism:blocks/factory/elite/EliteFactoryBottom"
    }
  },
  "variants": {
    "facing": {
      "north": {},
      "south": {
        "y": 180
      },
      "east": {
        "y": 90
      },
      "west": {
        "y": -90
      }
    },
    "active": {
      "true": {
        "textures": {
          "front": "mekanism:blocks/factory/elite/purifying/ElitePurifyingFactoryFrontOn",
          "south": "mekanism:blocks/factory/elite/purifying/ElitePurifyingFactoryBackOn",
          "west": "mekanism:blocks/factory/elite/purifying/ElitePurifyingFactoryRightOn",
          "east": "mekanism:blocks/factory/elite/purifying/ElitePurifyingFactoryLeftOn",
          "up": "mekanism:blocks/factory/elite/purifying/ElitePurifyingFactoryTopOn"
        }
      },
      "false": {}
    },
    "inventory": [
      {}
    ]
  }
}

