{
  "forge_marker": 1,
  "defaults": {
    "model": "minecraft:cube",
    "textures": {
      "particle": "actuallyadditions:blocks/block_treasure_chest",
      "down": "actuallyadditions:blocks/block_treasure_chest_top",
      "up": "actuallyadditions:blocks/block_treasure_chest_top",
      "south": "#particle",
      "north": "#particle",
      "east": "#particle",
      "west": "#particle"
    },
    "transform": "forge:default-block"
  },
  "variants": {
    "normal": [{}],
    "inventory": [{}],
    "facing": {
      "north": { "y" : 0 },
      "south": { "y" : 180 },
      "west": { "y" : 270 },
      "east": { "y" : 90 }
    }
  }
}