{
	"credit": "Made with Blockbench",
	"textures": {
		"particle": "actuallyadditions:blocks/base_texture",
		"base": "actuallyadditions:blocks/base_texture",
		"relay": "actuallyadditions:blocks/models/model_laser_relay"
	},
	"elements": [
		{
			"from": [1, 0, 1],
			"to": [15, 1, 15],
			"rotation": {"angle": 0, "axis": "y", "origin": [8, 0.5, 8]},
			"faces": {
				"north": {"uv": [1, 1, 15, 2], "rotation": 180, "texture": "#base"},
				"east": {"uv": [14, 1, 15, 15], "rotation": 90, "texture": "#base"},
				"south": {"uv": [1, 14, 15, 15], "texture": "#base"},
				"west": {"uv": [1, 1, 2, 15], "rotation": 270, "texture": "#base"},
				"up": {"uv": [1, 1, 15, 15], "texture": "#base"},
				"down": {"uv": [1, 1, 15, 15], "texture": "#base"}
			}
		},
		{
			"from": [4, 2, 4],
			"to": [12, 4, 12],
			"faces": {
				"north": {"uv": [5, 2, 9, 3], "texture": "#relay"},
				"east": {"uv": [5, 2, 9, 3], "texture": "#relay"},
				"south": {"uv": [5, 2, 9, 3], "texture": "#relay"},
				"west": {"uv": [5, 2, 9, 3], "texture": "#relay"},
				"up": {"uv": [3, 6.5, 7, 10.5], "texture": "#relay"},
				"down": {"uv": [4, 4, 12, 12], "texture": "#relay"}
			}
		},
		{
			"from": [6, 4, 6],
			"to": [7, 6, 7],
			"faces": {
				"north": {"uv": [4, 7.5, 4.5, 8], "texture": "#relay"},
				"east": {"uv": [4, 7.5, 4.5, 8], "texture": "#relay"},
				"south": {"uv": [4, 7.5, 4.5, 8], "texture": "#relay"},
				"west": {"uv": [4, 7.5, 4.5, 8], "texture": "#relay"},
				"up": {"uv": [4, 7.5, 4.5, 8], "texture": "#relay"},
				"down": {"uv": [4, 7.5, 4.5, 8], "texture": "#relay"}
			}
		},
		{
			"from": [9, 4, 9],
			"to": [10, 6, 10],
			"faces": {
				"north": {"uv": [5.5, 9, 6, 9.5], "texture": "#relay"},
				"east": {"uv": [5.5, 9, 6, 9.5], "texture": "#relay"},
				"south": {"uv": [5.5, 9, 6, 9.5], "texture": "#relay"},
				"west": {"uv": [5.5, 9, 6, 9.5], "texture": "#relay"},
				"up": {"uv": [5.5, 9, 6, 9.5], "texture": "#relay"},
				"down": {"uv": [5.5, 9, 6, 9.5], "texture": "#relay"}
			}
		},
		{
			"from": [6, 4, 9],
			"to": [7, 6, 10],
			"faces": {
				"north": {"uv": [4, 9, 4.5, 9.5], "texture": "#relay"},
				"east": {"uv": [4, 9, 4.5, 9.5], "texture": "#relay"},
				"south": {"uv": [4, 9, 4.5, 9.5], "texture": "#relay"},
				"west": {"uv": [4, 9, 4.5, 9.5], "texture": "#relay"},
				"up": {"uv": [4, 9, 4.5, 9.5], "texture": "#relay"},
				"down": {"uv": [4, 9, 4.5, 9.5], "texture": "#relay"}
			}
		},
		{
			"from": [3, 1, 12],
			"to": [4, 5, 13],
			"rotation": {"angle": 0, "axis": "y", "origin": [5, 8, 11]},
			"faces": {
				"north": {"uv": [4.5, 4.5, 5, 6.5], "rotation": 180, "texture": "#relay"},
				"east": {"uv": [4.5, 4.5, 5, 6.5], "rotation": 180, "texture": "#relay"},
				"south": {"uv": [4.5, 4.5, 5, 6.5], "rotation": 180, "texture": "#relay"},
				"west": {"uv": [4.5, 4.5, 5, 6.5], "rotation": 180, "texture": "#relay"},
				"up": {"uv": [4.5, 4.5, 5, 5], "rotation": 180, "texture": "#relay"},
				"down": {"uv": [6, 6, 7, 7], "texture": "#missing"}
			}
		},
		{
			"from": [12, 1, 12],
			"to": [13, 5, 13],
			"rotation": {"angle": 0, "axis": "y", "origin": [14, 8, 11]},
			"faces": {
				"north": {"uv": [4.5, 4.5, 5, 6.5], "rotation": 180, "texture": "#relay"},
				"east": {"uv": [4.5, 4.5, 5, 6.5], "rotation": 180, "texture": "#relay"},
				"south": {"uv": [4.5, 4.5, 5, 6.5], "rotation": 180, "texture": "#relay"},
				"west": {"uv": [4.5, 4.5, 5, 6.5], "rotation": 180, "texture": "#relay"},
				"up": {"uv": [4.5, 4.5, 5, 5], "rotation": 180, "texture": "#relay"},
				"down": {"uv": [6, 6, 7, 7], "texture": "#missing"}
			}
		},
		{
			"from": [3, 1, 3],
			"to": [4, 5, 4],
			"rotation": {"angle": 0, "axis": "y", "origin": [5, 8, 2]},
			"faces": {
				"north": {"uv": [0, 4.5, 0.5, 6.5], "rotation": 180, "texture": "#relay"},
				"east": {"uv": [0, 4.5, 0.5, 6.5], "rotation": 180, "texture": "#relay"},
				"south": {"uv": [0, 4.5, 0.5, 6.5], "rotation": 180, "texture": "#relay"},
				"west": {"uv": [0, 4.5, 0.5, 6.5], "rotation": 180, "texture": "#relay"},
				"up": {"uv": [0, 6, 0.5, 6.5], "rotation": 180, "texture": "#relay"},
				"down": {"uv": [6, 6, 7, 7], "texture": "#relay"}
			}
		},
		{
			"from": [12, 1, 3],
			"to": [13, 5, 4],
			"rotation": {"angle": 0, "axis": "y", "origin": [14, 8, 2]},
			"faces": {
				"north": {"uv": [0, 4.5, 0.5, 6.5], "rotation": 180, "texture": "#relay"},
				"east": {"uv": [0, 4.5, 0.5, 6.5], "rotation": 180, "texture": "#relay"},
				"south": {"uv": [0, 4.5, 0.5, 6.5], "rotation": 180, "texture": "#relay"},
				"west": {"uv": [0, 4.5, 0.5, 6.5], "rotation": 180, "texture": "#relay"},
				"up": {"uv": [0, 6, 0.5, 6.5], "rotation": 180, "texture": "#relay"},
				"down": {"uv": [6, 6, 7, 7], "texture": "#relay"}
			}
		},
		{
			"from": [3, 4, 4],
			"to": [4, 5, 12],
			"rotation": {"angle": 0, "axis": "y", "origin": [5, 8, 2]},
			"faces": {
				"north": {"uv": [15, 14, 16, 16], "texture": "#relay"},
				"east": {"uv": [0.5, 4.5, 4.5, 5], "rotation": 180, "texture": "#relay"},
				"south": {"uv": [15, 14, 16, 16], "texture": "#relay"},
				"west": {"uv": [0.5, 4.5, 4.5, 5], "texture": "#relay"},
				"up": {"uv": [0.5, 4.5, 4.5, 5], "rotation": 90, "texture": "#relay"},
				"down": {"uv": [0.5, 4.5, 4.5, 5], "rotation": 270, "texture": "#relay"}
			}
		},
		{
			"from": [3, 1, 4],
			"to": [4, 2, 12],
			"rotation": {"angle": 0, "axis": "y", "origin": [5, 5, 2]},
			"faces": {
				"north": {"uv": [15, 14, 16, 16], "texture": "#relay"},
				"east": {"uv": [15, 14, 16, 16], "texture": "#relay"},
				"south": {"uv": [15, 14, 16, 16], "texture": "#relay"},
				"west": {"uv": [0.5, 6, 4.5, 6.5], "texture": "#relay"},
				"up": {"uv": [0.5, 6, 4.5, 6.5], "rotation": 90, "texture": "#relay"},
				"down": {"uv": [6, 6, 7, 7], "texture": "#relay"}
			}
		},
		{
			"from": [12, 4, 4],
			"to": [13, 5, 12],
			"rotation": {"angle": 0, "axis": "y", "origin": [14, 8, 2]},
			"faces": {
				"north": {"uv": [15, 14, 16, 16], "texture": "#relay"},
				"east": {"uv": [0.5, 4.5, 4.5, 5], "rotation": 180, "texture": "#relay"},
				"south": {"uv": [15, 14, 16, 16], "texture": "#relay"},
				"west": {"uv": [0.5, 4.5, 4.5, 5], "texture": "#relay"},
				"up": {"uv": [0.5, 4.5, 4.5, 5], "rotation": 90, "texture": "#relay"},
				"down": {"uv": [0.5, 4.5, 4.5, 5], "rotation": 270, "texture": "#relay"}
			}
		},
		{
			"from": [12, 1, 4],
			"to": [13, 2, 12],
			"rotation": {"angle": 0, "axis": "y", "origin": [14, 5, 2]},
			"faces": {
				"north": {"uv": [15, 14, 16, 16], "texture": "#relay"},
				"east": {"uv": [0.5, 6, 4.5, 6.5], "texture": "#relay"},
				"south": {"uv": [15, 14, 16, 16], "texture": "#relay"},
				"west": {"uv": [15, 14, 16, 16], "texture": "#relay"},
				"up": {"uv": [0.5, 6, 4.5, 6.5], "rotation": 270, "texture": "#relay"},
				"down": {"uv": [6, 6, 7, 7], "texture": "#relay"}
			}
		},
		{
			"from": [4, 4, 12],
			"to": [12, 5, 13],
			"rotation": {"angle": 0, "axis": "y", "origin": [14, 8, 2]},
			"faces": {
				"north": {"uv": [0.5, 3, 4.5, 3.5], "rotation": 180, "texture": "#relay"},
				"east": {"uv": [15, 14, 16, 16], "texture": "#missing"},
				"south": {"uv": [0.5, 3, 4.5, 3.5], "texture": "#relay"},
				"west": {"uv": [15, 14, 16, 16], "texture": "#missing"},
				"up": {"uv": [0.5, 3, 4.5, 3.5], "texture": "#relay"},
				"down": {"uv": [0.5, 3, 4.5, 3.5], "texture": "#relay"}
			}
		},
		{
			"from": [4, 4, 3],
			"to": [12, 5, 4],
			"rotation": {"angle": 0, "axis": "y", "origin": [14, 8, -7]},
			"faces": {
				"north": {"uv": [0.5, 3, 4.5, 3.5], "rotation": 180, "texture": "#relay"},
				"east": {"uv": [15, 14, 16, 16], "texture": "#missing"},
				"south": {"uv": [0.5, 3, 4.5, 3.5], "texture": "#relay"},
				"west": {"uv": [15, 14, 16, 16], "texture": "#missing"},
				"up": {"uv": [0.5, 3, 4.5, 3.5], "texture": "#relay"},
				"down": {"uv": [0.5, 3, 4.5, 3.5], "texture": "#relay"}
			}
		},
		{
			"from": [4, 1, 12],
			"to": [12, 2, 13],
			"rotation": {"angle": 0, "axis": "y", "origin": [14, 5, 2]},
			"faces": {
				"north": {"uv": [15, 14, 16, 16], "texture": "#relay"},
				"east": {"uv": [15, 14, 16, 16], "texture": "#relay"},
				"south": {"uv": [0.5, 4.5, 4.5, 5], "texture": "#relay"},
				"west": {"uv": [15, 14, 16, 16], "texture": "#relay"},
				"up": {"uv": [0.5, 4.5, 4.5, 5], "texture": "#relay"},
				"down": {"uv": [6, 6, 7, 7], "texture": "#relay"}
			}
		},
		{
			"from": [4, 1, 3],
			"to": [12, 2, 4],
			"rotation": {"angle": 0, "axis": "y", "origin": [14, 5, -7]},
			"faces": {
				"north": {"uv": [0.5, 4.5, 4.5, 5], "rotation": 180, "texture": "#relay"},
				"east": {"uv": [15, 14, 16, 16], "texture": "#relay"},
				"south": {"uv": [0.5, 4.5, 4.5, 5], "texture": "#relay"},
				"west": {"uv": [15, 14, 16, 16], "texture": "#relay"},
				"up": {"uv": [0.5, 4.5, 4.5, 5], "texture": "#relay"},
				"down": {"uv": [6, 6, 7, 7], "texture": "#relay"}
			}
		},
		{
			"from": [9, 4, 6],
			"to": [10, 6, 7],
			"faces": {
				"north": {"uv": [5.5, 7.5, 6, 8], "texture": "#relay"},
				"east": {"uv": [5.5, 7.5, 6, 8], "texture": "#relay"},
				"south": {"uv": [5.5, 7.5, 6, 8], "texture": "#relay"},
				"west": {"uv": [5.5, 7.5, 6, 8], "texture": "#relay"},
				"up": {"uv": [5.5, 7.5, 6, 8], "texture": "#relay"},
				"down": {"uv": [5.5, 7.5, 6, 8], "texture": "#relay"}
			}
		},
		{
			"from": [8, 4, 7],
			"to": [11, 4.5, 9],
			"rotation": {"angle": -45, "axis": "z", "origin": [9.5, 4.25, 8]},
			"faces": {
				"north": {"uv": [5.5, 7.5, 6, 8], "texture": "#relay"},
				"east": {"uv": [5.5, 8, 6, 9], "rotation": 90, "texture": "#relay"},
				"south": {"uv": [5.5, 7.5, 6, 8], "texture": "#relay"},
				"west": {"uv": [5.5, 7.5, 6, 8], "texture": "#relay"},
				"up": {"uv": [5.5, 8, 6, 9], "texture": "#relay"},
				"down": {"uv": [5.5, 7.5, 6, 8], "texture": "#relay"}
			}
		},
		{
			"from": [5, 4, 7],
			"to": [8, 4.5, 9],
			"rotation": {"angle": 45, "axis": "z", "origin": [6.5, 4.25, 8]},
			"faces": {
				"north": {"uv": [4, 8, 4.5, 9], "texture": "#relay"},
				"east": {"uv": [4, 8, 4.5, 9], "texture": "#relay"},
				"south": {"uv": [4, 8, 4.5, 9], "texture": "#relay"},
				"west": {"uv": [4, 8, 4.5, 9], "rotation": 270, "texture": "#relay"},
				"up": {"uv": [4, 8, 4.5, 9], "texture": "#relay"},
				"down": {"uv": [4, 8, 4.5, 9], "texture": "#relay"}
			}
		},
		{
			"from": [7, 2.75, 6.25],
			"to": [9, 5.75, 6.75],
			"rotation": {"angle": 45, "axis": "x", "origin": [8, 4.25, 6.5]},
			"faces": {
				"north": {"uv": [4.5, 7.5, 5.5, 8], "rotation": 180, "texture": "#relay"},
				"east": {"uv": [4.5, 9, 5.5, 9.5], "rotation": 270, "texture": "#relay"},
				"south": {"uv": [4.5, 9, 5.5, 9.5], "rotation": 180, "texture": "#relay"},
				"west": {"uv": [4.5, 9, 5.5, 9.5], "rotation": 90, "texture": "#relay"},
				"up": {"uv": [4.5, 9, 5.5, 9.5], "rotation": 180, "texture": "#relay"},
				"down": {"uv": [4.5, 9, 5.5, 9.5], "rotation": 180, "texture": "#relay"}
			}
		},
		{
			"from": [7, 4, 8],
			"to": [9, 4.5, 11],
			"rotation": {"angle": 45, "axis": "x", "origin": [8, 4.25, 9.5]},
			"faces": {
				"north": {"uv": [4.5, 9, 5.5, 9.5], "texture": "#relay"},
				"east": {"uv": [4.5, 9, 5.5, 9.5], "rotation": 180, "texture": "#relay"},
				"south": {"uv": [4.5, 9, 5.5, 9.5], "texture": "#relay"},
				"west": {"uv": [4.5, 9, 5.5, 9.5], "rotation": 180, "texture": "#relay"},
				"up": {"uv": [4.5, 9, 5.5, 9.5], "texture": "#relay"},
				"down": {"uv": [4.5, 9, 5.5, 9.5], "rotation": 180, "texture": "#relay"}
			}
		},
		{
			"from": [7, 4, 7],
			"to": [9, 6, 9],
			"faces": {
				"north": {"uv": [4.5, 8, 5.5, 9], "texture": "#relay"},
				"east": {"uv": [4.5, 8, 5.5, 9], "texture": "#relay"},
				"south": {"uv": [4.5, 8, 5.5, 9], "texture": "#relay"},
				"west": {"uv": [4.5, 8, 5.5, 9], "texture": "#relay"},
				"up": {"uv": [4.5, 8, 5.5, 9], "texture": "#relay"},
				"down": {"uv": [4.5, 8, 5.5, 9], "texture": "#relay"}
			}
		},
		{
			"from": [7, 6, 7],
			"to": [9, 10, 9],
			"faces": {
				"north": {"uv": [1, 6.5, 2, 8.5], "texture": "#relay"},
				"east": {"uv": [1, 6.5, 2, 8.5], "texture": "#relay"},
				"south": {"uv": [1, 6.5, 2, 8.5], "texture": "#relay"},
				"west": {"uv": [1, 6.5, 2, 8.5], "texture": "#relay"},
				"up": {"uv": [1, 6.5, 2, 7.5], "rotation": 90, "texture": "#relay"},
				"down": {"uv": [1, 6.5, 2, 7.5], "texture": "#relay"}
			}
		},
		{
			"from": [6.5, 5, 7],
			"to": [7, 6, 9],
			"rotation": {"angle": 0, "axis": "y", "origin": [14, 13, 15]},
			"faces": {
				"north": {"uv": [4, 2.5, 4.5, 3], "texture": "#relay"},
				"east": {"uv": [4, 2, 4.5, 3], "rotation": 270, "texture": "#relay"},
				"south": {"uv": [4, 2, 4.5, 2.5], "texture": "#relay"},
				"west": {"uv": [4, 2, 4.5, 3], "rotation": 90, "texture": "#relay"},
				"up": {"uv": [4, 2, 4.5, 3], "rotation": 180, "texture": "#relay"},
				"down": {"uv": [4, 2, 4.5, 3], "texture": "#relay"}
			}
		},
		{
			"from": [6.5, 7, 7],
			"to": [7, 7.5, 9],
			"rotation": {"angle": 0, "axis": "y", "origin": [14, 15, 15]},
			"faces": {
				"north": {"uv": [4, 2.5, 4.5, 3], "texture": "#relay"},
				"east": {"uv": [4, 2, 4.5, 3], "rotation": 270, "texture": "#relay"},
				"south": {"uv": [4, 2, 4.5, 2.5], "texture": "#relay"},
				"west": {"uv": [4, 2, 4.5, 3], "rotation": 90, "texture": "#relay"},
				"up": {"uv": [4, 2, 4.5, 3], "rotation": 180, "texture": "#relay"},
				"down": {"uv": [4, 2, 4.5, 3], "texture": "#relay"}
			}
		},
		{
			"from": [6.5, 9, 7],
			"to": [7, 9.5, 9],
			"rotation": {"angle": 0, "axis": "y", "origin": [14, 17, 15]},
			"faces": {
				"north": {"uv": [4, 2.5, 4.5, 3], "texture": "#relay"},
				"east": {"uv": [4, 2, 4.5, 3], "rotation": 270, "texture": "#relay"},
				"south": {"uv": [4, 2, 4.5, 2.5], "texture": "#relay"},
				"west": {"uv": [4, 2, 4.5, 3], "rotation": 90, "texture": "#relay"},
				"up": {"uv": [4, 2, 4.5, 3], "rotation": 180, "texture": "#relay"},
				"down": {"uv": [4, 2, 4.5, 3], "texture": "#relay"}
			}
		},
		{
			"from": [9, 5, 7],
			"to": [9.5, 6, 9],
			"rotation": {"angle": 0, "axis": "y", "origin": [16, 13, 15]},
			"faces": {
				"north": {"uv": [4, 2.5, 4.5, 3], "texture": "#relay"},
				"east": {"uv": [4, 2, 4.5, 3], "rotation": 270, "texture": "#relay"},
				"south": {"uv": [4, 2, 4.5, 2.5], "texture": "#relay"},
				"west": {"uv": [4, 2, 4.5, 3], "rotation": 90, "texture": "#relay"},
				"up": {"uv": [4, 2, 4.5, 3], "rotation": 180, "texture": "#relay"},
				"down": {"uv": [4, 2, 4.5, 3], "texture": "#relay"}
			}
		},
		{
			"from": [9, 7, 7],
			"to": [9.5, 7.5, 9],
			"rotation": {"angle": 0, "axis": "y", "origin": [16, 15, 15]},
			"faces": {
				"north": {"uv": [4, 2.5, 4.5, 3], "texture": "#relay"},
				"east": {"uv": [4, 2, 4.5, 3], "rotation": 270, "texture": "#relay"},
				"south": {"uv": [4, 2, 4.5, 2.5], "texture": "#relay"},
				"west": {"uv": [4, 2, 4.5, 3], "rotation": 90, "texture": "#relay"},
				"up": {"uv": [4, 2, 4.5, 3], "rotation": 180, "texture": "#relay"},
				"down": {"uv": [4, 2, 4.5, 3], "texture": "#relay"}
			}
		},
		{
			"from": [9, 9, 7],
			"to": [9.5, 9.5, 9],
			"rotation": {"angle": 0, "axis": "y", "origin": [16, 17, 15]},
			"faces": {
				"north": {"uv": [4, 2.5, 4.5, 3], "texture": "#relay"},
				"east": {"uv": [4, 2, 4.5, 3], "rotation": 270, "texture": "#relay"},
				"south": {"uv": [4, 2, 4.5, 2.5], "texture": "#relay"},
				"west": {"uv": [4, 2, 4.5, 3], "rotation": 90, "texture": "#relay"},
				"up": {"uv": [4, 2, 4.5, 3], "rotation": 180, "texture": "#relay"},
				"down": {"uv": [4, 2, 4.5, 3], "texture": "#relay"}
			}
		},
		{
			"from": [7, 5, 6.5],
			"to": [9, 6, 7],
			"rotation": {"angle": 0, "axis": "y", "origin": [16, 13, 14]},
			"faces": {
				"north": {"uv": [4, 2.5, 4.5, 3], "texture": "#relay"},
				"east": {"uv": [4, 2.5, 4.5, 3], "texture": "#relay"},
				"south": {"uv": [4, 2.5, 4.5, 3], "texture": "#relay"},
				"west": {"uv": [4, 2.5, 4.5, 3], "texture": "#relay"},
				"up": {"uv": [4, 2.5, 4.5, 3], "texture": "#relay"},
				"down": {"uv": [4, 2.5, 4.5, 3], "texture": "#relay"}
			}
		},
		{
			"from": [7, 7, 6.5],
			"to": [9, 7.5, 7],
			"rotation": {"angle": 0, "axis": "y", "origin": [16, 15, 14]},
			"faces": {
				"north": {"uv": [4, 2.5, 4.5, 3], "texture": "#relay"},
				"east": {"uv": [4, 2.5, 4.5, 3], "texture": "#relay"},
				"south": {"uv": [4, 2.5, 4.5, 3], "texture": "#relay"},
				"west": {"uv": [4, 2.5, 4.5, 3], "texture": "#relay"},
				"up": {"uv": [4, 2.5, 4.5, 3], "texture": "#relay"},
				"down": {"uv": [4, 2.5, 4.5, 3], "texture": "#relay"}
			}
		},
		{
			"from": [7, 9, 6.5],
			"to": [9, 9.5, 7],
			"rotation": {"angle": 0, "axis": "y", "origin": [16, 17, 14]},
			"faces": {
				"north": {"uv": [4, 2.5, 4.5, 3], "texture": "#relay"},
				"east": {"uv": [4, 2.5, 4.5, 3], "texture": "#relay"},
				"south": {"uv": [4, 2.5, 4.5, 3], "texture": "#relay"},
				"west": {"uv": [4, 2.5, 4.5, 3], "texture": "#relay"},
				"up": {"uv": [4, 2.5, 4.5, 3], "texture": "#relay"},
				"down": {"uv": [4, 2.5, 4.5, 3], "texture": "#relay"}
			}
		},
		{
			"from": [7, 5, 9],
			"to": [9, 6, 9.5],
			"rotation": {"angle": 0, "axis": "y", "origin": [16, 13, 17]},
			"faces": {
				"north": {"uv": [4, 2, 4.5, 2.5], "texture": "#relay"},
				"east": {"uv": [4, 2, 4.5, 2.5], "texture": "#relay"},
				"south": {"uv": [4, 2, 4.5, 2.5], "texture": "#relay"},
				"west": {"uv": [4, 2, 4.5, 2.5], "texture": "#relay"},
				"up": {"uv": [4, 2, 4.5, 2.5], "texture": "#relay"},
				"down": {"uv": [4, 2, 4.5, 2.5], "texture": "#relay"}
			}
		},
		{
			"from": [7, 7, 9],
			"to": [9, 7.5, 9.5],
			"rotation": {"angle": 0, "axis": "y", "origin": [16, 15, 17]},
			"faces": {
				"north": {"uv": [4, 2, 4.5, 2.5], "texture": "#relay"},
				"east": {"uv": [4, 2, 4.5, 2.5], "texture": "#relay"},
				"south": {"uv": [4, 2, 4.5, 2.5], "texture": "#relay"},
				"west": {"uv": [4, 2, 4.5, 2.5], "texture": "#relay"},
				"up": {"uv": [4, 2, 4.5, 2.5], "texture": "#relay"},
				"down": {"uv": [4, 2, 4.5, 2.5], "texture": "#relay"}
			}
		},
		{
			"from": [7, 9, 9],
			"to": [9, 9.5, 9.5],
			"rotation": {"angle": 0, "axis": "y", "origin": [16, 17, 17]},
			"faces": {
				"north": {"uv": [4, 2, 4.5, 2.5], "texture": "#relay"},
				"east": {"uv": [4, 2, 4.5, 2.5], "texture": "#relay"},
				"south": {"uv": [4, 2, 4.5, 2.5], "texture": "#relay"},
				"west": {"uv": [4, 2, 4.5, 2.5], "texture": "#relay"},
				"up": {"uv": [4, 2, 4.5, 2.5], "texture": "#relay"},
				"down": {"uv": [4, 2, 4.5, 2.5], "texture": "#relay"}
			}
		}
	],
	"display": {
		"thirdperson_righthand": {
			"rotation": [75, 45, 0],
			"translation": [0, 2.5, 0],
			"scale": [0.375, 0.375, 0.375]
		},
		"thirdperson_lefthand": {
			"rotation": [75, 45, 0],
			"translation": [0, 2.5, 0],
			"scale": [0.375, 0.375, 0.375]
		},
		"firstperson_righthand": {
			"rotation": [0, 45, 0],
			"scale": [0.4, 0.4, 0.4]
		},
		"firstperson_lefthand": {
			"rotation": [0, 225, 0],
			"scale": [0.4, 0.4, 0.4]
		},
		"ground": {
			"translation": [0, 3, 0],
			"scale": [0.25, 0.25, 0.25]
		},
		"gui": {
			"rotation": [30, 225, 0],
			"scale": [0.625, 0.625, 0.625]
		},
		"fixed": {
			"scale": [0.5, 0.5, 0.5]
		}
	}
}