{
	"credit": "Made with Blockbench",
	"textures": {
		"particle": "actuallyadditions:blocks/base_texture",
		"base": "actuallyadditions:blocks/base_texture",
		"main": "actuallyadditions:blocks/block_firework_box_top",
		"animation": "actuallyadditions:blocks/block_ranged_collector"
	},
	"elements": [
		{
			"from": [0, 0, 0],
			"to": [1, 1, 16],
			"faces": {
				"north": {"uv": [15, 0, 16, 1], "texture": "#base"},
				"east": {"uv": [15, 0, 16, 16], "rotation": 270, "texture": "#base"},
				"south": {"uv": [0, 0, 1, 1], "texture": "#base"},
				"west": {"uv": [15, 0, 16, 16], "rotation": 90, "texture": "#base"},
				"up": {"uv": [15, 0, 16, 16], "rotation": 180, "texture": "#base"},
				"down": {"uv": [15, 0, 16, 16], "texture": "#base"}
			}
		},
		{
			"from": [1, 0, 15],
			"to": [15, 1, 16],
			"rotation": {"angle": 0, "axis": "y", "origin": [9, 8, 23]},
			"faces": {
				"north": {"uv": [1, 0, 15, 1], "rotation": 180, "texture": "#base"},
				"east": {"uv": [0, 0, 1, 1], "texture": "#base"},
				"south": {"uv": [1, 15, 15, 16], "texture": "#base"},
				"west": {"uv": [0, 0, 1, 1], "texture": "#base"},
				"up": {"uv": [1, 15, 15, 16], "texture": "#base"},
				"down": {"uv": [1, 15, 15, 16], "texture": "#base"}
			}
		},
		{
			"from": [15, 0, 0],
			"to": [16, 1, 16],
			"rotation": {"angle": 0, "axis": "y", "origin": [23, 8, 8]},
			"faces": {
				"north": {"uv": [0, 0, 1, 1], "texture": "#base"},
				"east": {"uv": [0, 0, 1, 16], "rotation": 90, "texture": "#base"},
				"south": {"uv": [15, 0, 16, 1], "texture": "#base"},
				"west": {"uv": [15, 0, 16, 16], "rotation": 270, "texture": "#base"},
				"up": {"uv": [0, 0, 1, 16], "texture": "#base"},
				"down": {"uv": [0, 0, 1, 16], "rotation": 180, "texture": "#base"}
			}
		},
		{
			"from": [1, 0, 0],
			"to": [15, 1, 1],
			"rotation": {"angle": 0, "axis": "y", "origin": [9, 8, 8]},
			"faces": {
				"north": {"uv": [1, 15, 15, 16], "texture": "#base"},
				"east": {"uv": [0, 0, 1, 1], "texture": "#base"},
				"south": {"uv": [1, 0, 15, 1], "rotation": 180, "texture": "#base"},
				"west": {"uv": [0, 0, 1, 1], "texture": "#base"},
				"up": {"uv": [1, 15, 15, 16], "rotation": 180, "texture": "#base"},
				"down": {"uv": [1, 15, 15, 16], "rotation": 180, "texture": "#base"}
			}
		},
		{
			"from": [0, 15, 0],
			"to": [1, 16, 16],
			"rotation": {"angle": 0, "axis": "y", "origin": [8, 23, 8]},
			"faces": {
				"north": {"uv": [15, 0, 16, 1], "texture": "#base"},
				"east": {"uv": [15, 0, 16, 16], "rotation": 270, "texture": "#base"},
				"south": {"uv": [0, 0, 1, 1], "texture": "#base"},
				"west": {"uv": [15, 0, 16, 16], "rotation": 90, "texture": "#base"},
				"up": {"uv": [15, 0, 16, 16], "rotation": 180, "texture": "#base"},
				"down": {"uv": [15, 0, 16, 16], "texture": "#base"}
			}
		},
		{
			"from": [15, 15, 0],
			"to": [16, 16, 16],
			"rotation": {"angle": 0, "axis": "y", "origin": [23, 23, 8]},
			"faces": {
				"north": {"uv": [0, 0, 1, 1], "texture": "#base"},
				"east": {"uv": [15, 0, 16, 16], "rotation": 90, "texture": "#base"},
				"south": {"uv": [15, 0, 16, 1], "texture": "#base"},
				"west": {"uv": [15, 0, 16, 16], "rotation": 270, "texture": "#base"},
				"up": {"uv": [15, 0, 16, 16], "texture": "#base"},
				"down": {"uv": [15, 0, 16, 16], "rotation": 180, "texture": "#base"}
			}
		},
		{
			"from": [1, 15, 0],
			"to": [15, 16, 1],
			"rotation": {"angle": 0, "axis": "y", "origin": [9, 23, 8]},
			"faces": {
				"north": {"uv": [1, 0, 15, 1], "texture": "#base"},
				"east": {"uv": [0, 0, 1, 1], "texture": "#base"},
				"south": {"uv": [1, 0, 15, 1], "rotation": 180, "texture": "#base"},
				"west": {"uv": [0, 0, 1, 1], "texture": "#base"},
				"up": {"uv": [1, 0, 15, 1], "rotation": 180, "texture": "#base"},
				"down": {"uv": [1, 0, 15, 1], "rotation": 180, "texture": "#base"}
			}
		},
		{
			"from": [1, 15, 15],
			"to": [15, 16, 16],
			"rotation": {"angle": 0, "axis": "y", "origin": [9, 23, 23]},
			"faces": {
				"north": {"uv": [1, 0, 15, 1], "rotation": 180, "texture": "#base"},
				"east": {"uv": [0, 0, 1, 1], "texture": "#base"},
				"south": {"uv": [1, 0, 15, 1], "texture": "#base"},
				"west": {"uv": [0, 0, 1, 1], "texture": "#base"},
				"up": {"uv": [1, 0, 15, 1], "texture": "#base"},
				"down": {"uv": [1, 0, 15, 1], "texture": "#base"}
			}
		},
		{
			"from": [0, 1, 15],
			"to": [1, 15, 16],
			"rotation": {"angle": 0, "axis": "y", "origin": [8, 9, 23]},
			"faces": {
				"north": {"uv": [0, 1, 1, 15], "texture": "#base"},
				"east": {"uv": [0, 1, 1, 15], "texture": "#base"},
				"south": {"uv": [0, 1, 1, 15], "texture": "#base"},
				"west": {"uv": [0, 1, 1, 15], "texture": "#base"},
				"up": {"uv": [0, 0, 1, 1], "texture": "#base"},
				"down": {"uv": [0, 0, 1, 1], "texture": "#base"}
			}
		},
		{
			"from": [15, 1, 15],
			"to": [16, 15, 16],
			"rotation": {"angle": 0, "axis": "y", "origin": [23, 9, 23]},
			"faces": {
				"north": {"uv": [15, 1, 16, 15], "texture": "#base"},
				"east": {"uv": [15, 1, 16, 15], "texture": "#base"},
				"south": {"uv": [15, 1, 16, 15], "texture": "#base"},
				"west": {"uv": [15, 1, 16, 15], "texture": "#base"},
				"up": {"uv": [0, 0, 1, 1], "texture": "#base"},
				"down": {"uv": [0, 0, 1, 1], "texture": "#base"}
			}
		},
		{
			"from": [15, 1, 0],
			"to": [16, 15, 1],
			"rotation": {"angle": 0, "axis": "y", "origin": [23, 9, 8]},
			"faces": {
				"north": {"uv": [0, 1, 1, 15], "texture": "#base"},
				"east": {"uv": [0, 1, 1, 15], "texture": "#base"},
				"south": {"uv": [0, 1, 1, 15], "texture": "#base"},
				"west": {"uv": [0, 1, 1, 15], "texture": "#base"},
				"up": {"uv": [0, 0, 1, 1], "texture": "#base"},
				"down": {"uv": [0, 0, 1, 1], "texture": "#base"}
			}
		},
		{
			"from": [0, 1, 0],
			"to": [1, 15, 1],
			"rotation": {"angle": 0, "axis": "y", "origin": [8, 9, 8]},
			"faces": {
				"north": {"uv": [15, 1, 16, 15], "texture": "#base"},
				"east": {"uv": [15, 1, 16, 15], "texture": "#base"},
				"south": {"uv": [15, 1, 16, 15], "texture": "#base"},
				"west": {"uv": [15, 1, 16, 15], "texture": "#base"},
				"up": {"uv": [0, 0, 1, 1], "texture": "#base"},
				"down": {"uv": [0, 0, 1, 1], "texture": "#base"}
			}
		},
		{
			"from": [1, 1, 4],
			"to": [2, 4, 12],
			"rotation": {"angle": 0, "axis": "y", "origin": [1.5, 8, 8]},
			"faces": {
				"north": {"uv": [4, 2, 12, 4], "rotation": 90, "texture": "#main"},
				"east": {"uv": [0, 0, 2, 12], "rotation": 180, "texture": "#main"},
				"south": {"uv": [12, 2, 13, 14], "texture": "#main"},
				"west": {"uv": [4, 12, 12, 15], "texture": "#main"},
				"up": {"uv": [4, 12, 12, 13], "rotation": 90, "texture": "#main"},
				"down": {"uv": [4, 3, 12, 4], "rotation": 270, "texture": "#main"}
			}
		},
		{
			"from": [14, 1, 4],
			"to": [15, 4, 12],
			"rotation": {"angle": 0, "axis": "y", "origin": [14, 8, 0.5]},
			"faces": {
				"north": {"uv": [12, 2, 13, 14], "texture": "#main"},
				"east": {"uv": [4, 12, 12, 15], "texture": "#main"},
				"south": {"uv": [4, 2, 12, 4], "rotation": 90, "texture": "#main"},
				"west": {"uv": [0, 0, 2, 12], "rotation": 180, "texture": "#main"},
				"up": {"uv": [4, 12, 12, 13], "rotation": 270, "texture": "#main"},
				"down": {"uv": [4, 3, 12, 4], "rotation": 90, "texture": "#main"}
			}
		},
		{
			"from": [4, 1, 1],
			"to": [12, 4, 2],
			"rotation": {"angle": 0, "axis": "y", "origin": [8, 8, 1.5]},
			"faces": {
				"north": {"uv": [4, 12, 12, 15], "texture": "#main"},
				"east": {"uv": [4, 2, 12, 4], "rotation": 90, "texture": "#main"},
				"south": {"uv": [0, 0, 2, 12], "rotation": 180, "texture": "#main"},
				"west": {"uv": [12, 2, 13, 14], "texture": "#main"},
				"up": {"uv": [4, 12, 12, 13], "rotation": 180, "texture": "#main"},
				"down": {"uv": [4, 3, 12, 4], "rotation": 180, "texture": "#main"}
			}
		},
		{
			"from": [4, 1, 14],
			"to": [12, 4, 15],
			"rotation": {"angle": 0, "axis": "x", "origin": [8, 7.5, 14]},
			"faces": {
				"north": {"uv": [0, 0, 2, 12], "rotation": 180, "texture": "#main"},
				"east": {"uv": [12, 2, 13, 14], "texture": "#main"},
				"south": {"uv": [4, 12, 12, 15], "texture": "#main"},
				"west": {"uv": [4, 2, 12, 4], "rotation": 90, "texture": "#main"},
				"up": {"uv": [4, 12, 12, 13], "texture": "#main"},
				"down": {"uv": [4, 3, 12, 4], "texture": "#main"}
			}
		},
		{
			"from": [4, 14, 12],
			"to": [12, 15, 14],
			"rotation": {"angle": 0, "axis": "y", "origin": [12, 22, 20]},
			"faces": {
				"north": {"uv": [4, 12, 12, 13], "rotation": 180, "texture": "#main"},
				"east": {"uv": [12, 2, 13, 14], "rotation": 90, "texture": "#main"},
				"south": {"uv": [4, 3, 12, 4], "texture": "#main"},
				"west": {"uv": [4, 2, 12, 4], "texture": "#main"},
				"up": {"uv": [4, 12, 12, 14], "texture": "#main"},
				"down": {"uv": [0, 0, 2, 12], "texture": "#main"}
			}
		},
		{
			"from": [1, 12, 4],
			"to": [2, 15, 12],
			"rotation": {"angle": 0, "axis": "y", "origin": [1.5, 8, 8]},
			"faces": {
				"north": {"uv": [4, 2, 12, 4], "rotation": 90, "texture": "#main"},
				"east": {"uv": [0, 0, 2, 12], "rotation": 180, "texture": "#main"},
				"south": {"uv": [12, 2, 13, 14], "texture": "#main"},
				"west": {"uv": [4, 1, 12, 4], "texture": "#main"},
				"up": {"uv": [1, 4, 2, 12], "texture": "#main"},
				"down": {"uv": [4, 3, 12, 4], "rotation": 270, "texture": "#main"}
			}
		},
		{
			"from": [14, 12, 4],
			"to": [15, 15, 12],
			"rotation": {"angle": 0, "axis": "y", "origin": [14, 8, 0.5]},
			"faces": {
				"north": {"uv": [12, 2, 13, 14], "texture": "#main"},
				"east": {"uv": [4, 1, 12, 4], "texture": "#main"},
				"south": {"uv": [4, 2, 12, 4], "rotation": 90, "texture": "#main"},
				"west": {"uv": [0, 0, 2, 12], "rotation": 180, "texture": "#main"},
				"up": {"uv": [14, 4, 15, 12], "texture": "#main"},
				"down": {"uv": [4, 3, 12, 4], "rotation": 90, "texture": "#main"}
			}
		},
		{
			"from": [4, 12, 1],
			"to": [12, 15, 2],
			"rotation": {"angle": 0, "axis": "y", "origin": [8, 8, 1.5]},
			"faces": {
				"north": {"uv": [4, 1, 12, 4], "texture": "#main"},
				"east": {"uv": [4, 2, 12, 4], "rotation": 90, "texture": "#main"},
				"south": {"uv": [0, 0, 2, 12], "rotation": 180, "texture": "#main"},
				"west": {"uv": [12, 2, 13, 14], "texture": "#main"},
				"up": {"uv": [4, 1, 12, 2], "texture": "#main"},
				"down": {"uv": [4, 3, 12, 4], "rotation": 180, "texture": "#main"}
			}
		},
		{
			"from": [4, 12, 14],
			"to": [12, 15, 15],
			"rotation": {"angle": 0, "axis": "x", "origin": [8, 7.5, 15]},
			"faces": {
				"north": {"uv": [0, 0, 2, 12], "rotation": 180, "texture": "#main"},
				"east": {"uv": [12, 2, 13, 14], "texture": "#main"},
				"south": {"uv": [4, 1, 12, 4], "texture": "#main"},
				"west": {"uv": [4, 2, 12, 4], "rotation": 90, "texture": "#main"},
				"up": {"uv": [4, 14, 12, 15], "texture": "#main"},
				"down": {"uv": [4, 3, 12, 4], "texture": "#main"}
			}
		},
		{
			"from": [4, 14, 2],
			"to": [12, 15, 4],
			"rotation": {"angle": 0, "axis": "y", "origin": [12, 22, 10]},
			"faces": {
				"north": {"uv": [0, 0, 2, 1], "texture": "#main"},
				"east": {"uv": [12, 2, 13, 14], "rotation": 90, "texture": "#main"},
				"south": {"uv": [4, 3, 12, 4], "texture": "#main"},
				"west": {"uv": [4, 2, 12, 4], "texture": "#main"},
				"up": {"uv": [4, 2, 12, 4], "texture": "#main"},
				"down": {"uv": [0, 0, 2, 12], "texture": "#main"}
			}
		},
		{
			"from": [1, 1, 12],
			"to": [2, 15, 14],
			"rotation": {"angle": 0, "axis": "y", "origin": [1.5, 8, 8]},
			"faces": {
				"north": {"uv": [12, 2, 13, 14], "texture": "#main"},
				"east": {"uv": [0, 0, 2, 12], "rotation": 180, "texture": "#main"},
				"south": {"uv": [12, 2, 13, 14], "texture": "#main"},
				"west": {"uv": [12, 1, 14, 15], "texture": "#main"},
				"up": {"uv": [1, 12, 2, 14], "rotation": 90, "texture": "#main"},
				"down": {"uv": [0, 0, 2, 1], "rotation": 270, "texture": "#main"}
			}
		},
		{
			"from": [14, 1, 2],
			"to": [15, 15, 4],
			"rotation": {"angle": 0, "axis": "y", "origin": [14, 8, -1.5]},
			"faces": {
				"north": {"uv": [12, 2, 13, 14], "texture": "#main"},
				"east": {"uv": [12, 1, 14, 15], "texture": "#main"},
				"south": {"uv": [12, 2, 13, 14], "texture": "#main"},
				"west": {"uv": [0, 0, 2, 12], "rotation": 180, "texture": "#main"},
				"up": {"uv": [14, 2, 15, 4], "texture": "#main"},
				"down": {"uv": [0, 0, 2, 1], "rotation": 90, "texture": "#main"}
			}
		},
		{
			"from": [1, 1, 1],
			"to": [4, 15, 2],
			"rotation": {"angle": 0, "axis": "y", "origin": [8, 8, 1.5]},
			"faces": {
				"north": {"uv": [12, 1, 15, 15], "texture": "#main"},
				"east": {"uv": [12, 2, 13, 14], "texture": "#main"},
				"south": {"uv": [0, 0, 2, 12], "rotation": 180, "texture": "#main"},
				"west": {"uv": [1, 1, 2, 15], "texture": "#main"},
				"up": {"uv": [1, 1, 4, 2], "texture": "#main"},
				"down": {"uv": [0, 0, 2, 1], "rotation": 180, "texture": "#main"}
			}
		},
		{
			"from": [12, 1, 14],
			"to": [15, 15, 15],
			"rotation": {"angle": 0, "axis": "x", "origin": [8, 7.5, 14]},
			"faces": {
				"north": {"uv": [0, 0, 2, 12], "rotation": 180, "texture": "#main"},
				"east": {"uv": [1, 1, 2, 15], "texture": "#main"},
				"south": {"uv": [12, 1, 15, 15], "texture": "#main"},
				"west": {"uv": [12, 2, 13, 14], "texture": "#main"},
				"up": {"uv": [12, 14, 15, 15], "texture": "#main"},
				"down": {"uv": [0, 0, 2, 1], "texture": "#main"}
			}
		},
		{
			"from": [12, 14, 2],
			"to": [14, 15, 14],
			"rotation": {"angle": 0, "axis": "y", "origin": [20, 22, 10]},
			"faces": {
				"north": {"uv": [0, 0, 2, 1], "texture": "#main"},
				"east": {"uv": [12, 2, 13, 14], "rotation": 90, "texture": "#main"},
				"south": {"uv": [0, 0, 2, 1], "texture": "#main"},
				"west": {"uv": [12, 2, 13, 14], "rotation": 270, "texture": "#main"},
				"up": {"uv": [12, 2, 14, 14], "texture": "#main"},
				"down": {"uv": [0, 0, 2, 12], "texture": "#main"}
			}
		},
		{
			"from": [1, 1, 2],
			"to": [2, 15, 4],
			"rotation": {"angle": 0, "axis": "y", "origin": [1.5, 8, 8]},
			"faces": {
				"north": {"uv": [0, 0, 12, 1], "rotation": 90, "texture": "#main"},
				"east": {"uv": [0, 0, 2, 12], "rotation": 180, "texture": "#main"},
				"south": {"uv": [3, 2, 4, 14], "texture": "#main"},
				"west": {"uv": [2, 1, 4, 15], "texture": "#main"},
				"up": {"uv": [1, 2, 2, 4], "rotation": 90, "texture": "#main"},
				"down": {"uv": [0, 0, 2, 1], "rotation": 270, "texture": "#main"}
			}
		},
		{
			"from": [14, 1, 12],
			"to": [15, 15, 14],
			"rotation": {"angle": 0, "axis": "y", "origin": [14, 8, 8.5]},
			"faces": {
				"north": {"uv": [3, 2, 4, 14], "texture": "#main"},
				"east": {"uv": [2, 1, 4, 15], "texture": "#main"},
				"south": {"uv": [0, 0, 12, 1], "rotation": 90, "texture": "#main"},
				"west": {"uv": [0, 0, 2, 12], "rotation": 180, "texture": "#main"},
				"up": {"uv": [14, 12, 15, 14], "rotation": 90, "texture": "#main"},
				"down": {"uv": [0, 0, 2, 1], "rotation": 90, "texture": "#main"}
			}
		},
		{
			"from": [12, 1, 1],
			"to": [15, 15, 2],
			"rotation": {"angle": 0, "axis": "y", "origin": [8, 8, 1.5]},
			"faces": {
				"north": {"uv": [1, 1, 4, 15], "texture": "#main"},
				"east": {"uv": [14, 1, 15, 15], "texture": "#main"},
				"south": {"uv": [0, 0, 2, 12], "rotation": 180, "texture": "#main"},
				"west": {"uv": [3, 2, 4, 14], "texture": "#main"},
				"up": {"uv": [12, 1, 15, 2], "texture": "#main"},
				"down": {"uv": [0, 0, 2, 1], "rotation": 180, "texture": "#main"}
			}
		},
		{
			"from": [1, 1, 14],
			"to": [4, 15, 15],
			"rotation": {"angle": 0, "axis": "x", "origin": [8, 7.5, 14]},
			"faces": {
				"north": {"uv": [0, 0, 2, 12], "rotation": 180, "texture": "#main"},
				"east": {"uv": [3, 2, 4, 14], "texture": "#main"},
				"south": {"uv": [1, 1, 4, 15], "texture": "#main"},
				"west": {"uv": [14, 1, 15, 15], "rotation": 180, "texture": "#main"},
				"up": {"uv": [1, 14, 4, 15], "texture": "#main"},
				"down": {"uv": [0, 0, 2, 1], "texture": "#main"}
			}
		},
		{
			"from": [2, 14, 2],
			"to": [4, 15, 14],
			"rotation": {"angle": 0, "axis": "y", "origin": [10, 22, 10]},
			"faces": {
				"north": {"uv": [0, 0, 2, 1], "texture": "#main"},
				"east": {"uv": [3, 2, 4, 14], "rotation": 90, "texture": "#main"},
				"south": {"uv": [0, 0, 2, 1], "texture": "#main"},
				"west": {"uv": [0, 0, 12, 1], "texture": "#main"},
				"up": {"uv": [2, 2, 4, 14], "texture": "#main"},
				"down": {"uv": [0, 0, 2, 12], "texture": "#main"}
			}
		},
		{
			"from": [2, 2, 2],
			"to": [14, 14, 14],
			"rotation": {"angle": 0, "axis": "y", "origin": [8, 21, 8]},
			"faces": {
				"north": {"uv": [2, 2, 14, 14], "texture": "#animation"},
				"east": {"uv": [2, 2, 14, 14], "texture": "#animation"},
				"south": {"uv": [2, 2, 14, 14], "texture": "#animation"},
				"west": {"uv": [2, 2, 14, 14], "texture": "#animation"},
				"up": {"uv": [2, 2, 14, 14], "texture": "#animation"},
				"down": {"uv": [2, 2, 14, 14], "texture": "#base"}
			}
		},
		{
			"from": [1, 0, 1],
			"to": [15, 1, 15],
			"faces": {
				"north": {"uv": [0, 0, 12, 1], "texture": "#base"},
				"east": {"uv": [0, 0, 12, 1], "texture": "#base"},
				"south": {"uv": [0, 0, 12, 1], "texture": "#base"},
				"west": {"uv": [0, 0, 12, 1], "texture": "#base"},
				"up": {"uv": [2, 2, 14, 14], "texture": "#base"},
				"down": {"uv": [1, 1, 15, 15], "texture": "#base"}
			}
		}
	],
	"display": {
		"thirdperson_righthand": {
			"rotation": [75, 45, 0],
			"translation": [0, 2.5, 0],
			"scale": [0.375, 0.375, 0.375]
		},
		"thirdperson_lefthand": {
			"rotation": [75, 45, 0],
			"translation": [0, 2.5, 0],
			"scale": [0.375, 0.375, 0.375]
		},
		"firstperson_righthand": {
			"rotation": [0, 45, 0],
			"scale": [0.4, 0.4, 0.4]
		},
		"firstperson_lefthand": {
			"rotation": [0, 225, 0],
			"scale": [0.4, 0.4, 0.4]
		},
		"ground": {
			"translation": [0, 3, 0],
			"scale": [0.25, 0.25, 0.25]
		},
		"gui": {
			"rotation": [30, 225, 0],
			"scale": [0.625, 0.625, 0.625]
		},
		"head": {
			"rotation": [0, 180, 0],
			"translation": [0, 13, 7]
		},
		"fixed": {
			"scale": [0.5, 0.5, 0.5]
		}
	}
}