{
	"credit": "Made by Cr_L with Blockbench",
	"parent": "block/block",
	"textures": {
		"0": "actuallyadditions:blocks/block_fishing_net",
		"particle": "actuallyadditions:blocks/block_fishing_net"
	},
	"elements": [
		{
			"from": [15, 0, 0],
			"to": [16, 1, 16],
			"faces": {
				"north": {"uv": [0, 15, 1, 16], "texture": "#0", "cullface": "north"},
				"east": {"uv": [0, 16, 1, 0], "rotation": 90, "texture": "#0"},
				"south": {"uv": [0, 0, 1, 1], "texture": "#0", "cullface": "south"},
				"west": {"uv": [0, 16, 1, 0], "rotation": 270, "texture": "#0", "cullface": "west"},
				"up": {"uv": [0, 16, 1, 0], "texture": "#0"},
				"down": {"uv": [0, 0, 1, 16], "texture": "#0", "cullface": "down"}
			}
		},
		{
			"from": [0, 0, 0],
			"to": [1, 1, 16],
			"faces": {
				"north": {"uv": [15, 0, 16, 1], "texture": "#0", "cullface": "north"},
				"east": {"uv": [15, 16, 16, 0], "rotation": 90, "texture": "#0", "cullface": "east"},
				"south": {"uv": [15, 15, 16, 16], "texture": "#0", "cullface": "south"},
				"west": {"uv": [15, 16, 16, 0], "rotation": 270, "texture": "#0"},
				"up": {"uv": [15, 16, 16, 0], "texture": "#0"},
				"down": {"uv": [15, 0, 16, 16], "texture": "#0", "cullface": "down"}
			}
		},
		{
			"from": [1, 0, 0],
			"to": [15, 1, 1],
			"faces": {
				"north": {"uv": [15, 15, 1, 16], "rotation": 180, "texture": "#0", "cullface": "north"},
				"south": {"uv": [15, 15, 1, 16], "texture": "#0"},
				"up": {"uv": [15, 15, 1, 16], "texture": "#0"},
				"down": {"uv": [15, 15, 1, 16], "texture": "#0", "cullface": "down"}
			}
		},
		{
			"from": [1, 0, 15],
			"to": [15, 1, 16],
			"faces": {
				"north": {"uv": [15, 0, 1, 1], "rotation": 180, "texture": "#0"},
				"south": {"uv": [15, 0, 1, 1], "texture": "#0", "cullface": "south"},
				"up": {"uv": [15, 0, 1, 1], "texture": "#0"},
				"down": {"uv": [15, 0, 1, 1], "texture": "#0", "cullface": "down"}
			}
		},
		{
			"from": [2, 0.2, 1],
			"to": [3, 0.8, 15],
			"faces": {
				"east": {"uv": [2, 1, 3, 15], "rotation": 90, "texture": "#0"},
				"west": {"uv": [2, 1, 3, 15], "rotation": 270, "texture": "#0"},
				"up": {"uv": [2, 1, 3, 15], "texture": "#0"},
				"down": {"uv": [2, 1, 3, 15], "texture": "#0"}
			}
		},
		{
			"from": [6, 0.2, 1],
			"to": [7, 0.8, 15],
			"faces": {
				"east": {"uv": [6, 1, 7, 15], "rotation": 90, "texture": "#0"},
				"west": {"uv": [6, 1, 7, 15], "rotation": 270, "texture": "#0"},
				"up": {"uv": [6, 1, 7, 15], "texture": "#0"},
				"down": {"uv": [6, 1, 7, 15], "texture": "#0"}
			}
		},
		{
			"from": [4, 0.2, 1],
			"to": [5, 0.8, 15],
			"faces": {
				"east": {"uv": [4, 1, 5, 15], "rotation": 90, "texture": "#0"},
				"west": {"uv": [4, 1, 5, 15], "rotation": 270, "texture": "#0"},
				"up": {"uv": [4, 1, 5, 15], "texture": "#0"},
				"down": {"uv": [4, 1, 5, 15], "texture": "#0"}
			}
		},
		{
			"from": [1, 0.2, 9],
			"to": [15, 0.8, 10],
			"faces": {
				"north": {"uv": [1, 9, 15, 9.8], "rotation": 180, "texture": "#0"},
				"south": {"uv": [1, 9, 15, 9.8], "texture": "#0"},
				"up": {"uv": [1, 9, 15, 10], "texture": "#0"},
				"down": {"uv": [1, 6, 15, 7], "texture": "#0"}
			}
		},
		{
			"from": [1, 0.2, 11],
			"to": [15, 0.8, 12],
			"faces": {
				"north": {"uv": [1, 11, 15, 11.8], "rotation": 180, "texture": "#0"},
				"south": {"uv": [1, 11, 15, 11.8], "texture": "#0"},
				"up": {"uv": [1, 11, 15, 12], "texture": "#0"},
				"down": {"uv": [1, 4, 15, 5], "texture": "#0"}
			}
		},
		{
			"from": [1, 0.2, 13],
			"to": [15, 0.8, 14],
			"faces": {
				"north": {"uv": [1, 13, 15, 13.8], "rotation": 180, "texture": "#0"},
				"south": {"uv": [1, 13, 15, 13.8], "texture": "#0"},
				"up": {"uv": [1, 13, 15, 14], "texture": "#0"},
				"down": {"uv": [1, 2, 15, 3], "texture": "#0"}
			}
		},
		{
			"from": [1, 0.2, 6],
			"to": [15, 0.8, 7],
			"faces": {
				"north": {"uv": [1, 6, 15, 6.8], "rotation": 180, "texture": "#0"},
				"south": {"uv": [1, 6, 15, 6.8], "texture": "#0"},
				"up": {"uv": [1, 6, 15, 7], "texture": "#0"},
				"down": {"uv": [1, 9, 15, 10], "texture": "#0"}
			}
		},
		{
			"from": [1, 0.2, 4],
			"to": [15, 0.8, 5],
			"faces": {
				"north": {"uv": [1, 4, 15, 4.8], "rotation": 180, "texture": "#0"},
				"south": {"uv": [1, 4, 15, 4.8], "texture": "#0"},
				"up": {"uv": [1, 4, 15, 5], "texture": "#0"},
				"down": {"uv": [1, 11, 15, 12], "texture": "#0"}
			}
		},
		{
			"from": [1, 0.2, 2],
			"to": [15, 0.8, 3],
			"faces": {
				"north": {"uv": [1, 2, 15, 2.8], "rotation": 180, "texture": "#0"},
				"south": {"uv": [1, 2, 15, 2.8], "texture": "#0"},
				"up": {"uv": [1, 2, 15, 3], "texture": "#0"},
				"down": {"uv": [1, 13, 15, 14], "texture": "#0"}
			}
		},
		{
			"from": [9, 0.2, 1],
			"to": [10, 0.8, 15],
			"faces": {
				"east": {"uv": [9, 1, 10, 15], "rotation": 90, "texture": "#0"},
				"west": {"uv": [9, 1, 10, 15], "rotation": 270, "texture": "#0"},
				"up": {"uv": [9, 1, 10, 15], "texture": "#0"},
				"down": {"uv": [9, 1, 10, 15], "texture": "#0"}
			}
		},
		{
			"from": [11, 0.2, 1],
			"to": [12, 0.8, 15],
			"faces": {
				"east": {"uv": [11, 1, 12, 15], "rotation": 90, "texture": "#0"},
				"west": {"uv": [11, 1, 12, 15], "rotation": 270, "texture": "#0"},
				"up": {"uv": [11, 1, 12, 15], "texture": "#0"},
				"down": {"uv": [11, 1, 12, 15], "texture": "#0"}
			}
		},
		{
			"from": [13, 0.2, 1],
			"to": [14, 0.8, 15],
			"faces": {
				"east": {"uv": [13, 1, 14, 15], "rotation": 90, "texture": "#0"},
				"west": {"uv": [13, 1, 14, 15], "rotation": 270, "texture": "#0"},
				"up": {"uv": [13, 1, 14, 15], "texture": "#0"},
				"down": {"uv": [13, 1, 14, 15], "texture": "#0"}
			}
		}
	],
	"groups": [
		{
			"name": "group",
			"origin": [0, 0, 0],
			"color": 0,
			"children": [0, 1, 2, 3]
		},
		{
			"name": "group",
			"origin": [0, 0, 0],
			"color": 0,
			"children": [4, 5, 6, 7, 8, 9, 10, 11, 12, 13, 14, 15]
		}
	]
}