{
	"credit": "Made with Blockbench",
	"textures": {
		"particle": "actuallyadditions:blocks/base_texture",
		"base": "actuallyadditions:blocks/base_texture",
		"top": "actuallyadditions:blocks/block_heat_collector_top",
		"back": "actuallyadditions:blocks/block_farmer_side",
		"top_animation": "actuallyadditions:blocks/block_miner_rotation_animation",
		"front": "actuallyadditions:blocks/block_grinder",
		"side": "actuallyadditions:blocks/block_grinder_side",
		"side_animation": "actuallyadditions:blocks/block_grinder_rotation_animation"
	},
	"elements": [
		{
			"from": [0, 0, 0],
			"to": [1, 1, 16],
			"faces": {
				"north": {"uv": [15, 0, 16, 1], "texture": "#base"},
				"east": {"uv": [15, 0, 16, 16], "rotation": 270, "texture": "#base"},
				"south": {"uv": [0, 0, 1, 1], "texture": "#base"},
				"west": {"uv": [15, 0, 16, 16], "rotation": 90, "texture": "#base"},
				"up": {"uv": [15, 0, 16, 16], "rotation": 180, "texture": "#base"},
				"down": {"uv": [15, 0, 16, 16], "texture": "#base"}
			}
		},
		{
			"from": [1, 0, 15],
			"to": [15, 1, 16],
			"rotation": {"angle": 0, "axis": "y", "origin": [9, 8, 23]},
			"faces": {
				"north": {"uv": [1, 0, 15, 1], "rotation": 180, "texture": "#base"},
				"east": {"uv": [0, 0, 1, 1], "texture": "#base"},
				"south": {"uv": [1, 15, 15, 16], "texture": "#base"},
				"west": {"uv": [0, 0, 1, 1], "texture": "#base"},
				"up": {"uv": [1, 15, 15, 16], "texture": "#base"},
				"down": {"uv": [1, 15, 15, 16], "texture": "#base"}
			}
		},
		{
			"from": [15, 0, 0],
			"to": [16, 1, 16],
			"rotation": {"angle": 0, "axis": "y", "origin": [23, 8, 8]},
			"faces": {
				"north": {"uv": [0, 0, 1, 1], "texture": "#base"},
				"east": {"uv": [0, 0, 1, 16], "rotation": 90, "texture": "#base"},
				"south": {"uv": [15, 0, 16, 1], "texture": "#base"},
				"west": {"uv": [15, 0, 16, 16], "rotation": 270, "texture": "#base"},
				"up": {"uv": [0, 0, 1, 16], "texture": "#base"},
				"down": {"uv": [0, 0, 1, 16], "rotation": 180, "texture": "#base"}
			}
		},
		{
			"from": [1, 0, 0],
			"to": [15, 1, 1],
			"rotation": {"angle": 0, "axis": "y", "origin": [9, 8, 8]},
			"faces": {
				"north": {"uv": [1, 15, 15, 16], "texture": "#base"},
				"east": {"uv": [0, 0, 1, 1], "texture": "#base"},
				"south": {"uv": [1, 0, 15, 1], "rotation": 180, "texture": "#base"},
				"west": {"uv": [0, 0, 1, 1], "texture": "#base"},
				"up": {"uv": [1, 15, 15, 16], "rotation": 180, "texture": "#base"},
				"down": {"uv": [1, 15, 15, 16], "rotation": 180, "texture": "#base"}
			}
		},
		{
			"from": [0, 15, 0],
			"to": [1, 16, 16],
			"rotation": {"angle": 0, "axis": "y", "origin": [8, 23, 8]},
			"faces": {
				"north": {"uv": [15, 0, 16, 1], "texture": "#base"},
				"east": {"uv": [15, 0, 16, 16], "rotation": 270, "texture": "#base"},
				"south": {"uv": [0, 0, 1, 1], "texture": "#base"},
				"west": {"uv": [15, 0, 16, 16], "rotation": 90, "texture": "#base"},
				"up": {"uv": [15, 0, 16, 16], "rotation": 180, "texture": "#base"},
				"down": {"uv": [15, 0, 16, 16], "texture": "#base"}
			}
		},
		{
			"from": [15, 15, 0],
			"to": [16, 16, 16],
			"rotation": {"angle": 0, "axis": "y", "origin": [23, 23, 8]},
			"faces": {
				"north": {"uv": [0, 0, 1, 1], "texture": "#base"},
				"east": {"uv": [15, 0, 16, 16], "rotation": 90, "texture": "#base"},
				"south": {"uv": [15, 0, 16, 1], "texture": "#base"},
				"west": {"uv": [15, 0, 16, 16], "rotation": 270, "texture": "#base"},
				"up": {"uv": [15, 0, 16, 16], "texture": "#base"},
				"down": {"uv": [15, 0, 16, 16], "rotation": 180, "texture": "#base"}
			}
		},
		{
			"from": [1, 15, 0],
			"to": [15, 16, 1],
			"rotation": {"angle": 0, "axis": "y", "origin": [9, 23, 8]},
			"faces": {
				"north": {"uv": [1, 0, 15, 1], "texture": "#base"},
				"east": {"uv": [0, 0, 1, 1], "texture": "#base"},
				"south": {"uv": [1, 0, 15, 1], "rotation": 180, "texture": "#base"},
				"west": {"uv": [0, 0, 1, 1], "texture": "#base"},
				"up": {"uv": [1, 0, 15, 1], "rotation": 180, "texture": "#base"},
				"down": {"uv": [1, 0, 15, 1], "rotation": 180, "texture": "#base"}
			}
		},
		{
			"from": [1, 15, 15],
			"to": [15, 16, 16],
			"rotation": {"angle": 0, "axis": "y", "origin": [9, 23, 23]},
			"faces": {
				"north": {"uv": [1, 0, 15, 1], "rotation": 180, "texture": "#base"},
				"east": {"uv": [0, 0, 1, 1], "texture": "#base"},
				"south": {"uv": [1, 0, 15, 1], "texture": "#base"},
				"west": {"uv": [0, 0, 1, 1], "texture": "#base"},
				"up": {"uv": [1, 0, 15, 1], "texture": "#base"},
				"down": {"uv": [1, 0, 15, 1], "texture": "#base"}
			}
		},
		{
			"from": [0, 1, 15],
			"to": [1, 15, 16],
			"rotation": {"angle": 0, "axis": "y", "origin": [8, 9, 23]},
			"faces": {
				"north": {"uv": [0, 1, 1, 15], "texture": "#base"},
				"east": {"uv": [0, 1, 1, 15], "texture": "#base"},
				"south": {"uv": [0, 1, 1, 15], "texture": "#base"},
				"west": {"uv": [0, 1, 1, 15], "texture": "#base"},
				"up": {"uv": [0, 0, 1, 1], "texture": "#base"},
				"down": {"uv": [0, 0, 1, 1], "texture": "#base"}
			}
		},
		{
			"from": [15, 1, 15],
			"to": [16, 15, 16],
			"rotation": {"angle": 0, "axis": "y", "origin": [23, 9, 23]},
			"faces": {
				"north": {"uv": [15, 1, 16, 15], "texture": "#base"},
				"east": {"uv": [15, 1, 16, 15], "texture": "#base"},
				"south": {"uv": [15, 1, 16, 15], "texture": "#base"},
				"west": {"uv": [15, 1, 16, 15], "texture": "#base"},
				"up": {"uv": [0, 0, 1, 1], "texture": "#base"},
				"down": {"uv": [0, 0, 1, 1], "texture": "#base"}
			}
		},
		{
			"from": [15, 1, 0],
			"to": [16, 15, 1],
			"rotation": {"angle": 0, "axis": "y", "origin": [23, 9, 8]},
			"faces": {
				"north": {"uv": [0, 1, 1, 15], "texture": "#base"},
				"east": {"uv": [0, 1, 1, 15], "texture": "#base"},
				"south": {"uv": [0, 1, 1, 15], "texture": "#base"},
				"west": {"uv": [0, 1, 1, 15], "texture": "#base"},
				"up": {"uv": [0, 0, 1, 1], "texture": "#base"},
				"down": {"uv": [0, 0, 1, 1], "texture": "#base"}
			}
		},
		{
			"from": [0, 1, 0],
			"to": [1, 15, 1],
			"rotation": {"angle": 0, "axis": "y", "origin": [8, 9, 8]},
			"faces": {
				"north": {"uv": [15, 1, 16, 15], "texture": "#base"},
				"east": {"uv": [15, 1, 16, 15], "texture": "#base"},
				"south": {"uv": [15, 1, 16, 15], "texture": "#base"},
				"west": {"uv": [15, 1, 16, 15], "texture": "#base"},
				"up": {"uv": [0, 0, 1, 1], "texture": "#base"},
				"down": {"uv": [0, 0, 1, 1], "texture": "#base"}
			}
		},
		{
			"from": [1, 12, 4],
			"to": [2, 15, 12],
			"rotation": {"angle": 0, "axis": "y", "origin": [9, 20, 12]},
			"faces": {
				"north": {"uv": [0, 0, 1, 4], "texture": "#side"},
				"east": {"uv": [4, 1, 12, 4], "texture": "#side"},
				"south": {"uv": [0, 0, 1, 4], "texture": "#side"},
				"west": {"uv": [4, 1, 12, 4], "texture": "#side"},
				"up": {"uv": [14, 4, 15, 12], "texture": "#top"},
				"down": {"uv": [4, 3, 12, 4], "rotation": 90, "texture": "#side"}
			}
		},
		{
			"from": [14, 12, 4],
			"to": [15, 15, 12],
			"rotation": {"angle": 0, "axis": "y", "origin": [22, 20, 12]},
			"faces": {
				"north": {"uv": [0, 0, 1, 4], "texture": "#side"},
				"east": {"uv": [4, 1, 12, 4], "texture": "#side"},
				"south": {"uv": [0, 0, 1, 4], "texture": "#side"},
				"west": {"uv": [0, 0, 8, 4], "texture": "#side"},
				"up": {"uv": [1, 4, 2, 12], "texture": "#top"},
				"down": {"uv": [4, 3, 12, 4], "rotation": 90, "texture": "#side"}
			}
		},
		{
			"from": [1, 0, 4],
			"to": [2, 4, 12],
			"rotation": {"angle": 0, "axis": "y", "origin": [9, 8, 12]},
			"faces": {
				"north": {"uv": [0, 0, 1, 4], "texture": "#side"},
				"east": {"uv": [4, 12, 12, 16], "texture": "#side"},
				"south": {"uv": [0, 0, 1, 4], "texture": "#side"},
				"west": {"uv": [4, 12, 12, 16], "texture": "#side"},
				"up": {"uv": [4, 12, 12, 13], "rotation": 90, "texture": "#side"},
				"down": {"uv": [4, 1, 12, 2], "rotation": 90, "texture": "#base"}
			}
		},
		{
			"from": [14, 0, 4],
			"to": [15, 4, 12],
			"rotation": {"angle": 0, "axis": "y", "origin": [22, 8, 12]},
			"faces": {
				"north": {"uv": [0, 0, 1, 4], "texture": "#side"},
				"east": {"uv": [4, 12, 12, 16], "texture": "#side"},
				"south": {"uv": [0, 0, 1, 4], "texture": "#side"},
				"west": {"uv": [0, 0, 8, 4], "texture": "#side"},
				"up": {"uv": [4, 12, 12, 13], "rotation": 270, "texture": "#side"},
				"down": {"uv": [4, 14, 12, 15], "rotation": 90, "texture": "#base"}
			}
		},
		{
			"from": [4, 13, 4],
			"to": [12, 14, 12],
			"rotation": {"angle": 0, "axis": "y", "origin": [12, 23, 12]},
			"faces": {
				"north": {"uv": [0, 0, 8, 1], "texture": "#top"},
				"east": {"uv": [0, 0, 8, 1], "texture": "#top"},
				"south": {"uv": [0, 0, 8, 1], "texture": "#top"},
				"west": {"uv": [0, 0, 8, 1], "texture": "#top"},
				"up": {"uv": [4, 4, 12, 12], "rotation": 180, "texture": "#top_animation"},
				"down": {"uv": [4, 4, 12, 12], "texture": "#top"}
			}
		},
		{
			"from": [11, 14, 4],
			"to": [12, 15, 5],
			"rotation": {"angle": 0, "axis": "y", "origin": [19, 22, 12]},
			"faces": {
				"north": {"uv": [4, 11, 5, 12], "texture": "#top"},
				"east": {"uv": [4, 11, 5, 12], "texture": "#top"},
				"south": {"uv": [4, 11, 5, 12], "texture": "#top"},
				"west": {"uv": [4, 11, 5, 12], "texture": "#top"},
				"up": {"uv": [4, 11, 5, 12], "texture": "#top"},
				"down": {"uv": [4, 11, 5, 12], "texture": "#top"}
			}
		},
		{
			"from": [4, 14, 4],
			"to": [5, 15, 5],
			"rotation": {"angle": 0, "axis": "y", "origin": [12, 22, 12]},
			"faces": {
				"north": {"uv": [11, 11, 12, 12], "texture": "#top"},
				"east": {"uv": [11, 11, 12, 12], "texture": "#top"},
				"south": {"uv": [11, 11, 12, 12], "texture": "#top"},
				"west": {"uv": [11, 11, 12, 12], "texture": "#top"},
				"up": {"uv": [11, 11, 12, 12], "texture": "#top"},
				"down": {"uv": [11, 11, 12, 12], "texture": "#top"}
			}
		},
		{
			"from": [3, 12, 5],
			"to": [4, 14, 11],
			"rotation": {"angle": 0, "axis": "y", "origin": [11, 21, 13]},
			"faces": {
				"north": {"uv": [11, 4, 12, 5], "texture": "#top"},
				"east": {"uv": [1, 5, 3, 11], "rotation": 90, "texture": "#top"},
				"south": {"uv": [11, 4, 12, 5], "texture": "#top"},
				"west": {"uv": [11, 4, 12, 5], "texture": "#top"},
				"up": {"uv": [11, 4, 12, 5], "texture": "#top"},
				"down": {"uv": [11, 4, 12, 5], "texture": "#top"}
			}
		},
		{
			"from": [12, 12, 5],
			"to": [13, 14, 11],
			"rotation": {"angle": 0, "axis": "y", "origin": [20, 21, 13]},
			"faces": {
				"north": {"uv": [11, 4, 12, 5], "texture": "#top"},
				"east": {"uv": [11, 4, 12, 5], "texture": "#top"},
				"south": {"uv": [11, 4, 12, 5], "texture": "#top"},
				"west": {"uv": [13, 5, 15, 11], "rotation": 270, "texture": "#top"},
				"up": {"uv": [11, 4, 12, 5], "texture": "#top"},
				"down": {"uv": [11, 4, 12, 5], "texture": "#top"}
			}
		},
		{
			"from": [5, 12, 3],
			"to": [11, 14, 4],
			"rotation": {"angle": 0, "axis": "y", "origin": [18, 21, 11]},
			"faces": {
				"north": {"uv": [11, 4, 12, 5], "texture": "#top"},
				"east": {"uv": [11, 4, 12, 5], "texture": "#top"},
				"south": {"uv": [5, 1, 11, 3], "texture": "#top"},
				"west": {"uv": [11, 4, 12, 5], "texture": "#top"},
				"up": {"uv": [11, 4, 12, 5], "texture": "#top"},
				"down": {"uv": [11, 4, 12, 5], "texture": "#top"}
			}
		},
		{
			"from": [5, 12, 12],
			"to": [11, 14, 13],
			"rotation": {"angle": 0, "axis": "y", "origin": [18, 21, 20]},
			"faces": {
				"north": {"uv": [5, 13, 11, 15], "rotation": 180, "texture": "#top"},
				"east": {"uv": [11, 4, 12, 5], "texture": "#top"},
				"south": {"uv": [11, 4, 12, 5], "texture": "#top"},
				"west": {"uv": [11, 4, 12, 5], "texture": "#top"},
				"up": {"uv": [11, 4, 12, 5], "texture": "#top"},
				"down": {"uv": [11, 4, 12, 5], "texture": "#top"}
			}
		},
		{
			"from": [11, 12, 11],
			"to": [12, 14, 12],
			"rotation": {"angle": 0, "axis": "y", "origin": [19, 21, 19]},
			"faces": {
				"north": {"uv": [12, 1, 13, 3], "texture": "#top"},
				"east": {"uv": [11, 4, 12, 5], "texture": "#top"},
				"south": {"uv": [11, 4, 12, 5], "texture": "#top"},
				"west": {"uv": [12, 1, 13, 3], "texture": "#top"},
				"up": {"uv": [11, 4, 12, 5], "texture": "#top"},
				"down": {"uv": [11, 4, 12, 5], "texture": "#top"}
			}
		},
		{
			"from": [11, 12, 4],
			"to": [12, 14, 5],
			"rotation": {"angle": 0, "axis": "y", "origin": [19, 21, 12]},
			"faces": {
				"north": {"uv": [11, 4, 12, 5], "texture": "#top"},
				"east": {"uv": [11, 4, 12, 5], "texture": "#top"},
				"south": {"uv": [12, 1, 13, 3], "texture": "#top"},
				"west": {"uv": [12, 1, 13, 3], "texture": "#top"},
				"up": {"uv": [11, 4, 12, 5], "texture": "#top"},
				"down": {"uv": [11, 4, 12, 5], "texture": "#top"}
			}
		},
		{
			"from": [4, 12, 4],
			"to": [5, 14, 5],
			"rotation": {"angle": 0, "axis": "y", "origin": [12, 21, 12]},
			"faces": {
				"north": {"uv": [11, 4, 12, 5], "texture": "#top"},
				"east": {"uv": [12, 1, 13, 3], "texture": "#top"},
				"south": {"uv": [12, 1, 13, 3], "texture": "#top"},
				"west": {"uv": [11, 4, 12, 5], "texture": "#top"},
				"up": {"uv": [11, 4, 12, 5], "texture": "#top"},
				"down": {"uv": [11, 4, 12, 5], "texture": "#top"}
			}
		},
		{
			"from": [4, 12, 11],
			"to": [5, 14, 12],
			"rotation": {"angle": 0, "axis": "y", "origin": [12, 21, 19]},
			"faces": {
				"north": {"uv": [12, 1, 13, 3], "texture": "#top"},
				"east": {"uv": [12, 1, 13, 3], "texture": "#top"},
				"south": {"uv": [11, 4, 12, 5], "texture": "#top"},
				"west": {"uv": [11, 4, 12, 5], "texture": "#top"},
				"up": {"uv": [11, 4, 12, 5], "texture": "#top"},
				"down": {"uv": [11, 4, 12, 5], "texture": "#top"}
			}
		},
		{
			"from": [4, 14, 11],
			"to": [5, 15, 12],
			"rotation": {"angle": 0, "axis": "y", "origin": [12, 22, 19]},
			"faces": {
				"north": {"uv": [11, 4, 12, 5], "texture": "#top"},
				"east": {"uv": [11, 4, 12, 5], "texture": "#top"},
				"south": {"uv": [11, 4, 12, 5], "texture": "#top"},
				"west": {"uv": [11, 4, 12, 5], "texture": "#top"},
				"up": {"uv": [11, 4, 12, 5], "texture": "#top"},
				"down": {"uv": [11, 4, 12, 5], "texture": "#top"}
			}
		},
		{
			"from": [11, 14, 11],
			"to": [12, 15, 12],
			"rotation": {"angle": 0, "axis": "y", "origin": [19, 22, 19]},
			"faces": {
				"north": {"uv": [4, 4, 5, 5], "texture": "#top"},
				"east": {"uv": [4, 4, 5, 5], "texture": "#top"},
				"south": {"uv": [4, 4, 5, 5], "texture": "#top"},
				"west": {"uv": [4, 4, 5, 5], "texture": "#top"},
				"up": {"uv": [4, 4, 5, 5], "texture": "#top"},
				"down": {"uv": [4, 4, 5, 5], "texture": "#top"}
			}
		},
		{
			"from": [2, 14, 2],
			"to": [4, 15, 14],
			"rotation": {"angle": 0, "axis": "y", "origin": [11, 22, 10]},
			"faces": {
				"north": {"uv": [0, 0, 12, 1], "texture": "#top"},
				"east": {"uv": [12, 2, 13, 14], "rotation": 270, "texture": "#top"},
				"south": {"uv": [0, 0, 12, 1], "texture": "#top"},
				"west": {"uv": [0, 0, 12, 1], "texture": "#top"},
				"up": {"uv": [12, 2, 14, 14], "rotation": 180, "texture": "#top"},
				"down": {"uv": [0, 0, 12, 12], "texture": "#top"}
			}
		},
		{
			"from": [4, 14, 2],
			"to": [12, 15, 4],
			"rotation": {"angle": 0, "axis": "y", "origin": [19, 22, 0]},
			"faces": {
				"north": {"uv": [4, 3, 12, 4], "texture": "#top"},
				"east": {"uv": [0, 0, 12, 1], "texture": "#top"},
				"south": {"uv": [4, 12, 12, 13], "rotation": 180, "texture": "#top"},
				"west": {"uv": [3, 2, 4, 14], "rotation": 90, "texture": "#top"},
				"up": {"uv": [4, 12, 12, 14], "rotation": 180, "texture": "#top"},
				"down": {"uv": [0, 0, 12, 12], "texture": "#top"}
			}
		},
		{
			"from": [4, 14, 12],
			"to": [12, 15, 14],
			"rotation": {"angle": 0, "axis": "y", "origin": [19, 22, 10]},
			"faces": {
				"north": {"uv": [4, 3, 12, 4], "texture": "#top"},
				"east": {"uv": [0, 0, 12, 1], "texture": "#top"},
				"south": {"uv": [0, 0, 12, 1], "texture": "#top"},
				"west": {"uv": [3, 2, 4, 14], "rotation": 90, "texture": "#top"},
				"up": {"uv": [4, 2, 12, 4], "rotation": 180, "texture": "#top"},
				"down": {"uv": [0, 0, 12, 12], "texture": "#top"}
			}
		},
		{
			"from": [12, 14, 2],
			"to": [14, 15, 14],
			"rotation": {"angle": 0, "axis": "y", "origin": [21, 22, 10]},
			"faces": {
				"north": {"uv": [0, 0, 12, 1], "texture": "#top"},
				"east": {"uv": [0, 0, 12, 1], "texture": "#top"},
				"south": {"uv": [0, 0, 12, 1], "texture": "#top"},
				"west": {"uv": [3, 2, 4, 14], "rotation": 90, "texture": "#top"},
				"up": {"uv": [2, 2, 4, 14], "rotation": 180, "texture": "#top"},
				"down": {"uv": [0, 0, 12, 12], "texture": "#top"}
			}
		},
		{
			"from": [2, 0, 2],
			"to": [14, 1, 14],
			"faces": {
				"north": {"uv": [0, 0, 12, 1], "texture": "#base"},
				"east": {"uv": [0, 0, 12, 1], "texture": "#base"},
				"south": {"uv": [0, 0, 12, 1], "texture": "#base"},
				"west": {"uv": [0, 0, 12, 1], "texture": "#base"},
				"up": {"uv": [2, 2, 14, 14], "texture": "#base"},
				"down": {"uv": [2, 2, 14, 14], "texture": "#base"}
			}
		},
		{
			"from": [1, 0, 2],
			"to": [2, 15, 4],
			"rotation": {"angle": 0, "axis": "y", "origin": [-5, 8, -2]},
			"faces": {
				"north": {"uv": [3, 1, 4, 16], "texture": "#side"},
				"east": {"uv": [12, 1, 14, 16], "texture": "#side"},
				"south": {"uv": [12, 1, 13, 16], "texture": "#side"},
				"west": {"uv": [2, 1, 4, 16], "texture": "#side"},
				"up": {"uv": [14, 2, 15, 4], "texture": "#top"},
				"down": {"uv": [1, 2, 2, 4], "texture": "#base"}
			}
		},
		{
			"from": [14, 0, 2],
			"to": [15, 15, 4],
			"rotation": {"angle": 0, "axis": "y", "origin": [8, 8, -2]},
			"faces": {
				"north": {"uv": [3, 1, 4, 16], "texture": "#side"},
				"east": {"uv": [12, 1, 14, 16], "texture": "#side"},
				"south": {"uv": [12, 1, 13, 16], "texture": "#side"},
				"west": {"uv": [2, 0, 4, 15], "texture": "#side"},
				"up": {"uv": [1, 2, 2, 4], "texture": "#top"},
				"down": {"uv": [1, 2, 2, 4], "texture": "#base"}
			}
		},
		{
			"from": [1, 0, 12],
			"to": [2, 15, 14],
			"rotation": {"angle": 0, "axis": "y", "origin": [-5, 8, 8]},
			"faces": {
				"north": {"uv": [3, 1, 4, 16], "texture": "#side"},
				"east": {"uv": [2, 1, 4, 16], "texture": "#side"},
				"south": {"uv": [0, 0, 1, 15], "texture": "#side"},
				"west": {"uv": [12, 1, 14, 16], "texture": "#side"},
				"up": {"uv": [14, 12, 15, 14], "texture": "#top"},
				"down": {"uv": [1, 2, 2, 4], "texture": "#base"}
			}
		},
		{
			"from": [14, 0, 12],
			"to": [15, 15, 14],
			"faces": {
				"north": {"uv": [3, 1, 4, 16], "texture": "#side"},
				"east": {"uv": [2, 1, 4, 16], "texture": "#side"},
				"south": {"uv": [0, 0, 1, 15], "texture": "#side"},
				"west": {"uv": [0, 0, 12, 15], "texture": "#side"},
				"up": {"uv": [1, 2, 2, 4], "texture": "#top"},
				"down": {"uv": [1, 2, 2, 4], "texture": "#base"}
			}
		},
		{
			"from": [1, 0, 1],
			"to": [15, 15, 2],
			"rotation": {"angle": 0, "axis": "y", "origin": [9, 8, 9]},
			"faces": {
				"north": {"uv": [1, 1, 15, 16], "texture": "#front"},
				"east": {"uv": [1, 1, 2, 16], "texture": "#back"},
				"south": {"uv": [1, 1, 15, 16], "texture": "#front"},
				"west": {"uv": [14, 1, 15, 16], "texture": "#back"},
				"up": {"uv": [1, 14, 15, 15], "texture": "#top"},
				"down": {"uv": [1, 14, 15, 15], "texture": "#base"}
			}
		},
		{
			"from": [1, 0, 14],
			"to": [15, 15, 15],
			"rotation": {"angle": 0, "axis": "y", "origin": [9, 8, 22]},
			"faces": {
				"north": {"uv": [0, 0, 14, 15], "texture": "#missing"},
				"east": {"uv": [1, 1, 2, 16], "texture": "#back"},
				"south": {"uv": [1, 1, 15, 16], "texture": "#back"},
				"west": {"uv": [14, 1, 15, 16], "texture": "#back"},
				"up": {"uv": [1, 14, 15, 15], "texture": "#top"},
				"down": {"uv": [1, 14, 15, 15], "texture": "#base"}
			}
		},
		{
			"from": [13, 4, 4],
			"to": [14, 12, 12],
			"faces": {
				"north": {"uv": [0, 0, 1, 8], "texture": "#side_animation"},
				"east": {"uv": [4, 4, 12, 12], "texture": "#side_animation"},
				"south": {"uv": [0, 0, 1, 8], "texture": "#side_animation"},
				"west": {"uv": [0, 0, 8, 8], "texture": "#side_animation"},
				"up": {"uv": [0, 0, 1, 8], "texture": "#side_animation"},
				"down": {"uv": [0, 0, 1, 8], "texture": "#side_animation"}
			}
		},
		{
			"from": [2, 4, 4],
			"to": [3, 12, 12],
			"rotation": {"angle": 0, "axis": "y", "origin": [-3, 8, 8]},
			"faces": {
				"north": {"uv": [0, 0, 1, 8], "texture": "#side_animation"},
				"east": {"uv": [4, 4, 12, 12], "texture": "#side_animation"},
				"south": {"uv": [0, 0, 1, 8], "texture": "#side_animation"},
				"west": {"uv": [4, 4, 12, 12], "texture": "#side_animation"},
				"up": {"uv": [0, 0, 1, 8], "texture": "#side_animation"},
				"down": {"uv": [0, 0, 1, 8], "texture": "#side_animation"}
			}
		},
		{
			"from": [3, 8, 0],
			"to": [6, 10, 1],
			"rotation": {"angle": 0, "axis": "y", "origin": [11, 16, 8]},
			"faces": {
				"north": {"uv": [10, 6, 13, 8], "texture": "#front"},
				"east": {"uv": [10, 6, 11, 8], "texture": "#front"},
				"south": {"uv": [0, 0, 3, 2], "texture": "#front"},
				"west": {"uv": [12, 6, 13, 8], "texture": "#front"},
				"up": {"uv": [10, 6, 13, 7], "rotation": 180, "texture": "#front"},
				"down": {"uv": [10, 7, 13, 8], "rotation": 180, "texture": "#front"}
			}
		}
	],
	"display": {
		"thirdperson_righthand": {
			"rotation": [75, 45, 0],
			"translation": [0, 2.5, 0],
			"scale": [0.375, 0.375, 0.375]
		},
		"thirdperson_lefthand": {
			"rotation": [75, 45, 0],
			"translation": [0, 2.5, 0],
			"scale": [0.375, 0.375, 0.375]
		},
		"firstperson_righthand": {
			"rotation": [0, 45, 0],
			"scale": [0.4, 0.4, 0.4]
		},
		"firstperson_lefthand": {
			"rotation": [0, 225, 0],
			"scale": [0.4, 0.4, 0.4]
		},
		"ground": {
			"translation": [0, 3, 0],
			"scale": [0.25, 0.25, 0.25]
		},
		"gui": {
			"rotation": [30, 225, 0],
			"scale": [0.625, 0.625, 0.625]
		},
		"head": {
			"rotation": [0, 180, 0],
			"translation": [0, 13, 7]
		},
		"fixed": {
			"scale": [0.5, 0.5, 0.5]
		}
	}
}