{
	"credit": "Made with Blockbench",
	"textures": {
		"base": "actuallyadditions:blocks/base_texture",
		"side": "actuallyadditions:blocks/block_display_stand_side",
		"particle": "actuallyadditions:blocks/block_display_stand",
		"top": "actuallyadditions:blocks/block_display_stand"
	},
	"elements": [
		{
			"from": [0, 0, 0],
			"to": [16, 1, 16],
			"faces": {
				"north": {"uv": [0, 1, 16, 0], "rotation": 180, "texture": "#base"},
				"east": {"uv": [15, 16, 16, 0], "rotation": 270, "texture": "#base"},
				"south": {"uv": [0, 15, 16, 16], "texture": "#base"},
				"west": {"uv": [0, 0, 1, 16], "rotation": 270, "texture": "#base"},
				"up": {"uv": [0, 0, 16, 16], "texture": "#base"},
				"down": {"uv": [0, 0, 16, 16], "rotation": 180, "texture": "#base"}
			}
		},
		{
			"from": [1, 1, 1],
			"to": [15, 7, 15],
			"faces": {
				"north": {"uv": [1, 9, 15, 15], "texture": "#side"},
				"east": {"uv": [1, 9, 15, 15], "texture": "#side"},
				"south": {"uv": [1, 9, 15, 15], "texture": "#side"},
				"west": {"uv": [1, 9, 15, 15], "texture": "#side"},
				"up": {"uv": [1, 1, 15, 15], "texture": "#top"},
				"down": {"uv": [1, 1, 15, 15], "texture": "#missing"}
			}
		},
		{
			"from": [6, 7, 6],
			"to": [10, 9, 10],
			"faces": {
				"north": {"uv": [5, 5, 6, 6], "texture": "#top"},
				"east": {"uv": [5, 5, 6, 6], "texture": "#top"},
				"south": {"uv": [5, 5, 6, 6], "texture": "#top"},
				"west": {"uv": [5, 5, 6, 6], "texture": "#top"},
				"up": {"uv": [6, 6, 10, 10], "texture": "#top"},
				"down": {"uv": [6, 6, 10, 10], "texture": "#missing"}
			}
		},
		{
			"from": [4, 7, 6],
			"to": [6, 8, 10],
			"rotation": {"angle": 45, "axis": "z", "origin": [6, 8, 8]},
			"faces": {
				"north": {"uv": [6, 6, 7, 7], "texture": "#missing"},
				"east": {"uv": [6, 6, 8, 10], "rotation": 270, "texture": "#missing"},
				"south": {"uv": [6, 9, 7, 10], "texture": "#missing"},
				"west": {"uv": [6, 6, 8, 10], "rotation": 270, "texture": "#missing"},
				"up": {"uv": [4, 6, 6, 10], "texture": "#top"},
				"down": {"uv": [6, 6, 8, 10], "texture": "#missing"}
			}
		},
		{
			"from": [10, 7, 6],
			"to": [12, 8, 10],
			"rotation": {"angle": -45, "axis": "z", "origin": [10, 8, 8]},
			"faces": {
				"north": {"uv": [9, 6, 10, 7], "texture": "#missing"},
				"east": {"uv": [9, 6, 11, 10], "rotation": 90, "texture": "#missing"},
				"south": {"uv": [9, 9, 10, 10], "texture": "#missing"},
				"west": {"uv": [9, 6, 11, 10], "rotation": 90, "texture": "#missing"},
				"up": {"uv": [10, 6, 12, 10], "texture": "#top"},
				"down": {"uv": [9, 6, 11, 10], "texture": "#missing"}
			}
		},
		{
			"from": [6, 7, 10],
			"to": [10, 8, 12],
			"rotation": {"angle": 45, "axis": "x", "origin": [8, 8, 10]},
			"faces": {
				"north": {"uv": [6, 9, 10, 11], "texture": "#missing"},
				"east": {"uv": [6, 9, 7, 10], "texture": "#missing"},
				"south": {"uv": [6, 9, 10, 11], "texture": "#missing"},
				"west": {"uv": [9, 9, 10, 10], "texture": "#missing"},
				"up": {"uv": [6, 10, 10, 12], "texture": "#top"},
				"down": {"uv": [6, 9, 10, 11], "texture": "#missing"}
			}
		},
		{
			"from": [6, 7, 4],
			"to": [10, 8, 6],
			"rotation": {"angle": -45, "axis": "x", "origin": [8, 8, 6]},
			"faces": {
				"north": {"uv": [6, 6, 10, 8], "texture": "#missing"},
				"east": {"uv": [6, 6, 7, 7], "texture": "#missing"},
				"south": {"uv": [6, 6, 10, 8], "texture": "#missing"},
				"west": {"uv": [9, 6, 10, 7], "texture": "#missing"},
				"up": {"uv": [6, 4, 10, 6], "texture": "#top"},
				"down": {"uv": [6, 6, 10, 8], "texture": "#missing"}
			}
		},
		{
			"from": [0, 1, 0],
			"to": [1, 7, 1],
			"rotation": {"angle": 0, "axis": "y", "origin": [8, 3, 8]},
			"faces": {
				"north": {"uv": [0, 0, 1, 6], "texture": "#base"},
				"east": {"uv": [0, 0, 1, 6], "texture": "#base"},
				"south": {"uv": [0, 0, 1, 6], "texture": "#base"},
				"west": {"uv": [0, 0, 1, 6], "texture": "#base"},
				"up": {"uv": [0, 0, 1, 1], "texture": "#missing"},
				"down": {"uv": [0, 0, 1, 1], "texture": "#missing"}
			}
		},
		{
			"from": [15, 1, 0],
			"to": [16, 7, 1],
			"rotation": {"angle": 0, "axis": "y", "origin": [8, 3, 8]},
			"faces": {
				"north": {"uv": [15, 0, 16, 6], "texture": "#base"},
				"east": {"uv": [15, 0, 16, 6], "texture": "#base"},
				"south": {"uv": [15, 0, 16, 6], "texture": "#base"},
				"west": {"uv": [15, 0, 16, 6], "texture": "#base"},
				"up": {"uv": [0, 0, 1, 1], "texture": "#missing"},
				"down": {"uv": [0, 0, 1, 1], "texture": "#missing"}
			}
		},
		{
			"from": [15, 1, 15],
			"to": [16, 7, 16],
			"rotation": {"angle": 0, "axis": "y", "origin": [8, 3, 8]},
			"faces": {
				"north": {"uv": [0, 0, 1, 6], "texture": "#base"},
				"east": {"uv": [0, 0, 1, 6], "texture": "#base"},
				"south": {"uv": [0, 0, 1, 6], "texture": "#base"},
				"west": {"uv": [0, 0, 1, 6], "texture": "#base"},
				"up": {"uv": [0, 0, 1, 1], "texture": "#missing"},
				"down": {"uv": [0, 0, 1, 1], "texture": "#missing"}
			}
		},
		{
			"from": [0, 1, 15],
			"to": [1, 7, 16],
			"rotation": {"angle": 0, "axis": "y", "origin": [8, 3, 8]},
			"faces": {
				"north": {"uv": [15, 0, 16, 6], "texture": "#base"},
				"east": {"uv": [15, 0, 16, 6], "texture": "#base"},
				"south": {"uv": [15, 0, 16, 6], "texture": "#base"},
				"west": {"uv": [15, 0, 16, 6], "texture": "#base"},
				"up": {"uv": [0, 0, 1, 1], "texture": "#missing"},
				"down": {"uv": [0, 0, 1, 1], "texture": "#missing"}
			}
		},
		{
			"from": [0, 7, 0],
			"to": [1, 8, 16],
			"rotation": {"angle": 0, "axis": "y", "origin": [8, 9, 8]},
			"faces": {
				"north": {"uv": [0, 0, 1, 1], "texture": "#base"},
				"east": {"uv": [0, 0, 1, 16], "rotation": 90, "texture": "#base"},
				"south": {"uv": [0, 15, 1, 16], "texture": "#base"},
				"west": {"uv": [0, 0, 1, 16], "rotation": 270, "texture": "#base"},
				"up": {"uv": [0, 0, 1, 16], "texture": "#base"},
				"down": {"uv": [0, 0, 1, 16], "rotation": 180, "texture": "#base"}
			}
		},
		{
			"from": [15, 7, 0],
			"to": [16, 8, 16],
			"rotation": {"angle": 0, "axis": "y", "origin": [23, 9, 8]},
			"faces": {
				"north": {"uv": [15, 0, 16, 1], "texture": "#base"},
				"east": {"uv": [15, 0, 16, 16], "rotation": 90, "texture": "#base"},
				"south": {"uv": [15, 15, 16, 16], "texture": "#base"},
				"west": {"uv": [15, 0, 16, 16], "rotation": 270, "texture": "#base"},
				"up": {"uv": [15, 0, 16, 16], "texture": "#base"},
				"down": {"uv": [15, 0, 16, 16], "rotation": 180, "texture": "#base"}
			}
		},
		{
			"from": [1, 7, 0],
			"to": [15, 8, 1],
			"rotation": {"angle": 0, "axis": "y", "origin": [9, 9, 8]},
			"faces": {
				"north": {"uv": [1, 0, 15, 1], "rotation": 180, "texture": "#base"},
				"east": {"uv": [0, 0, 1, 1], "texture": "#missing"},
				"south": {"uv": [1, 0, 15, 1], "texture": "#base"},
				"west": {"uv": [0, 0, 1, 1], "texture": "#missing"},
				"up": {"uv": [1, 0, 15, 1], "texture": "#base"},
				"down": {"uv": [1, 0, 15, 1], "texture": "#base"}
			}
		},
		{
			"from": [1, 7, 15],
			"to": [15, 8, 16],
			"rotation": {"angle": 0, "axis": "y", "origin": [9, 9, 23]},
			"faces": {
				"north": {"uv": [1, 15, 15, 16], "rotation": 180, "texture": "#base"},
				"east": {"uv": [0, 0, 1, 1], "texture": "#missing"},
				"south": {"uv": [1, 15, 15, 16], "texture": "#base"},
				"west": {"uv": [0, 0, 1, 1], "texture": "#missing"},
				"up": {"uv": [1, 15, 15, 16], "texture": "#base"},
				"down": {"uv": [1, 15, 15, 16], "texture": "#base"}
			}
		},
		{
			"from": [5, 7, 5],
			"to": [6, 9, 6],
			"rotation": {"angle": 0, "axis": "y", "origin": [13, 15, 13]},
			"faces": {
				"north": {"uv": [5, 5, 6, 6], "texture": "#top"},
				"east": {"uv": [5, 5, 6, 6], "texture": "#top"},
				"south": {"uv": [5, 5, 6, 6], "texture": "#top"},
				"west": {"uv": [5, 5, 6, 6], "texture": "#top"},
				"up": {"uv": [5, 5, 6, 6], "texture": "#top"},
				"down": {"uv": [0, 0, 1, 1], "texture": "#missing"}
			}
		},
		{
			"from": [5, 7, 10],
			"to": [6, 9, 11],
			"rotation": {"angle": 0, "axis": "y", "origin": [13, 15, 18]},
			"faces": {
				"north": {"uv": [5, 5, 6, 6], "texture": "#top"},
				"east": {"uv": [5, 5, 6, 6], "texture": "#top"},
				"south": {"uv": [5, 5, 6, 6], "texture": "#top"},
				"west": {"uv": [5, 5, 6, 6], "texture": "#top"},
				"up": {"uv": [5, 5, 6, 6], "texture": "#top"},
				"down": {"uv": [0, 0, 1, 1], "texture": "#missing"}
			}
		},
		{
			"from": [10, 7, 10],
			"to": [11, 9, 11],
			"rotation": {"angle": 0, "axis": "y", "origin": [18, 15, 18]},
			"faces": {
				"north": {"uv": [5, 5, 6, 6], "texture": "#top"},
				"east": {"uv": [5, 5, 6, 6], "texture": "#top"},
				"south": {"uv": [5, 5, 6, 6], "texture": "#top"},
				"west": {"uv": [5, 5, 6, 6], "texture": "#top"},
				"up": {"uv": [5, 5, 6, 6], "texture": "#top"},
				"down": {"uv": [0, 0, 1, 1], "texture": "#missing"}
			}
		},
		{
			"from": [10, 7, 5],
			"to": [11, 9, 6],
			"rotation": {"angle": 0, "axis": "y", "origin": [18, 15, 13]},
			"faces": {
				"north": {"uv": [5, 5, 6, 6], "texture": "#top"},
				"east": {"uv": [5, 5, 6, 6], "texture": "#top"},
				"south": {"uv": [5, 5, 6, 6], "texture": "#top"},
				"west": {"uv": [5, 5, 6, 6], "texture": "#top"},
				"up": {"uv": [5, 5, 6, 6], "texture": "#top"},
				"down": {"uv": [0, 0, 1, 1], "texture": "#missing"}
			}
		}
	],
	"display": {
		"thirdperson_righthand": {
			"rotation": [75, 45, 0],
			"translation": [0, 2.5, 0],
			"scale": [0.375, 0.375, 0.375]
		},
		"thirdperson_lefthand": {
			"rotation": [75, 45, 0],
			"translation": [0, 2.5, 0],
			"scale": [0.375, 0.375, 0.375]
		},
		"firstperson_righthand": {
			"rotation": [0, 45, 0],
			"scale": [0.4, 0.4, 0.4]
		},
		"firstperson_lefthand": {
			"rotation": [0, 225, 0],
			"scale": [0.4, 0.4, 0.4]
		},
		"ground": {
			"translation": [0, 3, 0],
			"scale": [0.25, 0.25, 0.25]
		},
		"gui": {
			"rotation": [30, 225, 0],
			"scale": [0.625, 0.625, 0.625]
		},
		"fixed": {
			"scale": [0.5, 0.5, 0.5]
		}
	}
}