{
	"credit": "Made with Blockbench",
	"ambientocclusion": false,
	"textures": {
		"particle": "actuallyadditions:blocks/models/model_coffee_machine",
		"coffee_machine": "actuallyadditions:blocks/models/model_coffee_machine"
	},
	"elements": [
		{
			"from": [1, 0, 1],
			"to": [15, 1, 15],
			"faces": {
				"north": {"uv": [9, 15.5, 16, 16], "texture": "#coffee_machine"},
				"east": {"uv": [9, 9, 9.5, 16], "rotation": 270, "texture": "#coffee_machine"},
				"south": {"uv": [9, 9, 16, 9.5], "rotation": 180, "texture": "#coffee_machine"},
				"west": {"uv": [15.5, 9, 16, 16], "rotation": 90, "texture": "#coffee_machine"},
				"up": {"uv": [9, 9, 16, 16], "rotation": 180, "texture": "#coffee_machine"},
				"down": {"uv": [9, 9, 16, 16], "texture": "#coffee_machine"}
			}
		},
		{
			"from": [7, 1, 8],
			"to": [14, 9, 14],
			"rotation": {"angle": 0, "axis": "y", "origin": [8, 8, 7]},
			"faces": {
				"north": {"uv": [4, 0, 8, 4.5], "texture": "#coffee_machine"},
				"east": {"uv": [4, 0, 8, 4.5], "texture": "#coffee_machine"},
				"south": {"uv": [0, 0, 4, 4.5], "texture": "#coffee_machine"},
				"west": {"uv": [4, 0, 8, 4.5], "texture": "#coffee_machine"},
				"up": {"uv": [0, 0, 8, 6], "rotation": 180, "texture": "#coffee_machine"},
				"down": {"uv": [0, 0, 8, 6], "rotation": 180, "texture": "#coffee_machine"}
			}
		},
		{
			"from": [6, 9, 3],
			"to": [15, 11, 15],
			"rotation": {"angle": 0, "axis": "y", "origin": [8, 8, 7]},
			"faces": {
				"north": {"uv": [6.5, 9.5, 7, 15], "rotation": 90, "texture": "#coffee_machine"},
				"east": {"uv": [0, 14.5, 7, 15], "texture": "#coffee_machine"},
				"south": {"uv": [0, 9.5, 0.5, 15], "rotation": 270, "texture": "#coffee_machine"},
				"west": {"uv": [0, 9.5, 7, 10], "rotation": 180, "texture": "#coffee_machine"},
				"up": {"uv": [0, 9.5, 7, 15], "rotation": 270, "texture": "#coffee_machine"},
				"down": {"uv": [0, 9.5, 7, 15], "rotation": 270, "texture": "#coffee_machine"}
			}
		},
		{
			"from": [8, 11, 8],
			"to": [13, 13, 13],
			"rotation": {"angle": 0, "axis": "y", "origin": [10, 8, 7]},
			"faces": {
				"north": {"uv": [0, 0, 6, 2], "texture": "#coffee_machine"},
				"east": {"uv": [0, 0, 6, 2], "texture": "#coffee_machine"},
				"south": {"uv": [0, 0, 6, 2], "texture": "#coffee_machine"},
				"west": {"uv": [0, 0, 6, 2], "texture": "#coffee_machine"},
				"up": {"uv": [4, 4.5, 7, 7.5], "rotation": 180, "texture": "#coffee_machine"},
				"down": {"uv": [0, 0, 6, 6], "rotation": 180, "texture": "#coffee_machine"}
			}
		},
		{
			"from": [10, 8, 3.5],
			"to": [11, 9, 4.5],
			"rotation": {"angle": 0, "axis": "y", "origin": [10, 8, 7]},
			"faces": {
				"north": {"uv": [5.5, 8, 6, 8.5], "texture": "#coffee_machine"},
				"east": {"uv": [5.5, 8, 6, 8.5], "texture": "#coffee_machine"},
				"south": {"uv": [5.5, 8, 6, 8.5], "texture": "#coffee_machine"},
				"west": {"uv": [5.5, 8, 6, 8.5], "texture": "#coffee_machine"},
				"up": {"uv": [5.5, 8, 6, 8.5], "rotation": 180, "texture": "#coffee_machine"},
				"down": {"uv": [5.5, 7.5, 6, 8], "rotation": 180, "texture": "#coffee_machine"}
			}
		},
		{
			"from": [9, 1, 2],
			"to": [12, 2, 5],
			"rotation": {"angle": 0, "axis": "y", "origin": [10, 8, 6]},
			"faces": {
				"north": {"uv": [13, 4.5, 15, 5], "texture": "#coffee_machine"},
				"east": {"uv": [13, 4.5, 15, 5], "texture": "#coffee_machine"},
				"south": {"uv": [13, 4.5, 15, 5], "texture": "#coffee_machine"},
				"west": {"uv": [13, 4.5, 15, 5], "texture": "#coffee_machine"},
				"up": {"uv": [13, 4.5, 15, 5], "rotation": 180, "texture": "#coffee_machine"},
				"down": {"uv": [13, 4.5, 15, 5], "rotation": 180, "texture": "#coffee_machine"}
			}
		},
		{
			"from": [9, 2, 5],
			"to": [12, 7, 6],
			"rotation": {"angle": 0, "axis": "y", "origin": [10, 8, 6]},
			"faces": {
				"north": {"uv": [13, 5, 15, 7.5], "texture": "#coffee_machine"},
				"east": {"uv": [14.5, 2.5, 15, 5], "texture": "#coffee_machine"},
				"south": {"uv": [13, 2.5, 15, 5], "texture": "#coffee_machine"},
				"west": {"uv": [13, 2.5, 13.5, 5], "texture": "#coffee_machine"},
				"up": {"uv": [13, 2.5, 15, 3], "rotation": 180, "texture": "#coffee_machine"},
				"down": {"uv": [13, 4.5, 15, 5], "rotation": 180, "texture": "#coffee_machine"}
			}
		},
		{
			"from": [9, 2, 1],
			"to": [12, 7, 2],
			"rotation": {"angle": 0, "axis": "y", "origin": [10, 8, 6]},
			"faces": {
				"north": {"uv": [13, 0, 15, 2.5], "texture": "#coffee_machine"},
				"east": {"uv": [13, 0, 13.5, 2.5], "texture": "#coffee_machine"},
				"south": {"uv": [13, 5, 15, 7.5], "texture": "#coffee_machine"},
				"west": {"uv": [13, 0, 13.5, 2.5], "texture": "#coffee_machine"},
				"up": {"uv": [13, 0, 15, 0.5], "rotation": 180, "texture": "#coffee_machine"},
				"down": {"uv": [13, 2, 15, 2.5], "rotation": 180, "texture": "#coffee_machine"}
			}
		},
		{
			"from": [12, 2, 2],
			"to": [13, 7, 5],
			"rotation": {"angle": 0, "axis": "y", "origin": [10, 8, 6]},
			"faces": {
				"north": {"uv": [14.5, 2.5, 15, 5], "texture": "#coffee_machine"},
				"east": {"uv": [13, 2.5, 15, 5], "texture": "#coffee_machine"},
				"south": {"uv": [13, 2.5, 13.5, 5], "texture": "#coffee_machine"},
				"west": {"uv": [13, 5, 15, 7.5], "texture": "#coffee_machine"},
				"up": {"uv": [13, 2.5, 15, 3], "rotation": 180, "texture": "#coffee_machine"},
				"down": {"uv": [13, 4.5, 15, 5], "rotation": 180, "texture": "#coffee_machine"}
			}
		},
		{
			"from": [8, 2, 2],
			"to": [9, 7, 5],
			"rotation": {"angle": 0, "axis": "y", "origin": [10, 8, 6]},
			"faces": {
				"north": {"uv": [13, 2.5, 13.5, 5], "texture": "#coffee_machine"},
				"east": {"uv": [13, 5, 15, 7.5], "texture": "#coffee_machine"},
				"south": {"uv": [14.5, 2.5, 15, 5], "texture": "#coffee_machine"},
				"west": {"uv": [13, 2.5, 15, 5], "texture": "#coffee_machine"},
				"up": {"uv": [13, 2.5, 15, 3], "rotation": 180, "texture": "#coffee_machine"},
				"down": {"uv": [13, 4.5, 15, 5], "rotation": 180, "texture": "#coffee_machine"}
			}
		},
		{
			"from": [13, 2, 3],
			"to": [14, 3, 4],
			"rotation": {"angle": 0, "axis": "y", "origin": [10, 8, 6]},
			"faces": {
				"north": {"uv": [13, 4.5, 13.5, 5], "texture": "#coffee_machine"},
				"east": {"uv": [13, 4.5, 13.5, 5], "texture": "#coffee_machine"},
				"south": {"uv": [13, 4.5, 13.5, 5], "texture": "#coffee_machine"},
				"west": {"uv": [13, 4.5, 13.5, 5], "texture": "#coffee_machine"},
				"up": {"uv": [13, 4.5, 13.5, 5], "rotation": 180, "texture": "#coffee_machine"},
				"down": {"uv": [13, 4.5, 13.5, 5], "rotation": 180, "texture": "#coffee_machine"}
			}
		},
		{
			"from": [13, 5, 3],
			"to": [14, 6, 4],
			"rotation": {"angle": 0, "axis": "y", "origin": [10, 8, 6]},
			"faces": {
				"north": {"uv": [13, 4, 13.5, 4.5], "texture": "#coffee_machine"},
				"east": {"uv": [13, 4, 13.5, 4.5], "texture": "#coffee_machine"},
				"south": {"uv": [13, 4, 13.5, 4.5], "texture": "#coffee_machine"},
				"west": {"uv": [13, 4, 13.5, 4.5], "texture": "#coffee_machine"},
				"up": {"uv": [13, 4, 13.5, 4.5], "rotation": 180, "texture": "#coffee_machine"},
				"down": {"uv": [13, 4, 13.5, 4.5], "rotation": 180, "texture": "#coffee_machine"}
			}
		},
		{
			"from": [14, 3, 3],
			"to": [15, 5, 4],
			"rotation": {"angle": 0, "axis": "y", "origin": [10, 8, 6]},
			"faces": {
				"north": {"uv": [13, 4, 13.5, 4.5], "texture": "#coffee_machine"},
				"east": {"uv": [13, 4, 13.5, 4.5], "texture": "#coffee_machine"},
				"south": {"uv": [13, 4, 13.5, 4.5], "texture": "#coffee_machine"},
				"west": {"uv": [13, 4, 13.5, 4.5], "texture": "#coffee_machine"},
				"up": {"uv": [13, 4, 13.5, 4.5], "rotation": 180, "texture": "#coffee_machine"},
				"down": {"uv": [13, 4, 13.5, 4.5], "rotation": 180, "texture": "#coffee_machine"}
			}
		},
		{
			"from": [13, 10.2, 4.2],
			"to": [14, 11.2, 5.2],
			"rotation": {"angle": 0, "axis": "y", "origin": [12, 8, 8]},
			"faces": {
				"north": {"uv": [1.5, 2.5, 2, 3], "texture": "#coffee_machine"},
				"east": {"uv": [1.5, 2.5, 2, 3], "texture": "#coffee_machine"},
				"south": {"uv": [1.5, 2.5, 2, 3], "texture": "#coffee_machine"},
				"west": {"uv": [1.5, 2.5, 2, 3], "texture": "#coffee_machine"},
				"up": {"uv": [1.5, 2.5, 2, 3], "rotation": 180, "texture": "#coffee_machine"},
				"down": {"uv": [1.5, 2.5, 2, 3], "rotation": 180, "texture": "#coffee_machine"}
			}
		},
		{
			"from": [11, 10.2, 4.2],
			"to": [12, 11.2, 5.2],
			"rotation": {"angle": 0, "axis": "y", "origin": [13, 8, 8]},
			"faces": {
				"north": {"uv": [1.5, 1, 2, 1.5], "texture": "#coffee_machine"},
				"east": {"uv": [1.5, 1, 2, 1.5], "texture": "#coffee_machine"},
				"south": {"uv": [1.5, 1, 2, 1.5], "texture": "#coffee_machine"},
				"west": {"uv": [1.5, 1, 2, 1.5], "texture": "#coffee_machine"},
				"up": {"uv": [1.5, 1, 2, 1.5], "rotation": 180, "texture": "#coffee_machine"},
				"down": {"uv": [1.5, 1, 2, 1.5], "rotation": 180, "texture": "#coffee_machine"}
			}
		},
		{
			"from": [13, 11, 7],
			"to": [14, 14, 14],
			"rotation": {"angle": 0, "axis": "y", "origin": [7, 8, 7]},
			"faces": {
				"north": {"uv": [0, 10.5, 3, 11.5], "rotation": 90, "texture": "#coffee_machine"},
				"east": {"uv": [0, 10, 3, 14.5], "rotation": 90, "texture": "#coffee_machine"},
				"south": {"uv": [0, 13.5, 3, 14.5], "rotation": 90, "texture": "#coffee_machine"},
				"west": {"uv": [0, 10, 3, 14.5], "rotation": 90, "texture": "#coffee_machine"},
				"up": {"uv": [0.5, 14.5, 6.5, 15], "rotation": 270, "texture": "#coffee_machine"},
				"down": {"uv": [0, 0, 1, 8], "rotation": 180, "texture": "#missing"}
			}
		},
		{
			"from": [7, 11, 7],
			"to": [8, 14, 14],
			"rotation": {"angle": 0, "axis": "y", "origin": [0, 8, 7]},
			"faces": {
				"north": {"uv": [0, 12, 3, 13], "rotation": 90, "texture": "#coffee_machine"},
				"east": {"uv": [0, 10, 3, 14.5], "rotation": 90, "texture": "#coffee_machine"},
				"south": {"uv": [0, 11, 3, 12], "rotation": 90, "texture": "#coffee_machine"},
				"west": {"uv": [0, 10, 3, 14.5], "rotation": 90, "texture": "#coffee_machine"},
				"up": {"uv": [0.5, 14.5, 6.5, 15], "rotation": 270, "texture": "#coffee_machine"},
				"down": {"uv": [0, 0, 1, 8], "rotation": 180, "texture": "#missing"}
			}
		},
		{
			"from": [8, 11, 7],
			"to": [13, 14, 8],
			"rotation": {"angle": 0, "axis": "y", "origin": [1, 8, 7]},
			"faces": {
				"north": {"uv": [0, 10.5, 3, 14], "rotation": 90, "texture": "#coffee_machine"},
				"east": {"uv": [0, 0, 1, 3], "texture": "#coffee_machine"},
				"south": {"uv": [0, 10.5, 3, 14], "rotation": 90, "texture": "#coffee_machine"},
				"west": {"uv": [0, 0, 1, 3], "texture": "#coffee_machine"},
				"up": {"uv": [6.5, 11, 7, 14.5], "rotation": 270, "texture": "#coffee_machine"},
				"down": {"uv": [0, 0, 6, 1], "rotation": 180, "texture": "#coffee_machine"}
			}
		},
		{
			"from": [8, 11, 13],
			"to": [13, 14, 14],
			"rotation": {"angle": 0, "axis": "y", "origin": [1, 8, 14]},
			"faces": {
				"north": {"uv": [0, 10.5, 3, 14], "rotation": 90, "texture": "#coffee_machine"},
				"east": {"uv": [0, 0, 1, 3], "texture": "#missing"},
				"south": {"uv": [0, 10.5, 3, 14], "rotation": 90, "texture": "#coffee_machine"},
				"west": {"uv": [0, 0, 1, 3], "texture": "#missing"},
				"up": {"uv": [6.5, 10, 7, 13.5], "rotation": 270, "texture": "#coffee_machine"},
				"down": {"uv": [0, 0, 6, 1], "rotation": 180, "texture": "#missing"}
			}
		},
		{
			"from": [14, 1, 14],
			"to": [15, 9, 15],
			"rotation": {"angle": 0, "axis": "y", "origin": [7, 9, 7]},
			"faces": {
				"north": {"uv": [11.5, 15.5, 16, 16], "rotation": 90, "texture": "#coffee_machine"},
				"east": {"uv": [11.5, 15.5, 16, 16], "rotation": 90, "texture": "#coffee_machine"},
				"south": {"uv": [11.5, 15.5, 16, 16], "rotation": 90, "texture": "#coffee_machine"},
				"west": {"uv": [11.5, 15.5, 16, 16], "rotation": 90, "texture": "#coffee_machine"},
				"up": {"uv": [11.5, 15.5, 16, 16], "rotation": 270, "texture": "#coffee_machine"},
				"down": {"uv": [11.5, 15.5, 16, 16], "rotation": 270, "texture": "#coffee_machine"}
			}
		},
		{
			"from": [6, 1, 14],
			"to": [7, 9, 15],
			"rotation": {"angle": 0, "axis": "y", "origin": [-2, 9, 7]},
			"faces": {
				"north": {"uv": [11.5, 9, 16, 9.5], "rotation": 90, "texture": "#coffee_machine"},
				"east": {"uv": [11.5, 9, 16, 9.5], "rotation": 90, "texture": "#coffee_machine"},
				"south": {"uv": [11.5, 9, 16, 9.5], "rotation": 90, "texture": "#coffee_machine"},
				"west": {"uv": [11.5, 9, 16, 9.5], "rotation": 90, "texture": "#coffee_machine"},
				"up": {"uv": [11.5, 9, 16, 9.5], "rotation": 270, "texture": "#coffee_machine"},
				"down": {"uv": [11.5, 9, 16, 9.5], "rotation": 270, "texture": "#coffee_machine"}
			}
		},
		{
			"from": [14, 1, 7],
			"to": [15, 9, 8],
			"rotation": {"angle": 0, "axis": "y", "origin": [7, 9, 0]},
			"faces": {
				"north": {"uv": [11.5, 9, 16, 9.5], "rotation": 90, "texture": "#coffee_machine"},
				"east": {"uv": [11.5, 9, 16, 9.5], "rotation": 90, "texture": "#coffee_machine"},
				"south": {"uv": [11.5, 9, 16, 9.5], "rotation": 90, "texture": "#coffee_machine"},
				"west": {"uv": [11.5, 9, 16, 9.5], "rotation": 90, "texture": "#coffee_machine"},
				"up": {"uv": [11.5, 9, 16, 9.5], "rotation": 270, "texture": "#coffee_machine"},
				"down": {"uv": [11.5, 9, 16, 9.5], "rotation": 270, "texture": "#coffee_machine"}
			}
		},
		{
			"from": [6, 1, 7],
			"to": [7, 9, 8],
			"rotation": {"angle": 0, "axis": "y", "origin": [-2, 9, 0]},
			"faces": {
				"north": {"uv": [11.5, 15.5, 16, 16], "rotation": 90, "texture": "#coffee_machine"},
				"east": {"uv": [11.5, 15.5, 16, 16], "rotation": 90, "texture": "#coffee_machine"},
				"south": {"uv": [11.5, 15.5, 16, 16], "rotation": 90, "texture": "#coffee_machine"},
				"west": {"uv": [11.5, 15.5, 16, 16], "rotation": 90, "texture": "#coffee_machine"},
				"up": {"uv": [11.5, 15.5, 16, 16], "rotation": 270, "texture": "#coffee_machine"},
				"down": {"uv": [11.5, 15.5, 16, 16], "rotation": 270, "texture": "#coffee_machine"}
			}
		},
		{
			"from": [6.8, 1.9, 11.9],
			"to": [7, 3.1, 13.1],
			"rotation": {"angle": 0, "axis": "y", "origin": [-1, 10, 5]},
			"faces": {
				"north": {"uv": [5.5, 7.5, 6, 8], "texture": "#coffee_machine"},
				"east": {"uv": [5.5, 7.5, 6, 8], "texture": "#coffee_machine"},
				"south": {"uv": [5.5, 7.5, 6, 8], "texture": "#coffee_machine"},
				"west": {"uv": [5.5, 7.5, 6, 8], "texture": "#coffee_machine"},
				"up": {"uv": [5.5, 7.5, 6, 8], "rotation": 180, "texture": "#coffee_machine"},
				"down": {"uv": [5.5, 7.5, 6, 8], "rotation": 180, "texture": "#coffee_machine"}
			}
		},
		{
			"from": [6.8, 1.9, 9.9],
			"to": [7, 3.1, 11.1],
			"rotation": {"angle": 0, "axis": "y", "origin": [-1, 10, 3]},
			"faces": {
				"north": {"uv": [5.5, 7.5, 6, 8], "texture": "#coffee_machine"},
				"east": {"uv": [5.5, 7.5, 6, 8], "texture": "#coffee_machine"},
				"south": {"uv": [5.5, 7.5, 6, 8], "texture": "#coffee_machine"},
				"west": {"uv": [5.5, 7.5, 6, 8], "texture": "#coffee_machine"},
				"up": {"uv": [5.5, 7.5, 6, 8], "rotation": 180, "texture": "#coffee_machine"},
				"down": {"uv": [5.5, 7.5, 6, 8], "rotation": 180, "texture": "#coffee_machine"}
			}
		},
		{
			"from": [3, 3, 10],
			"to": [4, 5, 11],
			"rotation": {"angle": 0, "axis": "y", "origin": [-1, 11, 3]},
			"faces": {
				"north": {"uv": [5, 7.5, 6, 8], "rotation": 90, "texture": "#coffee_machine"},
				"east": {"uv": [5, 7.5, 6, 8], "rotation": 90, "texture": "#coffee_machine"},
				"south": {"uv": [5, 7.5, 6, 8], "rotation": 90, "texture": "#coffee_machine"},
				"west": {"uv": [5, 7.5, 6, 8], "rotation": 90, "texture": "#coffee_machine"},
				"up": {"uv": [0, 0, 1, 1], "rotation": 180, "texture": "#coffee_machine"},
				"down": {"uv": [0, 0, 1, 1], "rotation": 180, "texture": "#coffee_machine"}
			}
		},
		{
			"from": [2.9, 4.8, 9.9],
			"to": [4.1, 5, 11.1],
			"rotation": {"angle": 0, "axis": "y", "origin": [-1, 11, 3]},
			"faces": {
				"north": {"uv": [5.5, 7.5, 6, 8], "texture": "#coffee_machine"},
				"east": {"uv": [5.5, 7.5, 6, 8], "texture": "#coffee_machine"},
				"south": {"uv": [5.5, 7.5, 6, 8], "texture": "#coffee_machine"},
				"west": {"uv": [5.5, 7.5, 6, 8], "texture": "#coffee_machine"},
				"up": {"uv": [5.5, 7.5, 6, 8], "rotation": 180, "texture": "#coffee_machine"},
				"down": {"uv": [5.5, 7.5, 6, 8], "rotation": 180, "texture": "#coffee_machine"}
			}
		},
		{
			"from": [2.9, 4.8, 11.9],
			"to": [4.1, 5, 13.1],
			"rotation": {"angle": 0, "axis": "y", "origin": [-1, 11, 5]},
			"faces": {
				"north": {"uv": [5.5, 7.5, 6, 8], "texture": "#coffee_machine"},
				"east": {"uv": [5.5, 7.5, 6, 8], "texture": "#coffee_machine"},
				"south": {"uv": [5.5, 7.5, 6, 8], "texture": "#coffee_machine"},
				"west": {"uv": [5.5, 7.5, 6, 8], "texture": "#coffee_machine"},
				"up": {"uv": [5.5, 7.5, 6, 8], "rotation": 180, "texture": "#coffee_machine"},
				"down": {"uv": [5.5, 7.5, 6, 8], "rotation": 180, "texture": "#coffee_machine"}
			}
		},
		{
			"from": [3, 2, 12],
			"to": [7, 3, 13],
			"rotation": {"angle": 0, "axis": "y", "origin": [-1, 10, 5]},
			"faces": {
				"north": {"uv": [5, 7.5, 7, 8], "rotation": 180, "texture": "#coffee_machine"},
				"east": {"uv": [0, 0, 2, 1], "texture": "#coffee_machine"},
				"south": {"uv": [5, 7.5, 7, 8], "texture": "#coffee_machine"},
				"west": {"uv": [5, 7.5, 5.5, 8], "texture": "#coffee_machine"},
				"up": {"uv": [5, 7.5, 7, 8], "texture": "#coffee_machine"},
				"down": {"uv": [5, 7.5, 7, 8], "texture": "#coffee_machine"}
			}
		},
		{
			"from": [3, 2, 10],
			"to": [7, 3, 11],
			"rotation": {"angle": 0, "axis": "y", "origin": [-1, 10, 3]},
			"faces": {
				"north": {"uv": [5, 8.5, 7, 9], "rotation": 180, "texture": "#coffee_machine"},
				"east": {"uv": [0, 0, 2, 1], "texture": "#coffee_machine"},
				"south": {"uv": [5, 8.5, 7, 9], "texture": "#coffee_machine"},
				"west": {"uv": [5, 8.5, 5.5, 9], "texture": "#coffee_machine"},
				"up": {"uv": [5, 8.5, 7, 9], "texture": "#coffee_machine"},
				"down": {"uv": [5, 8.5, 7, 9], "texture": "#coffee_machine"}
			}
		},
		{
			"from": [3, 3, 12],
			"to": [4, 5, 13],
			"rotation": {"angle": 0, "axis": "y", "origin": [-1, 11, 5]},
			"faces": {
				"north": {"uv": [5.5, 8, 6.5, 8.5], "rotation": 270, "texture": "#coffee_machine"},
				"east": {"uv": [5.5, 8, 6.5, 8.5], "rotation": 270, "texture": "#coffee_machine"},
				"south": {"uv": [5.5, 8, 6.5, 8.5], "rotation": 270, "texture": "#coffee_machine"},
				"west": {"uv": [5.5, 8, 6.5, 8.5], "rotation": 270, "texture": "#coffee_machine"},
				"up": {"uv": [0, 0, 1, 2], "rotation": 180, "texture": "#coffee_machine"},
				"down": {"uv": [0, 0, 1, 2], "rotation": 180, "texture": "#coffee_machine"}
			}
		},
		{
			"from": [2, 5, 9],
			"to": [5, 11, 14],
			"rotation": {"angle": 0, "axis": "y", "origin": [-6, 9, 7]},
			"faces": {
				"north": {"uv": [8, 0, 10.5, 4.5], "texture": "#coffee_machine"},
				"east": {"uv": [4, 0, 8, 4.5], "texture": "#coffee_machine"},
				"south": {"uv": [8, 0, 10.5, 4.5], "texture": "#coffee_machine"},
				"west": {"uv": [4, 0, 8, 4.5], "texture": "#coffee_machine"},
				"up": {"uv": [8, 4.5, 10.5, 8], "rotation": 180, "texture": "#coffee_machine"},
				"down": {"uv": [10.5, 4.5, 13, 8], "rotation": 180, "texture": "#coffee_machine"}
			}
		},
		{
			"from": [2, 11, 11],
			"to": [4, 12, 13],
			"rotation": {"angle": 0, "axis": "y", "origin": [-6, 10, 7]},
			"faces": {
				"north": {"uv": [10.5, 0, 11, 1], "rotation": 90, "texture": "#coffee_machine"},
				"east": {"uv": [10, 0, 11, 1], "texture": "#coffee_machine"},
				"south": {"uv": [10, 0, 10.5, 1], "rotation": 90, "texture": "#coffee_machine"},
				"west": {"uv": [0, 0, 2, 1], "texture": "#coffee_machine"},
				"up": {"uv": [10, 0, 11, 1], "rotation": 270, "texture": "#coffee_machine"},
				"down": {"uv": [0, 0, 2, 2], "rotation": 180, "texture": "#coffee_machine"}
			}
		},
		{
			"from": [1, 1, 11],
			"to": [2, 12, 13],
			"rotation": {"angle": 0, "axis": "y", "origin": [-7, 10, 7]},
			"faces": {
				"north": {"uv": [10, 0, 10.5, 6], "texture": "#coffee_machine"},
				"east": {"uv": [10, 0, 11, 5.5], "texture": "#coffee_machine"},
				"south": {"uv": [10, 0, 10.5, 6], "texture": "#coffee_machine"},
				"west": {"uv": [10, 0, 11, 6], "texture": "#coffee_machine"},
				"up": {"uv": [10, 0, 11, 0.5], "rotation": 90, "texture": "#coffee_machine"},
				"down": {"uv": [0, 0, 1, 2], "rotation": 180, "texture": "#missing"}
			}
		}
	],
	"display": {
		"thirdperson_righthand": {
			"rotation": [75, 45, 0],
			"translation": [0, 2.5, 0],
			"scale": [0.375, 0.375, 0.375]
		},
		"thirdperson_lefthand": {
			"rotation": [75, 45, 0],
			"translation": [0, 2.5, 0],
			"scale": [0.375, 0.375, 0.375]
		},
		"firstperson_righthand": {
			"rotation": [0, 45, 0],
			"scale": [0.4, 0.4, 0.4]
		},
		"firstperson_lefthand": {
			"rotation": [0, 225, 0],
			"scale": [0.4, 0.4, 0.4]
		},
		"ground": {
			"translation": [0, 3, 0],
			"scale": [0.25, 0.25, 0.25]
		},
		"gui": {
			"rotation": [30, 225, 0],
			"scale": [0.625, 0.625, 0.625]
		},
		"fixed": {
			"scale": [0.5, 0.5, 0.5]
		}
	}
}