{
	"credit": "Made with Blockbench",
	"textures": {
		"particle": "actuallyadditions:blocks/base_texture",
		"base": "actuallyadditions:blocks/base_texture",
		"back": "actuallyadditions:blocks/block_farmer_side",
		"side": "actuallyadditions:blocks/block_firework_box",
		"top": "actuallyadditions:blocks/block_firework_box_top"
	},
	"elements": [
		{
			"from": [0, 0, 0],
			"to": [1, 1, 16],
			"faces": {
				"north": {"uv": [15, 0, 16, 1], "texture": "#base"},
				"east": {"uv": [15, 0, 16, 16], "rotation": 270, "texture": "#base"},
				"south": {"uv": [0, 0, 1, 1], "texture": "#base"},
				"west": {"uv": [15, 0, 16, 16], "rotation": 90, "texture": "#base"},
				"up": {"uv": [15, 0, 16, 16], "rotation": 180, "texture": "#base"},
				"down": {"uv": [15, 0, 16, 16], "texture": "#base"}
			}
		},
		{
			"from": [1, 0, 15],
			"to": [15, 1, 16],
			"rotation": {"angle": 0, "axis": "y", "origin": [9, 8, 23]},
			"faces": {
				"north": {"uv": [1, 0, 15, 1], "rotation": 180, "texture": "#base"},
				"east": {"uv": [0, 0, 1, 1], "texture": "#base"},
				"south": {"uv": [1, 15, 15, 16], "texture": "#base"},
				"west": {"uv": [0, 0, 1, 1], "texture": "#base"},
				"up": {"uv": [1, 15, 15, 16], "texture": "#base"},
				"down": {"uv": [1, 15, 15, 16], "texture": "#base"}
			}
		},
		{
			"from": [15, 0, 0],
			"to": [16, 1, 16],
			"rotation": {"angle": 0, "axis": "y", "origin": [23, 8, 8]},
			"faces": {
				"north": {"uv": [0, 0, 1, 1], "texture": "#base"},
				"east": {"uv": [0, 0, 1, 16], "rotation": 90, "texture": "#base"},
				"south": {"uv": [15, 0, 16, 1], "texture": "#base"},
				"west": {"uv": [15, 0, 16, 16], "rotation": 270, "texture": "#base"},
				"up": {"uv": [0, 0, 1, 16], "texture": "#base"},
				"down": {"uv": [0, 0, 1, 16], "rotation": 180, "texture": "#base"}
			}
		},
		{
			"from": [1, 0, 0],
			"to": [15, 1, 1],
			"rotation": {"angle": 0, "axis": "y", "origin": [9, 8, 8]},
			"faces": {
				"north": {"uv": [1, 15, 15, 16], "texture": "#base"},
				"east": {"uv": [0, 0, 1, 1], "texture": "#base"},
				"south": {"uv": [1, 0, 15, 1], "rotation": 180, "texture": "#base"},
				"west": {"uv": [0, 0, 1, 1], "texture": "#base"},
				"up": {"uv": [1, 15, 15, 16], "rotation": 180, "texture": "#base"},
				"down": {"uv": [1, 15, 15, 16], "rotation": 180, "texture": "#base"}
			}
		},
		{
			"from": [0, 15, 0],
			"to": [1, 16, 16],
			"rotation": {"angle": 0, "axis": "y", "origin": [8, 23, 8]},
			"faces": {
				"north": {"uv": [15, 0, 16, 1], "texture": "#base"},
				"east": {"uv": [15, 0, 16, 16], "rotation": 270, "texture": "#base"},
				"south": {"uv": [0, 0, 1, 1], "texture": "#base"},
				"west": {"uv": [15, 0, 16, 16], "rotation": 90, "texture": "#base"},
				"up": {"uv": [15, 0, 16, 16], "rotation": 180, "texture": "#base"},
				"down": {"uv": [15, 0, 16, 16], "texture": "#base"}
			}
		},
		{
			"from": [15, 15, 0],
			"to": [16, 16, 16],
			"rotation": {"angle": 0, "axis": "y", "origin": [23, 23, 8]},
			"faces": {
				"north": {"uv": [0, 0, 1, 1], "texture": "#base"},
				"east": {"uv": [15, 0, 16, 16], "rotation": 90, "texture": "#base"},
				"south": {"uv": [15, 0, 16, 1], "texture": "#base"},
				"west": {"uv": [15, 0, 16, 16], "rotation": 270, "texture": "#base"},
				"up": {"uv": [15, 0, 16, 16], "texture": "#base"},
				"down": {"uv": [15, 0, 16, 16], "rotation": 180, "texture": "#base"}
			}
		},
		{
			"from": [1, 15, 0],
			"to": [15, 16, 1],
			"rotation": {"angle": 0, "axis": "y", "origin": [9, 23, 8]},
			"faces": {
				"north": {"uv": [1, 0, 15, 1], "texture": "#base"},
				"east": {"uv": [0, 0, 1, 1], "texture": "#base"},
				"south": {"uv": [1, 0, 15, 1], "rotation": 180, "texture": "#base"},
				"west": {"uv": [0, 0, 1, 1], "texture": "#base"},
				"up": {"uv": [1, 0, 15, 1], "rotation": 180, "texture": "#base"},
				"down": {"uv": [1, 0, 15, 1], "rotation": 180, "texture": "#base"}
			}
		},
		{
			"from": [1, 15, 15],
			"to": [15, 16, 16],
			"rotation": {"angle": 0, "axis": "y", "origin": [9, 23, 23]},
			"faces": {
				"north": {"uv": [1, 0, 15, 1], "rotation": 180, "texture": "#base"},
				"east": {"uv": [0, 0, 1, 1], "texture": "#base"},
				"south": {"uv": [1, 0, 15, 1], "texture": "#base"},
				"west": {"uv": [0, 0, 1, 1], "texture": "#base"},
				"up": {"uv": [1, 0, 15, 1], "texture": "#base"},
				"down": {"uv": [1, 0, 15, 1], "texture": "#base"}
			}
		},
		{
			"from": [0, 1, 15],
			"to": [1, 15, 16],
			"rotation": {"angle": 0, "axis": "y", "origin": [8, 9, 23]},
			"faces": {
				"north": {"uv": [0, 1, 1, 15], "texture": "#base"},
				"east": {"uv": [0, 1, 1, 15], "texture": "#base"},
				"south": {"uv": [0, 1, 1, 15], "texture": "#base"},
				"west": {"uv": [0, 1, 1, 15], "texture": "#base"},
				"up": {"uv": [0, 0, 1, 1], "texture": "#base"},
				"down": {"uv": [0, 0, 1, 1], "texture": "#base"}
			}
		},
		{
			"from": [15, 1, 15],
			"to": [16, 15, 16],
			"rotation": {"angle": 0, "axis": "y", "origin": [23, 9, 23]},
			"faces": {
				"north": {"uv": [15, 1, 16, 15], "texture": "#base"},
				"east": {"uv": [15, 1, 16, 15], "texture": "#base"},
				"south": {"uv": [15, 1, 16, 15], "texture": "#base"},
				"west": {"uv": [15, 1, 16, 15], "texture": "#base"},
				"up": {"uv": [0, 0, 1, 1], "texture": "#base"},
				"down": {"uv": [0, 0, 1, 1], "texture": "#base"}
			}
		},
		{
			"from": [15, 1, 0],
			"to": [16, 15, 1],
			"rotation": {"angle": 0, "axis": "y", "origin": [23, 9, 8]},
			"faces": {
				"north": {"uv": [0, 1, 1, 15], "texture": "#base"},
				"east": {"uv": [0, 1, 1, 15], "texture": "#base"},
				"south": {"uv": [0, 1, 1, 15], "texture": "#base"},
				"west": {"uv": [0, 1, 1, 15], "texture": "#base"},
				"up": {"uv": [0, 0, 1, 1], "texture": "#base"},
				"down": {"uv": [0, 0, 1, 1], "texture": "#base"}
			}
		},
		{
			"from": [0, 1, 0],
			"to": [1, 15, 1],
			"rotation": {"angle": 0, "axis": "y", "origin": [8, 9, 8]},
			"faces": {
				"north": {"uv": [15, 1, 16, 15], "texture": "#base"},
				"east": {"uv": [15, 1, 16, 15], "texture": "#base"},
				"south": {"uv": [15, 1, 16, 15], "texture": "#base"},
				"west": {"uv": [15, 1, 16, 15], "texture": "#base"},
				"up": {"uv": [0, 0, 1, 1], "texture": "#base"},
				"down": {"uv": [0, 0, 1, 1], "texture": "#base"}
			}
		},
		{
			"from": [10, 14, 9],
			"to": [12, 15, 10],
			"rotation": {"angle": 0, "axis": "y", "origin": [18, 22, 17]},
			"faces": {
				"north": {"uv": [10, 9, 12, 10], "rotation": 180, "texture": "#top"},
				"east": {"uv": [0, 0, 1, 1], "texture": "#top"},
				"south": {"uv": [10, 9, 12, 10], "texture": "#top"},
				"west": {"uv": [0, 0, 1, 1], "texture": "#top"},
				"up": {"uv": [10, 9, 12, 10], "texture": "#top"},
				"down": {"uv": [0, 0, 2, 1], "texture": "#top"}
			}
		},
		{
			"from": [7, 14, 9],
			"to": [9, 15, 10],
			"rotation": {"angle": 0, "axis": "y", "origin": [15, 22, 17]},
			"faces": {
				"north": {"uv": [7, 9, 9, 10], "rotation": 180, "texture": "#top"},
				"east": {"uv": [0, 0, 1, 1], "texture": "#top"},
				"south": {"uv": [7, 9, 9, 10], "texture": "#top"},
				"west": {"uv": [0, 0, 1, 1], "texture": "#top"},
				"up": {"uv": [7, 9, 9, 10], "texture": "#top"},
				"down": {"uv": [0, 0, 2, 1], "texture": "#top"}
			}
		},
		{
			"from": [4, 14, 9],
			"to": [6, 15, 10],
			"rotation": {"angle": 0, "axis": "y", "origin": [12, 22, 17]},
			"faces": {
				"north": {"uv": [4, 9, 6, 10], "rotation": 180, "texture": "#top"},
				"east": {"uv": [0, 0, 1, 1], "texture": "#top"},
				"south": {"uv": [4, 9, 6, 10], "texture": "#top"},
				"west": {"uv": [0, 0, 1, 1], "texture": "#top"},
				"up": {"uv": [4, 9, 6, 10], "texture": "#top"},
				"down": {"uv": [0, 0, 2, 1], "texture": "#top"}
			}
		},
		{
			"from": [10, 14, 6],
			"to": [12, 15, 7],
			"rotation": {"angle": 0, "axis": "y", "origin": [18, 22, 14]},
			"faces": {
				"north": {"uv": [10, 6, 12, 7], "rotation": 180, "texture": "#top"},
				"east": {"uv": [0, 0, 1, 1], "texture": "#top"},
				"south": {"uv": [10, 6, 12, 7], "texture": "#top"},
				"west": {"uv": [0, 0, 1, 1], "texture": "#top"},
				"up": {"uv": [10, 6, 12, 7], "texture": "#top"},
				"down": {"uv": [0, 0, 2, 1], "texture": "#top"}
			}
		},
		{
			"from": [7, 14, 6],
			"to": [9, 15, 7],
			"rotation": {"angle": 0, "axis": "y", "origin": [15, 22, 14]},
			"faces": {
				"north": {"uv": [7, 6, 9, 7], "rotation": 180, "texture": "#top"},
				"east": {"uv": [0, 0, 1, 1], "texture": "#top"},
				"south": {"uv": [7, 6, 9, 7], "texture": "#top"},
				"west": {"uv": [0, 0, 1, 1], "texture": "#top"},
				"up": {"uv": [7, 6, 9, 7], "texture": "#top"},
				"down": {"uv": [0, 0, 2, 1], "texture": "#top"}
			}
		},
		{
			"from": [4, 14, 6],
			"to": [6, 15, 7],
			"rotation": {"angle": 0, "axis": "y", "origin": [12, 22, 14]},
			"faces": {
				"north": {"uv": [4, 6, 6, 7], "texture": "#top"},
				"east": {"uv": [0, 0, 1, 1], "texture": "#top"},
				"south": {"uv": [4, 6, 6, 7], "texture": "#top"},
				"west": {"uv": [0, 0, 1, 1], "texture": "#top"},
				"up": {"uv": [4, 6, 6, 7], "texture": "#top"},
				"down": {"uv": [0, 0, 2, 1], "texture": "#top"}
			}
		},
		{
			"from": [6, 14, 4],
			"to": [7, 15, 12],
			"rotation": {"angle": 0, "axis": "y", "origin": [14, 22, 12]},
			"faces": {
				"north": {"uv": [6, 4, 7, 5], "texture": "#top"},
				"east": {"uv": [6, 4, 7, 12], "rotation": 90, "texture": "#top"},
				"south": {"uv": [0, 0, 1, 1], "texture": "#top"},
				"west": {"uv": [6, 4, 7, 12], "rotation": 270, "texture": "#top"},
				"up": {"uv": [6, 4, 7, 12], "texture": "#top"},
				"down": {"uv": [0, 0, 1, 8], "texture": "#top"}
			}
		},
		{
			"from": [9, 14, 4],
			"to": [10, 15, 12],
			"rotation": {"angle": 0, "axis": "y", "origin": [17, 22, 12]},
			"faces": {
				"north": {"uv": [6, 4, 7, 5], "texture": "#top"},
				"east": {"uv": [9, 4, 10, 12], "rotation": 90, "texture": "#top"},
				"south": {"uv": [0, 0, 1, 1], "texture": "#top"},
				"west": {"uv": [9, 4, 10, 12], "rotation": 270, "texture": "#top"},
				"up": {"uv": [9, 4, 10, 12], "texture": "#top"},
				"down": {"uv": [0, 0, 1, 8], "texture": "#top"}
			}
		},
		{
			"from": [4, 14, 12],
			"to": [12, 15, 14],
			"rotation": {"angle": 0, "axis": "y", "origin": [12, 22, 20]},
			"faces": {
				"north": {"uv": [4, 12, 12, 13], "rotation": 180, "texture": "#top"},
				"east": {"uv": [12, 2, 13, 14], "rotation": 90, "texture": "#top"},
				"south": {"uv": [4, 3, 12, 4], "texture": "#top"},
				"west": {"uv": [4, 2, 12, 4], "texture": "#top"},
				"up": {"uv": [4, 12, 12, 14], "texture": "#top"},
				"down": {"uv": [0, 0, 2, 12], "texture": "#top"}
			}
		},
		{
			"from": [4, 14, 2],
			"to": [12, 15, 4],
			"rotation": {"angle": 0, "axis": "y", "origin": [12, 22, 10]},
			"faces": {
				"north": {"uv": [0, 0, 2, 1], "texture": "#top"},
				"east": {"uv": [12, 2, 13, 14], "rotation": 90, "texture": "#top"},
				"south": {"uv": [4, 3, 12, 4], "texture": "#top"},
				"west": {"uv": [4, 2, 12, 4], "texture": "#top"},
				"up": {"uv": [4, 2, 12, 4], "texture": "#top"},
				"down": {"uv": [0, 0, 2, 12], "texture": "#top"}
			}
		},
		{
			"from": [12, 14, 2],
			"to": [14, 15, 14],
			"rotation": {"angle": 0, "axis": "y", "origin": [20, 22, 10]},
			"faces": {
				"north": {"uv": [0, 0, 2, 1], "texture": "#top"},
				"east": {"uv": [12, 2, 13, 14], "rotation": 90, "texture": "#top"},
				"south": {"uv": [0, 0, 2, 1], "texture": "#top"},
				"west": {"uv": [12, 2, 13, 14], "rotation": 270, "texture": "#top"},
				"up": {"uv": [12, 2, 14, 14], "texture": "#top"},
				"down": {"uv": [0, 0, 2, 12], "texture": "#top"}
			}
		},
		{
			"from": [2, 14, 2],
			"to": [4, 15, 14],
			"rotation": {"angle": 0, "axis": "y", "origin": [10, 22, 10]},
			"faces": {
				"north": {"uv": [0, 0, 2, 1], "texture": "#top"},
				"east": {"uv": [3, 2, 4, 14], "rotation": 90, "texture": "#top"},
				"south": {"uv": [0, 0, 2, 1], "texture": "#top"},
				"west": {"uv": [0, 0, 12, 1], "texture": "#top"},
				"up": {"uv": [2, 2, 4, 14], "texture": "#top"},
				"down": {"uv": [0, 0, 2, 12], "texture": "#top"}
			}
		},
		{
			"from": [2, 13, 2],
			"to": [14, 14, 14],
			"rotation": {"angle": 0, "axis": "y", "origin": [8, 21, 8]},
			"faces": {
				"north": {"uv": [0, 0, 12, 1], "texture": "#base"},
				"east": {"uv": [0, 0, 12, 1], "texture": "#base"},
				"south": {"uv": [0, 0, 12, 1], "texture": "#base"},
				"west": {"uv": [0, 0, 12, 1], "texture": "#base"},
				"up": {"uv": [2, 2, 14, 14], "texture": "#top"},
				"down": {"uv": [2, 2, 14, 14], "texture": "#base"}
			}
		},
		{
			"from": [2, 0, 2],
			"to": [14, 1, 14],
			"faces": {
				"north": {"uv": [0, 0, 12, 1], "texture": "#base"},
				"east": {"uv": [0, 0, 12, 1], "texture": "#base"},
				"south": {"uv": [0, 0, 12, 1], "texture": "#base"},
				"west": {"uv": [0, 0, 12, 1], "texture": "#base"},
				"up": {"uv": [2, 2, 14, 14], "texture": "#base"},
				"down": {"uv": [2, 2, 14, 14], "texture": "#base"}
			}
		},
		{
			"from": [1, 0, 2],
			"to": [2, 15, 14],
			"faces": {
				"north": {"uv": [0, 0, 1, 15], "texture": "#missing"},
				"east": {"uv": [1, 2, 2, 14], "rotation": 90, "texture": "#top"},
				"south": {"uv": [0, 0, 1, 15], "texture": "#missing"},
				"west": {"uv": [2, 1, 14, 16], "texture": "#side"},
				"up": {"uv": [1, 2, 2, 14], "texture": "#base"},
				"down": {"uv": [14, 2, 15, 14], "texture": "#base"}
			}
		},
		{
			"from": [14, 0, 2],
			"to": [15, 15, 14],
			"faces": {
				"north": {"uv": [0, 0, 1, 15], "texture": "#missing"},
				"east": {"uv": [2, 1, 14, 16], "texture": "#side"},
				"south": {"uv": [0, 0, 1, 15], "texture": "#missing"},
				"west": {"uv": [14, 2, 15, 14], "rotation": 270, "texture": "#top"},
				"up": {"uv": [14, 2, 15, 14], "texture": "#base"},
				"down": {"uv": [1, 2, 2, 14], "texture": "#base"}
			}
		},
		{
			"from": [1, 0, 1],
			"to": [15, 15, 2],
			"rotation": {"angle": 0, "axis": "y", "origin": [9, 8, 9]},
			"faces": {
				"north": {"uv": [1, 1, 15, 16], "texture": "#side"},
				"east": {"uv": [1, 1, 2, 16], "texture": "#back"},
				"south": {"uv": [1, 14, 15, 15], "texture": "#top"},
				"west": {"uv": [14, 1, 15, 16], "texture": "#back"},
				"up": {"uv": [1, 14, 15, 15], "texture": "#base"},
				"down": {"uv": [1, 14, 15, 15], "texture": "#base"}
			}
		},
		{
			"from": [1, 0, 14],
			"to": [15, 15, 15],
			"rotation": {"angle": 0, "axis": "y", "origin": [9, 8, 22]},
			"faces": {
				"north": {"uv": [1, 14, 15, 15], "rotation": 180, "texture": "#top"},
				"east": {"uv": [1, 1, 2, 16], "texture": "#back"},
				"south": {"uv": [1, 1, 15, 16], "texture": "#back"},
				"west": {"uv": [14, 1, 15, 16], "texture": "#back"},
				"up": {"uv": [1, 14, 15, 15], "texture": "#base"},
				"down": {"uv": [1, 14, 15, 15], "texture": "#base"}
			}
		}
	],
	"display": {
		"thirdperson_righthand": {
			"rotation": [75, 45, 0],
			"translation": [0, 2.5, 0],
			"scale": [0.375, 0.375, 0.375]
		},
		"thirdperson_lefthand": {
			"rotation": [75, 45, 0],
			"translation": [0, 2.5, 0],
			"scale": [0.375, 0.375, 0.375]
		},
		"firstperson_righthand": {
			"rotation": [0, 45, 0],
			"scale": [0.4, 0.4, 0.4]
		},
		"firstperson_lefthand": {
			"rotation": [0, 225, 0],
			"scale": [0.4, 0.4, 0.4]
		},
		"ground": {
			"translation": [0, 3, 0],
			"scale": [0.25, 0.25, 0.25]
		},
		"gui": {
			"rotation": [30, 225, 0],
			"scale": [0.625, 0.625, 0.625]
		},
		"head": {
			"rotation": [0, 180, 0],
			"translation": [0, 13, 7]
		},
		"fixed": {
			"scale": [0.5, 0.5, 0.5]
		}
	}
}