{
	"credit": "Made with Blockbench",
	"textures": {
		"particle": "actuallyadditions:blocks/base_texture",
		"base": "actuallyadditions:blocks/base_texture",
		"front": "actuallyadditions:blocks/block_atomic_reconstructor_front",
		"side": "actuallyadditions:blocks/block_atomic_reconstructor"
	},
	"elements": [
		{
			"from": [0, 15, 0],
			"to": [1, 16, 16],
			"faces": {
				"north": {"uv": [15, 0, 16, 1], "texture": "#base"},
				"east": {"uv": [15, 0, 16, 16], "rotation": 270, "texture": "#base"},
				"south": {"uv": [0, 0, 1, 1], "texture": "#base"},
				"west": {"uv": [15, 0, 16, 16], "rotation": 90, "texture": "#base"},
				"up": {"uv": [15, 0, 16, 16], "rotation": 180, "texture": "#base"},
				"down": {"uv": [15, 0, 16, 16], "texture": "#base"}
			}
		},
		{
			"from": [15, 15, 0],
			"to": [16, 16, 16],
			"faces": {
				"north": {"uv": [0, 0, 1, 1], "texture": "#base"},
				"east": {"uv": [15, 0, 16, 16], "rotation": 90, "texture": "#base"},
				"south": {"uv": [15, 0, 16, 1], "texture": "#base"},
				"west": {"uv": [15, 0, 16, 16], "rotation": 270, "texture": "#base"},
				"up": {"uv": [15, 0, 16, 16], "texture": "#base"},
				"down": {"uv": [15, 0, 16, 16], "rotation": 180, "texture": "#base"}
			}
		},
		{
			"from": [1, 15, 0],
			"to": [15, 16, 1],
			"faces": {
				"north": {"uv": [1, 0, 15, 1], "texture": "#base"},
				"east": {"uv": [0, 0, 1, 1], "texture": "#missing"},
				"south": {"uv": [1, 0, 15, 1], "rotation": 180, "texture": "#base"},
				"west": {"uv": [0, 0, 1, 1], "texture": "#missing"},
				"up": {"uv": [1, 0, 15, 1], "rotation": 180, "texture": "#base"},
				"down": {"uv": [1, 0, 15, 1], "rotation": 180, "texture": "#base"}
			}
		},
		{
			"from": [1, 15, 15],
			"to": [15, 16, 16],
			"faces": {
				"north": {"uv": [1, 0, 15, 1], "rotation": 180, "texture": "#base"},
				"east": {"uv": [0, 0, 1, 1], "texture": "#missing"},
				"south": {"uv": [1, 0, 15, 1], "texture": "#base"},
				"west": {"uv": [0, 0, 1, 1], "texture": "#missing"},
				"up": {"uv": [1, 0, 15, 1], "texture": "#base"},
				"down": {"uv": [1, 0, 15, 1], "texture": "#base"}
			}
		},
		{
			"from": [1, 0, 15],
			"to": [15, 1, 16],
			"faces": {
				"north": {"uv": [1, 15, 15, 16], "rotation": 180, "texture": "#base"},
				"east": {"uv": [0, 0, 1, 1], "texture": "#missing"},
				"south": {"uv": [1, 15, 15, 16], "texture": "#base"},
				"west": {"uv": [0, 0, 1, 1], "texture": "#missing"},
				"up": {"uv": [1, 15, 15, 16], "texture": "#base"},
				"down": {"uv": [1, 15, 15, 16], "texture": "#base"}
			}
		},
		{
			"from": [1, 0, 0],
			"to": [15, 1, 1],
			"faces": {
				"north": {"uv": [1, 15, 15, 16], "texture": "#base"},
				"east": {"uv": [0, 0, 1, 1], "texture": "#missing"},
				"south": {"uv": [1, 15, 15, 16], "rotation": 180, "texture": "#base"},
				"west": {"uv": [0, 0, 1, 1], "texture": "#missing"},
				"up": {"uv": [1, 15, 15, 16], "rotation": 180, "texture": "#base"},
				"down": {"uv": [1, 15, 15, 16], "rotation": 180, "texture": "#base"}
			}
		},
		{
			"from": [15, 0, 0],
			"to": [16, 1, 16],
			"faces": {
				"north": {"uv": [0, 15, 1, 16], "texture": "#base"},
				"east": {"uv": [0, 0, 1, 16], "rotation": 270, "texture": "#base"},
				"south": {"uv": [15, 15, 16, 16], "texture": "#base"},
				"west": {"uv": [0, 0, 1, 16], "rotation": 90, "texture": "#base"},
				"up": {"uv": [0, 0, 1, 16], "rotation": 180, "texture": "#base"},
				"down": {"uv": [0, 0, 1, 16], "texture": "#base"}
			}
		},
		{
			"from": [0, 0, 0],
			"to": [1, 1, 16],
			"faces": {
				"north": {"uv": [15, 15, 16, 16], "texture": "#base"},
				"east": {"uv": [0, 0, 1, 16], "rotation": 90, "texture": "#base"},
				"south": {"uv": [0, 15, 1, 16], "texture": "#base"},
				"west": {"uv": [0, 0, 1, 16], "rotation": 270, "texture": "#base"},
				"up": {"uv": [0, 0, 1, 16], "texture": "#base"},
				"down": {"uv": [0, 0, 1, 16], "rotation": 180, "texture": "#base"}
			}
		},
		{
			"from": [0, 1, 15],
			"to": [1, 15, 16],
			"faces": {
				"north": {"uv": [0, 1, 1, 15], "texture": "#base"},
				"east": {"uv": [0, 1, 1, 15], "texture": "#base"},
				"south": {"uv": [0, 1, 1, 15], "texture": "#base"},
				"west": {"uv": [0, 1, 1, 15], "texture": "#base"},
				"up": {"uv": [0, 0, 1, 1], "texture": "#missing"},
				"down": {"uv": [0, 0, 1, 1], "texture": "#missing"}
			}
		},
		{
			"from": [15, 1, 15],
			"to": [16, 15, 16],
			"faces": {
				"north": {"uv": [15, 1, 16, 15], "texture": "#base"},
				"east": {"uv": [15, 1, 16, 15], "texture": "#base"},
				"south": {"uv": [15, 1, 16, 15], "texture": "#base"},
				"west": {"uv": [15, 1, 16, 15], "texture": "#base"},
				"up": {"uv": [0, 0, 1, 1], "texture": "#missing"},
				"down": {"uv": [0, 0, 1, 1], "texture": "#missing"}
			}
		},
		{
			"from": [15, 1, 0],
			"to": [16, 15, 1],
			"faces": {
				"north": {"uv": [0, 1, 1, 15], "texture": "#base"},
				"east": {"uv": [0, 1, 1, 15], "texture": "#base"},
				"south": {"uv": [0, 1, 1, 15], "texture": "#base"},
				"west": {"uv": [0, 1, 1, 15], "texture": "#base"},
				"up": {"uv": [0, 0, 1, 1], "texture": "#missing"},
				"down": {"uv": [0, 0, 1, 1], "texture": "#missing"}
			}
		},
		{
			"from": [0, 1, 0],
			"to": [1, 15, 1],
			"faces": {
				"north": {"uv": [15, 1, 16, 15], "texture": "#base"},
				"east": {"uv": [15, 1, 16, 15], "texture": "#base"},
				"south": {"uv": [15, 1, 16, 15], "texture": "#base"},
				"west": {"uv": [15, 1, 16, 15], "texture": "#base"},
				"up": {"uv": [0, 0, 1, 1], "texture": "#missing"},
				"down": {"uv": [0, 0, 1, 1], "texture": "#missing"}
			}
		},
		{
			"from": [1, 14, 1],
			"to": [15, 15, 15],
			"faces": {
				"north": {"uv": [1, 1, 15, 2], "rotation": 180, "texture": "#base"},
				"east": {"uv": [1, 1, 15, 2], "texture": "#base"},
				"south": {"uv": [1, 1, 15, 2], "texture": "#base"},
				"west": {"uv": [1, 1, 15, 2], "texture": "#base"},
				"up": {"uv": [1, 1, 15, 15], "texture": "#base"},
				"down": {"uv": [1, 1, 15, 15], "rotation": 180, "texture": "#base"}
			}
		},
		{
			"from": [1, 1, 1],
			"to": [15, 2, 15],
			"faces": {
				"north": {"uv": [1, 1, 15, 2], "rotation": 180, "texture": "#base"},
				"east": {"uv": [1, 14, 15, 15], "texture": "#base"},
				"south": {"uv": [1, 14, 15, 15], "texture": "#base"},
				"west": {"uv": [1, 14, 15, 15], "texture": "#base"},
				"up": {"uv": [1, 1, 15, 15], "texture": "#base"},
				"down": {"uv": [1, 1, 15, 15], "rotation": 180, "texture": "#base"}
			}
		},
		{
			"from": [10, 10, 1],
			"to": [11, 11, 2],
			"faces": {
				"north": {"uv": [5, 5, 6, 6], "texture": "#front"},
				"east": {"uv": [5, 5, 6, 6], "texture": "#front"},
				"south": {"uv": [5, 5, 6, 6], "texture": "#front"},
				"west": {"uv": [5, 5, 6, 6], "texture": "#front"},
				"up": {"uv": [5, 5, 6, 6], "texture": "#front"},
				"down": {"uv": [5, 5, 6, 6], "texture": "#front"}
			}
		},
		{
			"from": [10, 5, 1],
			"to": [11, 6, 2],
			"faces": {
				"north": {"uv": [5, 10, 6, 11], "texture": "#front"},
				"east": {"uv": [5, 10, 6, 11], "texture": "#front"},
				"south": {"uv": [5, 10, 6, 11], "texture": "#front"},
				"west": {"uv": [5, 10, 6, 11], "texture": "#front"},
				"up": {"uv": [5, 10, 6, 11], "texture": "#front"},
				"down": {"uv": [5, 10, 6, 11], "texture": "#front"}
			}
		},
		{
			"from": [5, 10, 1],
			"to": [6, 11, 2],
			"faces": {
				"north": {"uv": [10, 5, 11, 6], "texture": "#front"},
				"east": {"uv": [10, 5, 11, 6], "texture": "#front"},
				"south": {"uv": [10, 5, 11, 6], "texture": "#front"},
				"west": {"uv": [10, 5, 11, 6], "texture": "#front"},
				"up": {"uv": [10, 5, 11, 6], "texture": "#front"},
				"down": {"uv": [10, 5, 11, 6], "texture": "#front"}
			}
		},
		{
			"from": [5, 5, 1],
			"to": [6, 6, 2],
			"faces": {
				"north": {"uv": [10, 10, 11, 11], "texture": "#front"},
				"east": {"uv": [10, 10, 11, 11], "texture": "#front"},
				"south": {"uv": [10, 10, 11, 11], "texture": "#front"},
				"west": {"uv": [10, 10, 11, 11], "texture": "#front"},
				"up": {"uv": [10, 10, 11, 11], "texture": "#front"},
				"down": {"uv": [10, 10, 11, 11], "texture": "#front"}
			}
		},
		{
			"from": [5, 11, 1],
			"to": [11, 14, 2],
			"faces": {
				"north": {"uv": [5, 2, 11, 5], "texture": "#front"},
				"east": {"uv": [0, 0, 1, 3], "texture": "#front"},
				"south": {"uv": [0, 0, 6, 3], "texture": "#front"},
				"west": {"uv": [0, 0, 1, 3], "texture": "#front"},
				"up": {"uv": [5, 2, 11, 3], "rotation": 180, "texture": "#front"},
				"down": {"uv": [5, 4, 11, 5], "rotation": 180, "texture": "#front"}
			}
		},
		{
			"from": [5, 2, 1],
			"to": [11, 5, 2],
			"faces": {
				"north": {"uv": [5, 11, 11, 14], "texture": "#front"},
				"east": {"uv": [0, 0, 1, 3], "texture": "#front"},
				"south": {"uv": [0, 0, 6, 3], "texture": "#front"},
				"west": {"uv": [0, 0, 1, 3], "texture": "#front"},
				"up": {"uv": [5, 11, 11, 12], "texture": "#front"},
				"down": {"uv": [5, 13, 11, 14], "rotation": 180, "texture": "#front"}
			}
		},
		{
			"from": [2, 2, 1],
			"to": [5, 14, 2],
			"faces": {
				"north": {"uv": [11, 2, 14, 14], "texture": "#front"},
				"east": {"uv": [11, 2, 12, 14], "texture": "#front"},
				"south": {"uv": [0, 0, 3, 12], "texture": "#front"},
				"west": {"uv": [13, 2, 14, 14], "texture": "#front"},
				"up": {"uv": [11, 2, 14, 3], "texture": "#front"},
				"down": {"uv": [11, 13, 14, 14], "texture": "#front"}
			}
		},
		{
			"from": [11, 2, 1],
			"to": [14, 14, 2],
			"faces": {
				"north": {"uv": [2, 2, 5, 14], "texture": "#front"},
				"east": {"uv": [2, 2, 3, 14], "texture": "#front"},
				"south": {"uv": [0, 0, 3, 12], "texture": "#front"},
				"west": {"uv": [4, 2, 5, 14], "texture": "#front"},
				"up": {"uv": [2, 2, 5, 3], "texture": "#front"},
				"down": {"uv": [2, 13, 5, 14], "texture": "#front"}
			}
		},
		{
			"from": [14, 2, 1],
			"to": [15, 14, 15],
			"faces": {
				"north": {"uv": [1, 2, 2, 14], "texture": "#front"},
				"east": {"uv": [1, 2, 15, 14], "texture": "#side"},
				"south": {"uv": [14, 2, 15, 14], "texture": "#side"},
				"west": {"uv": [2, 2, 16, 14], "texture": "#base"},
				"up": {"uv": [2, 2, 16, 3], "rotation": 270, "texture": "#missing"},
				"down": {"uv": [2, 13, 16, 14], "rotation": 90, "texture": "#missing"}
			}
		},
		{
			"from": [1, 2, 1],
			"to": [2, 14, 15],
			"faces": {
				"north": {"uv": [14, 2, 15, 14], "texture": "#front"},
				"east": {"uv": [2, 2, 16, 14], "texture": "#base"},
				"south": {"uv": [1, 2, 2, 14], "texture": "#side"},
				"west": {"uv": [1, 2, 15, 14], "texture": "#side"},
				"up": {"uv": [2, 2, 16, 3], "rotation": 90, "texture": "#missing"},
				"down": {"uv": [2, 13, 16, 14], "rotation": 270, "texture": "#missing"}
			}
		},
		{
			"from": [2, 2, 14],
			"to": [14, 14, 15],
			"faces": {
				"north": {"uv": [2, 2, 14, 14], "texture": "#base"},
				"east": {"uv": [13, 2, 14, 14], "texture": "#missing"},
				"south": {"uv": [2, 2, 14, 14], "texture": "#side"},
				"west": {"uv": [2, 2, 3, 14], "texture": "#missing"},
				"up": {"uv": [2, 2, 14, 3], "texture": "#missing"},
				"down": {"uv": [2, 13, 14, 14], "texture": "#missing"}
			}
		},
		{
			"from": [2, 2, 2],
			"to": [14, 14, 3],
			"faces": {
				"north": {"uv": [2, 2, 14, 14], "texture": "#front"},
				"east": {"uv": [2, 2, 3, 14], "texture": "#base"},
				"south": {"uv": [2, 2, 14, 14], "texture": "#base"},
				"west": {"uv": [13, 2, 14, 14], "texture": "#base"},
				"up": {"uv": [2, 2, 14, 3], "rotation": 180, "texture": "#base"},
				"down": {"uv": [2, 13, 14, 14], "rotation": 180, "texture": "#base"}
			}
		}
	],
	"display": {
		"thirdperson_righthand": {
			"rotation": [-15, 0, 45],
			"translation": [0, 2.5, 0],
			"scale": [0.375, 0.375, 0.375]
		},
		"thirdperson_lefthand": {
			"rotation": [-15, 0, 45],
			"translation": [0, 2.5, 0],
			"scale": [0.375, 0.375, 0.375]
		},
		"firstperson_righthand": {
			"rotation": [-90, 0, 45],
			"scale": [0.4, 0.4, 0.4]
		},
		"firstperson_lefthand": {
			"rotation": [-90, 0, -45],
			"scale": [0.4, 0.4, 0.4]
		},
		"ground": {
			"rotation": [-90, 0, 0],
			"translation": [0, 3, 0],
			"scale": [0.25, 0.25, 0.25]
		},
		"gui": {
			"rotation": [-60, 0, -135],
			"scale": [0.625, 0.625, 0.625]
		},
		"head": {
			"rotation": [-90, 0, 0]
		},
		"fixed": {
			"rotation": [-90, 0, 0],
			"scale": [0.5, 0.5, 0.5]
		}
	}
}