{
	"credit": "Made with Blockbench",
	"textures": {
		"particle": "actuallyadditions:blocks/base_texture",
		"base": "actuallyadditions:blocks/base_texture",
		"side": "actuallyadditions:blocks/block_item_repairer_a",
		"front": "actuallyadditions:blocks/block_item_repairer_b",
		"top": "actuallyadditions:blocks/block_item_repairer_top"
	},
	"elements": [
		{
			"from": [0, 15, 0],
			"to": [1, 16, 16],
			"rotation": {"angle": 0, "axis": "y", "origin": [8, 23, 8]},
			"faces": {
				"north": {"uv": [15, 0, 16, 1], "texture": "#base"},
				"east": {"uv": [15, 0, 16, 16], "rotation": 270, "texture": "#base"},
				"south": {"uv": [0, 0, 1, 1], "texture": "#base"},
				"west": {"uv": [15, 0, 16, 16], "rotation": 90, "texture": "#base"},
				"up": {"uv": [15, 0, 16, 16], "rotation": 180, "texture": "#base"},
				"down": {"uv": [15, 0, 16, 16], "texture": "#base"}
			}
		},
		{
			"from": [15, 15, 0],
			"to": [16, 16, 16],
			"rotation": {"angle": 0, "axis": "y", "origin": [23, 23, 8]},
			"faces": {
				"north": {"uv": [0, 0, 1, 1], "texture": "#base"},
				"east": {"uv": [15, 0, 16, 16], "rotation": 90, "texture": "#base"},
				"south": {"uv": [15, 0, 16, 1], "texture": "#base"},
				"west": {"uv": [15, 0, 16, 16], "rotation": 270, "texture": "#base"},
				"up": {"uv": [15, 0, 16, 16], "texture": "#base"},
				"down": {"uv": [15, 0, 16, 16], "rotation": 180, "texture": "#base"}
			}
		},
		{
			"from": [1, 15, 0],
			"to": [15, 16, 1],
			"rotation": {"angle": 0, "axis": "y", "origin": [9, 23, 8]},
			"faces": {
				"north": {"uv": [1, 0, 15, 1], "texture": "#base"},
				"east": {"uv": [0, 0, 1, 1], "texture": "#base"},
				"south": {"uv": [1, 0, 15, 1], "rotation": 180, "texture": "#base"},
				"west": {"uv": [0, 0, 1, 1], "texture": "#base"},
				"up": {"uv": [1, 0, 15, 1], "rotation": 180, "texture": "#base"},
				"down": {"uv": [1, 0, 15, 1], "rotation": 180, "texture": "#base"}
			}
		},
		{
			"from": [1, 15, 15],
			"to": [15, 16, 16],
			"rotation": {"angle": 0, "axis": "y", "origin": [9, 23, 23]},
			"faces": {
				"north": {"uv": [1, 0, 15, 1], "rotation": 180, "texture": "#base"},
				"east": {"uv": [0, 0, 1, 1], "texture": "#base"},
				"south": {"uv": [1, 0, 15, 1], "texture": "#base"},
				"west": {"uv": [0, 0, 1, 1], "texture": "#base"},
				"up": {"uv": [1, 0, 15, 1], "texture": "#base"},
				"down": {"uv": [1, 0, 15, 1], "texture": "#base"}
			}
		},
		{
			"from": [1, 0, 15],
			"to": [15, 1, 16],
			"rotation": {"angle": 0, "axis": "y", "origin": [9, 8, 23]},
			"faces": {
				"north": {"uv": [1, 15, 15, 16], "rotation": 180, "texture": "#base"},
				"east": {"uv": [0, 0, 1, 1], "texture": "#base"},
				"south": {"uv": [1, 15, 15, 16], "texture": "#base"},
				"west": {"uv": [0, 0, 1, 1], "texture": "#base"},
				"up": {"uv": [1, 15, 15, 16], "texture": "#base"},
				"down": {"uv": [1, 15, 15, 16], "texture": "#base"}
			}
		},
		{
			"from": [1, 0, 0],
			"to": [15, 1, 1],
			"rotation": {"angle": 0, "axis": "y", "origin": [9, 8, 8]},
			"faces": {
				"north": {"uv": [1, 15, 15, 16], "texture": "#base"},
				"east": {"uv": [0, 0, 1, 1], "texture": "#base"},
				"south": {"uv": [1, 15, 15, 16], "rotation": 180, "texture": "#base"},
				"west": {"uv": [0, 0, 1, 1], "texture": "#base"},
				"up": {"uv": [1, 15, 15, 16], "rotation": 180, "texture": "#base"},
				"down": {"uv": [1, 15, 15, 16], "rotation": 180, "texture": "#base"}
			}
		},
		{
			"from": [15, 0, 0],
			"to": [16, 1, 16],
			"rotation": {"angle": 0, "axis": "y", "origin": [23, 8, 8]},
			"faces": {
				"north": {"uv": [0, 15, 1, 16], "texture": "#base"},
				"east": {"uv": [0, 0, 1, 16], "rotation": 270, "texture": "#base"},
				"south": {"uv": [15, 15, 16, 16], "texture": "#base"},
				"west": {"uv": [0, 0, 1, 16], "rotation": 90, "texture": "#base"},
				"up": {"uv": [0, 0, 1, 16], "rotation": 180, "texture": "#base"},
				"down": {"uv": [0, 0, 1, 16], "texture": "#base"}
			}
		},
		{
			"from": [0, 0, 0],
			"to": [1, 1, 16],
			"faces": {
				"north": {"uv": [15, 15, 16, 16], "texture": "#base"},
				"east": {"uv": [0, 0, 1, 16], "rotation": 90, "texture": "#base"},
				"south": {"uv": [0, 15, 1, 16], "texture": "#base"},
				"west": {"uv": [0, 0, 1, 16], "rotation": 270, "texture": "#base"},
				"up": {"uv": [0, 0, 1, 16], "texture": "#base"},
				"down": {"uv": [0, 0, 1, 16], "rotation": 180, "texture": "#base"}
			}
		},
		{
			"from": [0, 1, 15],
			"to": [1, 15, 16],
			"rotation": {"angle": 0, "axis": "y", "origin": [8, 9, 23]},
			"faces": {
				"north": {"uv": [0, 1, 1, 15], "texture": "#base"},
				"east": {"uv": [0, 1, 1, 15], "texture": "#base"},
				"south": {"uv": [0, 1, 1, 15], "texture": "#base"},
				"west": {"uv": [0, 1, 1, 15], "texture": "#base"},
				"up": {"uv": [0, 0, 1, 1], "texture": "#base"},
				"down": {"uv": [0, 0, 1, 1], "texture": "#base"}
			}
		},
		{
			"from": [15, 1, 15],
			"to": [16, 15, 16],
			"rotation": {"angle": 0, "axis": "y", "origin": [23, 9, 23]},
			"faces": {
				"north": {"uv": [15, 1, 16, 15], "texture": "#base"},
				"east": {"uv": [15, 1, 16, 15], "texture": "#base"},
				"south": {"uv": [15, 1, 16, 15], "texture": "#base"},
				"west": {"uv": [15, 1, 16, 15], "texture": "#base"},
				"up": {"uv": [0, 0, 1, 1], "texture": "#base"},
				"down": {"uv": [0, 0, 1, 1], "texture": "#base"}
			}
		},
		{
			"from": [15, 1, 0],
			"to": [16, 15, 1],
			"rotation": {"angle": 0, "axis": "y", "origin": [23, 9, 8]},
			"faces": {
				"north": {"uv": [0, 1, 1, 15], "texture": "#base"},
				"east": {"uv": [0, 1, 1, 15], "texture": "#base"},
				"south": {"uv": [0, 1, 1, 15], "texture": "#base"},
				"west": {"uv": [0, 1, 1, 15], "texture": "#base"},
				"up": {"uv": [0, 0, 1, 1], "texture": "#base"},
				"down": {"uv": [0, 0, 1, 1], "texture": "#base"}
			}
		},
		{
			"from": [0, 1, 0],
			"to": [1, 15, 1],
			"rotation": {"angle": 0, "axis": "y", "origin": [8, 9, 8]},
			"faces": {
				"north": {"uv": [15, 1, 16, 15], "texture": "#base"},
				"east": {"uv": [15, 1, 16, 15], "texture": "#base"},
				"south": {"uv": [15, 1, 16, 15], "texture": "#base"},
				"west": {"uv": [15, 1, 16, 15], "texture": "#base"},
				"up": {"uv": [0, 0, 1, 1], "texture": "#base"},
				"down": {"uv": [0, 0, 1, 1], "texture": "#base"}
			}
		},
		{
			"from": [1, 1, 1],
			"to": [15, 2, 15],
			"faces": {
				"north": {"uv": [1, 14, 15, 15], "texture": "#front"},
				"east": {"uv": [1, 14, 15, 15], "texture": "#side"},
				"south": {"uv": [1, 14, 15, 15], "rotation": 180, "texture": "#side"},
				"west": {"uv": [1, 14, 15, 15], "texture": "#side"},
				"up": {"uv": [1, 1, 15, 15], "texture": "#base"},
				"down": {"uv": [1, 1, 15, 15], "rotation": 180, "texture": "#base"}
			}
		},
		{
			"from": [14, 2, 1],
			"to": [15, 15, 15],
			"rotation": {"angle": 0, "axis": "y", "origin": [22, 8, 8]},
			"faces": {
				"north": {"uv": [1, 1, 2, 14], "texture": "#front"},
				"east": {"uv": [1, 1, 15, 14], "texture": "#side"},
				"south": {"uv": [14, 1, 15, 14], "texture": "#side"},
				"west": {"uv": [2, 2, 16, 14], "texture": "#base"},
				"up": {"uv": [14, 1, 15, 15], "texture": "#top"},
				"down": {"uv": [2, 13, 16, 14], "rotation": 90, "texture": "#base"}
			}
		},
		{
			"from": [1, 2, 1],
			"to": [2, 15, 15],
			"rotation": {"angle": 0, "axis": "y", "origin": [9, 8, 8]},
			"faces": {
				"north": {"uv": [14, 1, 15, 14], "texture": "#front"},
				"east": {"uv": [2, 2, 16, 14], "texture": "#base"},
				"south": {"uv": [1, 1, 2, 14], "texture": "#side"},
				"west": {"uv": [1, 1, 15, 14], "texture": "#side"},
				"up": {"uv": [1, 1, 2, 15], "texture": "#base"},
				"down": {"uv": [2, 13, 16, 14], "rotation": 270, "texture": "#base"}
			}
		},
		{
			"from": [2, 2, 14],
			"to": [14, 15, 15],
			"rotation": {"angle": 0, "axis": "y", "origin": [8, 9, 22]},
			"faces": {
				"north": {"uv": [2, 2, 14, 14], "texture": "#base"},
				"east": {"uv": [13, 2, 14, 14], "texture": "#base"},
				"south": {"uv": [2, 1, 14, 14], "texture": "#side"},
				"west": {"uv": [2, 2, 3, 14], "texture": "#base"},
				"up": {"uv": [2, 14, 14, 15], "texture": "#top"},
				"down": {"uv": [2, 13, 14, 14], "texture": "#base"}
			}
		},
		{
			"from": [2, 2, 1],
			"to": [14, 15, 2],
			"rotation": {"angle": 0, "axis": "y", "origin": [8, 8, 9]},
			"faces": {
				"north": {"uv": [2, 1, 14, 14], "texture": "#front"},
				"east": {"uv": [2, 2, 3, 14], "texture": "#base"},
				"south": {"uv": [2, 2, 14, 14], "texture": "#base"},
				"west": {"uv": [13, 2, 14, 14], "texture": "#base"},
				"up": {"uv": [14, 1, 2, 2], "rotation": 180, "texture": "#top"},
				"down": {"uv": [2, 13, 14, 14], "rotation": 180, "texture": "#base"}
			}
		},
		{
			"from": [2, 13, 2],
			"to": [14, 14, 14],
			"rotation": {"angle": 0, "axis": "y", "origin": [8, 21, 8]},
			"faces": {
				"up": {"uv": [2, 2, 14, 14], "texture": "#top"},
				"down": {"uv": [2, 2, 14, 14], "rotation": 180, "texture": "#base"}
			}
		},
		{
			"from": [2, 14, 2],
			"to": [4, 15, 14],
			"rotation": {"angle": 0, "axis": "y", "origin": [8, 21, 8]},
			"faces": {
				"east": {"uv": [3, 2, 4, 14], "rotation": 90, "texture": "#top"},
				"up": {"uv": [2, 2, 4, 14], "texture": "#top"}
			}
		},
		{
			"from": [12, 14, 2],
			"to": [14, 15, 14],
			"rotation": {"angle": 0, "axis": "y", "origin": [8, 21, 8]},
			"faces": {
				"west": {"uv": [12, 14, 13, 2], "rotation": 90, "texture": "#top"},
				"up": {"uv": [12, 2, 14, 14], "texture": "#top"}
			}
		},
		{
			"from": [4, 14, 2],
			"to": [5, 15, 5],
			"rotation": {"angle": 0, "axis": "y", "origin": [8, 21, 8]},
			"faces": {
				"east": {"uv": [5, 4, 2, 5], "texture": "#top"},
				"south": {"uv": [4, 4, 5, 5], "texture": "#top"},
				"up": {"uv": [4, 2, 5, 5], "texture": "#top"}
			}
		},
		{
			"from": [5, 14, 2],
			"to": [11, 15, 4],
			"rotation": {"angle": 0, "axis": "y", "origin": [8, 21, 8]},
			"faces": {
				"south": {"uv": [5, 3, 11, 4], "texture": "#top"},
				"up": {"uv": [5, 2, 11, 4], "texture": "#top"}
			}
		},
		{
			"from": [4, 14, 11],
			"to": [5, 15, 14],
			"rotation": {"angle": 0, "axis": "y", "origin": [8, 21, 8]},
			"faces": {
				"north": {"uv": [4, 11, 5, 12], "rotation": 180, "texture": "#top"},
				"east": {"uv": [2, 11, 5, 12], "texture": "#top"},
				"up": {"uv": [4, 11, 5, 14], "texture": "#top"}
			}
		},
		{
			"from": [11, 14, 11],
			"to": [12, 15, 14],
			"rotation": {"angle": 0, "axis": "y", "origin": [8, 21, 8]},
			"faces": {
				"north": {"uv": [11, 11, 12, 12], "rotation": 180, "texture": "#top"},
				"west": {"uv": [11, 11, 14, 12], "texture": "#top"},
				"up": {"uv": [11, 11, 12, 14], "texture": "#top"}
			}
		},
		{
			"from": [11, 14, 2],
			"to": [12, 15, 5],
			"rotation": {"angle": 0, "axis": "y", "origin": [8, 21, 8]},
			"faces": {
				"south": {"uv": [11, 4, 12, 5], "texture": "#top"},
				"west": {"uv": [14, 4, 11, 5], "texture": "#top"},
				"up": {"uv": [11, 2, 12, 5], "texture": "#top"}
			}
		},
		{
			"from": [5, 14, 12],
			"to": [11, 15, 14],
			"rotation": {"angle": 0, "axis": "y", "origin": [8, 21, 8]},
			"faces": {
				"north": {"uv": [5, 12, 11, 13], "rotation": 180, "texture": "#top"},
				"up": {"uv": [5, 12, 11, 14], "texture": "#top"}
			}
		}
	],
	"display": {
		"thirdperson_righthand": {
			"rotation": [75, 45, 0],
			"translation": [0, 2.5, 0],
			"scale": [0.375, 0.375, 0.375]
		},
		"thirdperson_lefthand": {
			"rotation": [75, 45, 0],
			"translation": [0, 2.5, 0],
			"scale": [0.375, 0.375, 0.375]
		},
		"firstperson_righthand": {
			"rotation": [0, 45, 0],
			"scale": [0.4, 0.4, 0.4]
		},
		"firstperson_lefthand": {
			"rotation": [0, 225, 0],
			"scale": [0.4, 0.4, 0.4]
		},
		"ground": {
			"translation": [0, 3, 0],
			"scale": [0.25, 0.25, 0.25]
		},
		"gui": {
			"rotation": [30, 225, 0],
			"scale": [0.625, 0.625, 0.625]
		},
		"head": {
			"rotation": [0, 180, 0],
			"translation": [0, 13, 7]
		},
		"fixed": {
			"scale": [0.5, 0.5, 0.5]
		}
	},
	"__createdBy": "canitzp"
}