{
	"credit": "Made by Cr_L with Blockbench",
	"parent": "block/block",
	"textures": {
		"particle": "actuallyadditions:blocks/base_texture",
		"bottom": "actuallyadditions:blocks/base_texture",
		"top": "actuallyadditions:blocks/block_furnace_solar_top",
		"north": "actuallyadditions:blocks/block_furnace_solar_side",
		"west": "actuallyadditions:blocks/block_furnace_solar_side_1",
		"east": "actuallyadditions:blocks/block_furnace_solar_side_2",
		"south": "actuallyadditions:blocks/block_furnace_solar_side_3"
	},
	"elements": [
		{
			"from": [0, 0, 0],
			"to": [16, 1, 16],
			"faces": {
				"north": {"uv": [0, 15, 16, 16], "texture": "#north", "cullface": "north"},
				"east": {"uv": [0, 15, 16, 16], "texture": "#east", "cullface": "east"},
				"south": {"uv": [0, 15, 16, 16], "texture": "#south", "cullface": "south"},
				"west": {"uv": [0, 15, 16, 16], "texture": "#west", "cullface": "west"},
				"up": {"uv": [0, 0, 16, 16], "texture": "#bottom"},
				"down": {"uv": [0, 0, 16, 16], "texture": "#bottom", "cullface": "down"}
			}
		},
		{
			"from": [1, 1, 1],
			"to": [15, 5, 15],
			"faces": {
				"north": {"uv": [1, 11, 15, 15], "texture": "#north", "cullface": "north"},
				"east": {"uv": [1, 11, 15, 15], "texture": "#east", "cullface": "east"},
				"south": {"uv": [1, 11, 15, 15], "texture": "#south", "cullface": "south"},
				"west": {"uv": [1, 11, 15, 15], "texture": "#west", "cullface": "west"},
				"up": {"uv": [1, 1, 15, 15], "texture": "#top"}
			}
		},
		{
			"from": [0, 1, 0],
			"to": [1, 6, 1],
			"faces": {
				"north": {"uv": [15, 10, 16, 15], "texture": "#north", "cullface": "north"},
				"east": {"uv": [15, 10, 16, 15], "texture": "#north", "cullface": "north"},
				"south": {"uv": [0, 10, 1, 15], "texture": "#west", "cullface": "west"},
				"west": {"uv": [0, 10, 1, 15], "texture": "#north", "cullface": "west"},
				"up": {"uv": [0, 0, 1, 1], "texture": "#top"}
			}
		},
		{
			"from": [15, 1, 0],
			"to": [16, 6, 1],
			"faces": {
				"north": {"uv": [0, 10, 1, 15], "texture": "#north", "cullface": "north"},
				"east": {"uv": [15, 10, 16, 15], "texture": "#east", "cullface": "east"},
				"south": {"uv": [15, 10, 16, 15], "texture": "#east", "cullface": "east"},
				"west": {"uv": [0, 10, 1, 15], "texture": "#north", "cullface": "north"},
				"up": {"uv": [15, 0, 16, 1], "texture": "#top"}
			}
		},
		{
			"from": [0, 1, 15],
			"to": [1, 6, 16],
			"faces": {
				"north": {"uv": [15, 10, 16, 15], "texture": "#west", "cullface": "west"},
				"east": {"uv": [0, 10, 1, 15], "texture": "#south", "cullface": "south"},
				"south": {"uv": [0, 10, 1, 15], "texture": "#south", "cullface": "south"},
				"west": {"uv": [15, 10, 16, 15], "texture": "#north", "cullface": "west"},
				"up": {"uv": [0, 15, 1, 16], "texture": "#top"}
			}
		},
		{
			"from": [15, 1, 15],
			"to": [16, 6, 16],
			"faces": {
				"north": {"uv": [0, 10, 1, 15], "texture": "#east", "cullface": "east"},
				"east": {"uv": [0, 10, 1, 15], "texture": "#east", "cullface": "east"},
				"south": {"uv": [15, 10, 16, 15], "texture": "#south", "cullface": "south"},
				"west": {"uv": [15, 10, 16, 15], "texture": "#south", "cullface": "south"},
				"up": {"uv": [15, 15, 16, 16], "texture": "#top"}
			}
		},
		{
			"from": [1, 5, 0],
			"to": [15, 6, 1],
			"faces": {
				"north": {"uv": [1, 10, 15, 11], "texture": "#north", "cullface": "north"},
				"south": {"uv": [1, 0, 15, 1], "texture": "#top"},
				"up": {"uv": [1, 0, 15, 1], "texture": "#top"},
				"down": {"uv": [1, 10, 15, 11], "rotation": 180, "texture": "#north", "cullface": "north"}
			}
		},
		{
			"from": [1, 5, 15],
			"to": [15, 6, 16],
			"faces": {
				"north": {"uv": [1, 15, 15, 16], "rotation": 180, "texture": "#top"},
				"south": {"uv": [1, 10, 15, 11], "texture": "#south", "cullface": "south"},
				"up": {"uv": [1, 15, 15, 16], "texture": "#top"},
				"down": {"uv": [1, 10, 15, 11], "texture": "#south", "cullface": "south"}
			}
		},
		{
			"from": [0, 5, 1],
			"to": [1, 6, 15],
			"faces": {
				"east": {"uv": [1, 15, 0, 1], "rotation": 270, "texture": "#top"},
				"west": {"uv": [1, 10, 15, 11], "texture": "#west", "cullface": "west"},
				"up": {"uv": [0, 1, 1, 15], "texture": "#top"},
				"down": {"uv": [1, 10, 15, 11], "rotation": 270, "texture": "#west", "cullface": "west"}
			}
		},
		{
			"from": [15, 5, 1],
			"to": [16, 6, 15],
			"faces": {
				"east": {"uv": [1, 10, 15, 11], "texture": "#east", "cullface": "east"},
				"west": {"uv": [15, 1, 16, 15], "rotation": 270, "texture": "#top"},
				"up": {"uv": [15, 1, 16, 15], "texture": "#top"},
				"down": {"uv": [1, 10, 15, 11], "rotation": 90, "texture": "#east", "cullface": "east"}
			}
		},
		{
			"from": [3, 1, 0],
			"to": [6, 5, 1],
			"faces": {
				"north": {"uv": [10, 11, 13, 15], "texture": "#north", "cullface": "north"},
				"east": {"uv": [10, 11, 11, 15], "texture": "#north", "cullface": "north"},
				"west": {"uv": [12, 11, 13, 15], "texture": "#north", "cullface": "north"}
			}
		}
	]
}