{
	"credit": "Made with Blockbench",
	"textures": {
		"particle": "actuallyadditions:blocks/base_texture",
		"base": "actuallyadditions:blocks/base_texture",
		"side": "actuallyadditions:blocks/block_energizer_side",
		"top": "actuallyadditions:blocks/block_energizer_top"
	},
	"elements": [
		{
			"from": [0, 15, 0],
			"to": [1, 16, 16],
			"rotation": {"angle": 0, "axis": "y", "origin": [8, 23, 8]},
			"faces": {
				"north": {"uv": [15, 0, 16, 1], "texture": "#base"},
				"east": {"uv": [15, 0, 16, 16], "rotation": 270, "texture": "#base"},
				"south": {"uv": [0, 0, 1, 1], "texture": "#base"},
				"west": {"uv": [15, 0, 16, 16], "rotation": 90, "texture": "#base"},
				"up": {"uv": [15, 0, 16, 16], "rotation": 180, "texture": "#base"},
				"down": {"uv": [15, 0, 16, 16], "texture": "#base"}
			}
		},
		{
			"from": [15, 15, 0],
			"to": [16, 16, 16],
			"rotation": {"angle": 0, "axis": "y", "origin": [23, 23, 8]},
			"faces": {
				"north": {"uv": [0, 0, 1, 1], "texture": "#base"},
				"east": {"uv": [15, 0, 16, 16], "rotation": 90, "texture": "#base"},
				"south": {"uv": [15, 0, 16, 1], "texture": "#base"},
				"west": {"uv": [15, 0, 16, 16], "rotation": 270, "texture": "#base"},
				"up": {"uv": [15, 0, 16, 16], "texture": "#base"},
				"down": {"uv": [15, 0, 16, 16], "rotation": 180, "texture": "#base"}
			}
		},
		{
			"from": [1, 15, 0],
			"to": [15, 16, 1],
			"rotation": {"angle": 0, "axis": "y", "origin": [9, 23, 8]},
			"faces": {
				"north": {"uv": [1, 0, 15, 1], "texture": "#base"},
				"east": {"uv": [0, 0, 1, 1], "texture": "#base"},
				"south": {"uv": [1, 0, 15, 1], "rotation": 180, "texture": "#base"},
				"west": {"uv": [0, 0, 1, 1], "texture": "#base"},
				"up": {"uv": [1, 0, 15, 1], "rotation": 180, "texture": "#base"},
				"down": {"uv": [1, 0, 15, 1], "rotation": 180, "texture": "#base"}
			}
		},
		{
			"from": [1, 15, 15],
			"to": [15, 16, 16],
			"rotation": {"angle": 0, "axis": "y", "origin": [9, 23, 23]},
			"faces": {
				"north": {"uv": [1, 0, 15, 1], "rotation": 180, "texture": "#base"},
				"east": {"uv": [0, 0, 1, 1], "texture": "#base"},
				"south": {"uv": [1, 0, 15, 1], "texture": "#base"},
				"west": {"uv": [0, 0, 1, 1], "texture": "#base"},
				"up": {"uv": [1, 0, 15, 1], "texture": "#base"},
				"down": {"uv": [1, 0, 15, 1], "texture": "#base"}
			}
		},
		{
			"from": [1, 0, 15],
			"to": [15, 1, 16],
			"rotation": {"angle": 0, "axis": "y", "origin": [9, 8, 23]},
			"faces": {
				"north": {"uv": [1, 15, 15, 16], "rotation": 180, "texture": "#base"},
				"east": {"uv": [0, 0, 1, 1], "texture": "#base"},
				"south": {"uv": [1, 15, 15, 16], "texture": "#base"},
				"west": {"uv": [0, 0, 1, 1], "texture": "#base"},
				"up": {"uv": [1, 15, 15, 16], "texture": "#base"},
				"down": {"uv": [1, 15, 15, 16], "texture": "#base"}
			}
		},
		{
			"from": [1, 0, 0],
			"to": [15, 1, 1],
			"rotation": {"angle": 0, "axis": "y", "origin": [9, 8, 8]},
			"faces": {
				"north": {"uv": [1, 15, 15, 16], "texture": "#base"},
				"east": {"uv": [0, 0, 1, 1], "texture": "#base"},
				"south": {"uv": [1, 15, 15, 16], "rotation": 180, "texture": "#base"},
				"west": {"uv": [0, 0, 1, 1], "texture": "#base"},
				"up": {"uv": [1, 15, 15, 16], "rotation": 180, "texture": "#base"},
				"down": {"uv": [1, 15, 15, 16], "rotation": 180, "texture": "#base"}
			}
		},
		{
			"from": [15, 0, 0],
			"to": [16, 1, 16],
			"rotation": {"angle": 0, "axis": "y", "origin": [23, 8, 8]},
			"faces": {
				"north": {"uv": [0, 15, 1, 16], "texture": "#base"},
				"east": {"uv": [0, 0, 1, 16], "rotation": 270, "texture": "#base"},
				"south": {"uv": [15, 15, 16, 16], "texture": "#base"},
				"west": {"uv": [0, 0, 1, 16], "rotation": 90, "texture": "#base"},
				"up": {"uv": [0, 0, 1, 16], "rotation": 180, "texture": "#base"},
				"down": {"uv": [0, 0, 1, 16], "texture": "#base"}
			}
		},
		{
			"from": [0, 0, 0],
			"to": [1, 1, 16],
			"faces": {
				"north": {"uv": [15, 15, 16, 16], "texture": "#base"},
				"east": {"uv": [0, 0, 1, 16], "rotation": 90, "texture": "#base"},
				"south": {"uv": [0, 15, 1, 16], "texture": "#base"},
				"west": {"uv": [0, 0, 1, 16], "rotation": 270, "texture": "#base"},
				"up": {"uv": [0, 0, 1, 16], "texture": "#base"},
				"down": {"uv": [0, 0, 1, 16], "rotation": 180, "texture": "#base"}
			}
		},
		{
			"from": [0, 1, 15],
			"to": [1, 15, 16],
			"rotation": {"angle": 0, "axis": "y", "origin": [8, 9, 23]},
			"faces": {
				"north": {"uv": [0, 1, 1, 15], "texture": "#base"},
				"east": {"uv": [0, 1, 1, 15], "texture": "#base"},
				"south": {"uv": [0, 1, 1, 15], "texture": "#base"},
				"west": {"uv": [0, 1, 1, 15], "texture": "#base"},
				"up": {"uv": [0, 0, 1, 1], "texture": "#base"},
				"down": {"uv": [0, 0, 1, 1], "texture": "#base"}
			}
		},
		{
			"from": [15, 1, 15],
			"to": [16, 15, 16],
			"rotation": {"angle": 0, "axis": "y", "origin": [23, 9, 23]},
			"faces": {
				"north": {"uv": [15, 1, 16, 15], "texture": "#base"},
				"east": {"uv": [15, 1, 16, 15], "texture": "#base"},
				"south": {"uv": [15, 1, 16, 15], "texture": "#base"},
				"west": {"uv": [15, 1, 16, 15], "texture": "#base"},
				"up": {"uv": [0, 0, 1, 1], "texture": "#base"},
				"down": {"uv": [0, 0, 1, 1], "texture": "#base"}
			}
		},
		{
			"from": [15, 1, 0],
			"to": [16, 15, 1],
			"rotation": {"angle": 0, "axis": "y", "origin": [23, 9, 8]},
			"faces": {
				"north": {"uv": [0, 1, 1, 15], "texture": "#base"},
				"east": {"uv": [0, 1, 1, 15], "texture": "#base"},
				"south": {"uv": [0, 1, 1, 15], "texture": "#base"},
				"west": {"uv": [0, 1, 1, 15], "texture": "#base"},
				"up": {"uv": [0, 0, 1, 1], "texture": "#base"},
				"down": {"uv": [0, 0, 1, 1], "texture": "#base"}
			}
		},
		{
			"from": [0, 1, 0],
			"to": [1, 15, 1],
			"rotation": {"angle": 0, "axis": "y", "origin": [8, 9, 8]},
			"faces": {
				"north": {"uv": [15, 1, 16, 15], "texture": "#base"},
				"east": {"uv": [15, 1, 16, 15], "texture": "#base"},
				"south": {"uv": [15, 1, 16, 15], "texture": "#base"},
				"west": {"uv": [15, 1, 16, 15], "texture": "#base"},
				"up": {"uv": [0, 0, 1, 1], "texture": "#base"},
				"down": {"uv": [0, 0, 1, 1], "texture": "#base"}
			}
		},
		{
			"from": [1, 14, 1],
			"to": [15, 15, 15],
			"rotation": {"angle": 0, "axis": "y", "origin": [8, 21, 8]},
			"faces": {
				"north": {"uv": [1, 1, 15, 2], "rotation": 180, "texture": "#top"},
				"east": {"uv": [1, 1, 15, 2], "texture": "#top"},
				"south": {"uv": [1, 1, 15, 2], "texture": "#top"},
				"west": {"uv": [1, 1, 15, 2], "texture": "#top"},
				"up": {"uv": [1, 1, 15, 15], "texture": "#top"},
				"down": {"uv": [1, 1, 15, 15], "rotation": 180, "texture": "#base"}
			}
		},
		{
			"from": [1, 1, 1],
			"to": [15, 2, 15],
			"faces": {
				"north": {"uv": [1, 14, 15, 15], "texture": "#side"},
				"east": {"uv": [1, 14, 15, 15], "texture": "#side"},
				"south": {"uv": [1, 14, 15, 15], "rotation": 180, "texture": "#side"},
				"west": {"uv": [1, 14, 15, 15], "texture": "#side"},
				"up": {"uv": [1, 1, 15, 15], "texture": "#base"},
				"down": {"uv": [1, 1, 15, 15], "rotation": 180, "texture": "#base"}
			}
		},
		{
			"from": [14, 2, 1],
			"to": [15, 14, 15],
			"rotation": {"angle": 0, "axis": "y", "origin": [22, 8, 8]},
			"faces": {
				"north": {"uv": [1, 2, 2, 14], "texture": "#side"},
				"east": {"uv": [1, 2, 15, 14], "texture": "#side"},
				"south": {"uv": [14, 2, 15, 14], "texture": "#side"},
				"west": {"uv": [2, 2, 16, 14], "texture": "#base"},
				"up": {"uv": [2, 2, 16, 3], "rotation": 270, "texture": "#base"},
				"down": {"uv": [2, 13, 16, 14], "rotation": 90, "texture": "#base"}
			}
		},
		{
			"from": [1, 2, 1],
			"to": [2, 14, 15],
			"rotation": {"angle": 0, "axis": "y", "origin": [9, 8, 8]},
			"faces": {
				"north": {"uv": [14, 2, 15, 14], "texture": "#side"},
				"east": {"uv": [2, 2, 16, 14], "texture": "#base"},
				"south": {"uv": [1, 2, 2, 14], "texture": "#side"},
				"west": {"uv": [1, 2, 15, 14], "texture": "#side"},
				"up": {"uv": [2, 2, 16, 3], "rotation": 90, "texture": "#base"},
				"down": {"uv": [2, 13, 16, 14], "rotation": 270, "texture": "#base"}
			}
		},
		{
			"from": [2, 2, 14],
			"to": [14, 14, 15],
			"rotation": {"angle": 0, "axis": "y", "origin": [8, 9, 22]},
			"faces": {
				"north": {"uv": [2, 2, 14, 14], "texture": "#base"},
				"east": {"uv": [13, 2, 14, 14], "texture": "#base"},
				"south": {"uv": [2, 2, 14, 14], "texture": "#side"},
				"west": {"uv": [2, 2, 3, 14], "texture": "#base"},
				"up": {"uv": [2, 2, 14, 3], "texture": "#base"},
				"down": {"uv": [2, 13, 14, 14], "texture": "#base"}
			}
		},
		{
			"from": [2, 2, 1],
			"to": [14, 14, 2],
			"rotation": {"angle": 0, "axis": "y", "origin": [8, 8, 9]},
			"faces": {
				"north": {"uv": [2, 2, 14, 14], "texture": "#side"},
				"east": {"uv": [2, 2, 3, 14], "texture": "#base"},
				"south": {"uv": [2, 2, 14, 14], "texture": "#base"},
				"west": {"uv": [13, 2, 14, 14], "texture": "#base"},
				"up": {"uv": [2, 2, 14, 3], "rotation": 180, "texture": "#base"},
				"down": {"uv": [2, 13, 14, 14], "rotation": 180, "texture": "#base"}
			}
		},
		{
			"from": [9, 3, 0],
			"to": [13, 4, 1],
			"faces": {
				"north": {"uv": [3, 12, 7, 13], "texture": "#side"},
				"east": {"uv": [3, 12, 4, 13], "texture": "#side"},
				"south": {"uv": [3, 12, 7, 13], "texture": "#side"},
				"west": {"uv": [6, 12, 7, 13], "texture": "#side"},
				"up": {"uv": [3, 12, 7, 13], "rotation": 180, "texture": "#side"},
				"down": {"uv": [0, 0, 4, 1], "texture": "#side"}
			}
		},
		{
			"from": [3, 3, 15],
			"to": [7, 4, 16],
			"rotation": {"angle": 0, "axis": "y", "origin": [2, 8, 23]},
			"faces": {
				"north": {"uv": [3, 12, 7, 13], "texture": "#side"},
				"east": {"uv": [3, 12, 4, 13], "texture": "#side"},
				"south": {"uv": [3, 12, 7, 13], "texture": "#side"},
				"west": {"uv": [6, 12, 7, 13], "texture": "#side"},
				"up": {"uv": [3, 12, 7, 13], "texture": "#side"},
				"down": {"uv": [3, 12, 7, 13], "texture": "#side"}
			}
		},
		{
			"from": [9, 12, 0],
			"to": [13, 13, 1],
			"rotation": {"angle": 0, "axis": "y", "origin": [8, 17, 8]},
			"faces": {
				"north": {"uv": [3, 3, 7, 4], "texture": "#side"},
				"east": {"uv": [3, 3, 4, 4], "texture": "#side"},
				"south": {"uv": [3, 12, 7, 13], "texture": "#side"},
				"west": {"uv": [6, 3, 7, 4], "texture": "#side"},
				"up": {"uv": [3, 3, 7, 4], "rotation": 180, "texture": "#side"},
				"down": {"uv": [3, 3, 7, 4], "rotation": 180, "texture": "#side"}
			}
		},
		{
			"from": [3, 12, 15],
			"to": [7, 13, 16],
			"rotation": {"angle": 0, "axis": "y", "origin": [2, 17, 23]},
			"faces": {
				"north": {"uv": [3, 3, 7, 4], "texture": "#side"},
				"east": {"uv": [6, 3, 7, 4], "texture": "#side"},
				"south": {"uv": [3, 3, 7, 4], "texture": "#side"},
				"west": {"uv": [3, 3, 4, 4], "texture": "#side"},
				"up": {"uv": [3, 3, 7, 4], "texture": "#side"},
				"down": {"uv": [3, 3, 7, 4], "texture": "#side"}
			}
		},
		{
			"from": [10, 4, 0],
			"to": [12, 12, 1],
			"rotation": {"angle": 0, "axis": "y", "origin": [19, 12, 8]},
			"faces": {
				"north": {"uv": [4, 4, 6, 12], "texture": "#side"},
				"east": {"uv": [4, 4, 5, 12], "texture": "#side"},
				"south": {"uv": [0, 0, 2, 8], "texture": "#side"},
				"west": {"uv": [5, 4, 6, 12], "texture": "#side"},
				"up": {"uv": [0, 0, 2, 1], "texture": "#side"},
				"down": {"uv": [0, 0, 2, 1], "texture": "#side"}
			}
		},
		{
			"from": [4, 4, 15],
			"to": [6, 12, 16],
			"rotation": {"angle": 0, "axis": "y", "origin": [13, 12, 23]},
			"faces": {
				"north": {"uv": [4, 4, 6, 12], "texture": "#side"},
				"east": {"uv": [5, 4, 6, 12], "texture": "#side"},
				"south": {"uv": [4, 4, 6, 12], "texture": "#side"},
				"west": {"uv": [4, 4, 5, 12], "texture": "#side"},
				"up": {"uv": [0, 0, 2, 1], "texture": "#side"},
				"down": {"uv": [0, 0, 2, 1], "texture": "#side"}
			}
		},
		{
			"from": [0, 3, 3],
			"to": [1, 4, 7],
			"faces": {
				"north": {"uv": [3, 12, 4, 13], "texture": "#side"},
				"east": {"uv": [3, 12, 7, 13], "texture": "#side"},
				"south": {"uv": [6, 12, 7, 13], "texture": "#side"},
				"west": {"uv": [3, 12, 7, 13], "texture": "#side"},
				"up": {"uv": [3, 12, 7, 13], "rotation": 90, "texture": "#side"},
				"down": {"uv": [3, 12, 7, 13], "rotation": 270, "texture": "#side"}
			}
		},
		{
			"from": [15, 3, 9],
			"to": [16, 4, 13],
			"rotation": {"angle": 0, "axis": "y", "origin": [23, 8, 14]},
			"faces": {
				"north": {"uv": [6, 12, 7, 13], "texture": "#side"},
				"east": {"uv": [3, 12, 7, 13], "texture": "#side"},
				"south": {"uv": [3, 12, 4, 13], "texture": "#side"},
				"west": {"uv": [3, 12, 7, 13], "texture": "#side"},
				"up": {"uv": [3, 12, 7, 13], "rotation": 270, "texture": "#side"},
				"down": {"uv": [3, 12, 7, 13], "rotation": 90, "texture": "#side"}
			}
		},
		{
			"from": [0, 12, 3],
			"to": [1, 13, 7],
			"rotation": {"angle": 0, "axis": "y", "origin": [8, 17, 8]},
			"faces": {
				"north": {"uv": [3, 3, 4, 4], "texture": "#side"},
				"east": {"uv": [3, 12, 7, 13], "texture": "#side"},
				"south": {"uv": [6, 3, 7, 4], "texture": "#side"},
				"west": {"uv": [3, 3, 7, 4], "texture": "#side"},
				"up": {"uv": [3, 3, 7, 4], "rotation": 90, "texture": "#side"},
				"down": {"uv": [3, 3, 7, 4], "rotation": 270, "texture": "#side"}
			}
		},
		{
			"from": [15, 12, 9],
			"to": [16, 13, 13],
			"rotation": {"angle": 0, "axis": "y", "origin": [23, 17, 14]},
			"faces": {
				"north": {"uv": [6, 3, 7, 4], "texture": "#side"},
				"east": {"uv": [3, 3, 7, 4], "texture": "#side"},
				"south": {"uv": [3, 3, 4, 4], "texture": "#side"},
				"west": {"uv": [3, 3, 7, 4], "texture": "#side"},
				"up": {"uv": [3, 3, 7, 4], "rotation": 270, "texture": "#side"},
				"down": {"uv": [3, 3, 7, 4], "rotation": 90, "texture": "#side"}
			}
		},
		{
			"from": [0, 4, 4],
			"to": [1, 12, 6],
			"rotation": {"angle": 0, "axis": "y", "origin": [8, 12, 12]},
			"faces": {
				"north": {"uv": [4, 4, 5, 12], "texture": "#side"},
				"east": {"uv": [0, 0, 2, 8], "texture": "#side"},
				"south": {"uv": [5, 4, 6, 12], "texture": "#side"},
				"west": {"uv": [4, 4, 6, 12], "texture": "#side"},
				"up": {"uv": [0, 0, 1, 2], "texture": "#side"},
				"down": {"uv": [0, 0, 1, 2], "texture": "#side"}
			}
		},
		{
			"from": [15, 4, 10],
			"to": [16, 12, 12],
			"rotation": {"angle": 0, "axis": "y", "origin": [23, 12, 18]},
			"faces": {
				"north": {"uv": [5, 4, 6, 12], "texture": "#side"},
				"east": {"uv": [4, 4, 6, 12], "texture": "#side"},
				"south": {"uv": [4, 4, 5, 12], "texture": "#side"},
				"west": {"uv": [4, 4, 6, 12], "texture": "#side"},
				"up": {"uv": [0, 0, 1, 2], "texture": "#side"},
				"down": {"uv": [0, 0, 1, 2], "texture": "#side"}
			}
		}
	],
	"display": {
		"thirdperson_righthand": {
			"rotation": [75, 45, 0],
			"translation": [0, 2.5, 0],
			"scale": [0.375, 0.375, 0.375]
		},
		"thirdperson_lefthand": {
			"rotation": [75, 45, 0],
			"translation": [0, 2.5, 0],
			"scale": [0.375, 0.375, 0.375]
		},
		"firstperson_righthand": {
			"rotation": [0, 45, 0],
			"scale": [0.4, 0.4, 0.4]
		},
		"firstperson_lefthand": {
			"rotation": [0, 225, 0],
			"scale": [0.4, 0.4, 0.4]
		},
		"ground": {
			"translation": [0, 3, 0],
			"scale": [0.25, 0.25, 0.25]
		},
		"gui": {
			"rotation": [30, 225, 0],
			"scale": [0.625, 0.625, 0.625]
		},
		"head": {
			"rotation": [0, 180, 0],
			"translation": [0, 13, 7]
		},
		"fixed": {
			"scale": [0.5, 0.5, 0.5]
		}
	}
}