{
	"credit": "Made with Blockbench",
	"textures": {
		"particle": "actuallyadditions:blocks/block_fermenting_barrel",
		"side": "actuallyadditions:blocks/block_fermenting_barrel",
		"base": "actuallyadditions:blocks/block_misc_wood",
		"top": "actuallyadditions:blocks/block_fermenting_barrel_top"
	},
	"elements": [
		{
			"from": [1, 0.5, 1],
			"to": [15, 15, 15],
			"faces": {
				"north": {"uv": [1, 1, 15, 16], "texture": "#base"},
				"east": {"uv": [1, 1, 15, 16], "texture": "#base"},
				"south": {"uv": [1, 1, 15, 16], "texture": "#base"},
				"west": {"uv": [1, 1, 15, 16], "texture": "#base"},
				"up": {"uv": [1, 1, 15, 15], "texture": "#top"},
				"down": {"uv": [1, 1, 15, 15], "texture": "#base"}
			}
		},
		{
			"from": [0, 2, 15],
			"to": [16, 4, 16],
			"faces": {
				"north": {"uv": [0, 12, 16, 14], "texture": "#side"},
				"east": {"uv": [15, 12, 16, 14], "texture": "#side"},
				"south": {"uv": [0, 12, 16, 14], "texture": "#side"},
				"west": {"uv": [0, 12, 1, 14], "texture": "#side"},
				"up": {"uv": [0, 12, 16, 13], "texture": "#side"},
				"down": {"uv": [0, 13, 16, 14], "texture": "#side"}
			}
		},
		{
			"from": [0, 7, 15],
			"to": [16, 9, 16],
			"faces": {
				"north": {"uv": [0, 7, 16, 9], "texture": "#side"},
				"east": {"uv": [15, 7, 16, 9], "texture": "#side"},
				"south": {"uv": [0, 7, 16, 9], "texture": "#side"},
				"west": {"uv": [0, 7, 1, 9], "texture": "#side"},
				"up": {"uv": [0, 7, 16, 8], "texture": "#side"},
				"down": {"uv": [0, 8, 16, 9], "texture": "#side"}
			}
		},
		{
			"from": [0, 12, 15],
			"to": [16, 14, 16],
			"faces": {
				"north": {"uv": [0, 2, 16, 4], "texture": "#side"},
				"east": {"uv": [15, 2, 16, 4], "texture": "#side"},
				"south": {"uv": [0, 2, 16, 4], "texture": "#side"},
				"west": {"uv": [0, 2, 1, 4], "texture": "#side"},
				"up": {"uv": [0, 2, 16, 3], "texture": "#side"},
				"down": {"uv": [0, 3, 16, 4], "texture": "#side"}
			}
		},
		{
			"from": [0, 12, 0],
			"to": [16, 14, 1],
			"faces": {
				"north": {"uv": [0, 2, 16, 4], "texture": "#side"},
				"east": {"uv": [0, 2, 1, 4], "texture": "#side"},
				"south": {"uv": [0, 2, 16, 4], "texture": "#side"},
				"west": {"uv": [15, 2, 16, 4], "texture": "#side"},
				"up": {"uv": [0, 2, 16, 3], "texture": "#side"},
				"down": {"uv": [0, 3, 16, 4], "texture": "#side"}
			}
		},
		{
			"from": [0, 2, 0],
			"to": [16, 4, 1],
			"faces": {
				"north": {"uv": [0, 12, 16, 14], "texture": "#side"},
				"east": {"uv": [0, 12, 1, 14], "texture": "#side"},
				"south": {"uv": [0, 12, 16, 14], "texture": "#side"},
				"west": {"uv": [15, 12, 16, 14], "texture": "#side"},
				"up": {"uv": [0, 12, 16, 13], "texture": "#side"},
				"down": {"uv": [0, 13, 16, 14], "texture": "#side"}
			}
		},
		{
			"from": [0, 7, 0],
			"to": [16, 9, 1],
			"faces": {
				"north": {"uv": [0, 7, 16, 9], "texture": "#side"},
				"east": {"uv": [0, 7, 1, 9], "texture": "#side"},
				"south": {"uv": [0, 7, 16, 9], "texture": "#side"},
				"west": {"uv": [15, 7, 16, 9], "texture": "#side"},
				"up": {"uv": [0, 7, 16, 8], "texture": "#side"},
				"down": {"uv": [0, 8, 16, 9], "texture": "#side"}
			}
		},
		{
			"from": [0, 2, 1],
			"to": [1, 4, 15],
			"faces": {
				"north": {"uv": [1, 12, 2, 14], "texture": "#side"},
				"east": {"uv": [1, 12, 15, 14], "texture": "#side"},
				"south": {"uv": [14, 12, 15, 14], "texture": "#side"},
				"west": {"uv": [1, 12, 15, 14], "texture": "#side"},
				"up": {"uv": [1, 12, 15, 13], "rotation": 90, "texture": "#side"},
				"down": {"uv": [1, 13, 15, 14], "rotation": 90, "texture": "#side"}
			}
		},
		{
			"from": [0, 7, 1],
			"to": [1, 9, 15],
			"faces": {
				"north": {"uv": [1, 7, 2, 9], "texture": "#side"},
				"east": {"uv": [1, 7, 15, 9], "texture": "#side"},
				"south": {"uv": [14, 7, 15, 9], "texture": "#side"},
				"west": {"uv": [1, 7, 15, 9], "texture": "#side"},
				"up": {"uv": [1, 7, 15, 8], "rotation": 90, "texture": "#side"},
				"down": {"uv": [1, 8, 15, 9], "rotation": 90, "texture": "#side"}
			}
		},
		{
			"from": [0, 12, 1],
			"to": [1, 14, 15],
			"faces": {
				"north": {"uv": [1, 2, 2, 4], "texture": "#side"},
				"east": {"uv": [1, 2, 15, 4], "texture": "#side"},
				"south": {"uv": [14, 2, 15, 4], "texture": "#side"},
				"west": {"uv": [1, 2, 15, 4], "texture": "#side"},
				"up": {"uv": [1, 2, 15, 3], "rotation": 90, "texture": "#side"},
				"down": {"uv": [1, 3, 15, 4], "rotation": 90, "texture": "#side"}
			}
		},
		{
			"from": [15, 12, 1],
			"to": [16, 14, 15],
			"faces": {
				"north": {"uv": [1, 2, 2, 4], "texture": "#side"},
				"east": {"uv": [1, 2, 15, 4], "texture": "#side"},
				"south": {"uv": [14, 2, 15, 4], "texture": "#side"},
				"west": {"uv": [1, 2, 15, 4], "texture": "#side"},
				"up": {"uv": [1, 2, 15, 3], "rotation": 270, "texture": "#side"},
				"down": {"uv": [1, 3, 15, 4], "rotation": 90, "texture": "#side"}
			}
		},
		{
			"from": [15, 7, 1],
			"to": [16, 9, 15],
			"faces": {
				"north": {"uv": [1, 7, 2, 9], "texture": "#side"},
				"east": {"uv": [1, 7, 15, 9], "texture": "#side"},
				"south": {"uv": [14, 7, 15, 9], "texture": "#side"},
				"west": {"uv": [1, 7, 15, 9], "texture": "#side"},
				"up": {"uv": [1, 7, 15, 8], "rotation": 270, "texture": "#side"},
				"down": {"uv": [1, 8, 15, 9], "rotation": 90, "texture": "#side"}
			}
		},
		{
			"from": [15, 2, 1],
			"to": [16, 4, 15],
			"faces": {
				"north": {"uv": [1, 12, 2, 14], "texture": "#side"},
				"east": {"uv": [1, 12, 15, 14], "texture": "#side"},
				"south": {"uv": [14, 12, 15, 14], "texture": "#side"},
				"west": {"uv": [1, 12, 15, 14], "texture": "#side"},
				"up": {"uv": [1, 12, 15, 13], "rotation": 270, "texture": "#side"},
				"down": {"uv": [1, 13, 15, 14], "rotation": 90, "texture": "#side"}
			}
		},
		{
			"from": [7, 0, 0.5],
			"to": [9, 16, 1.5],
			"faces": {
				"north": {"uv": [0, 1, 16, 3], "rotation": 90, "texture": "#base"},
				"east": {"uv": [0, 2, 16, 3], "rotation": 90, "texture": "#base"},
				"south": {"uv": [0, 1, 16, 3], "rotation": 270, "texture": "#base"},
				"west": {"uv": [0, 1, 16, 2], "rotation": 90, "texture": "#base"},
				"up": {"uv": [7, 0, 9, 1], "rotation": 180, "texture": "#base"},
				"down": {"uv": [7, 15, 9, 16], "rotation": 180, "texture": "#base"}
			}
		},
		{
			"from": [0.5, 0, 7],
			"to": [1.5, 16, 9],
			"faces": {
				"north": {"uv": [0, 2, 16, 3], "rotation": 90, "texture": "#base"},
				"east": {"uv": [0, 1, 16, 3], "rotation": 270, "texture": "#base"},
				"south": {"uv": [0, 1, 16, 2], "rotation": 90, "texture": "#base"},
				"west": {"uv": [0, 1, 16, 3], "rotation": 90, "texture": "#base"},
				"up": {"uv": [7, 0, 9, 1], "rotation": 90, "texture": "#base"},
				"down": {"uv": [7, 15, 9, 16], "rotation": 270, "texture": "#base"}
			}
		},
		{
			"from": [7, 0, 14.5],
			"to": [9, 16, 15.5],
			"rotation": {"angle": 0, "axis": "y", "origin": [8, 8, 22]},
			"faces": {
				"north": {"uv": [0, 1, 16, 3], "rotation": 90, "texture": "#base"},
				"east": {"uv": [0, 5, 16, 6], "rotation": 270, "texture": "#base"},
				"south": {"uv": [0, 4, 16, 6], "rotation": 270, "texture": "#base"},
				"west": {"uv": [0, 4, 16, 5], "rotation": 270, "texture": "#base"},
				"up": {"uv": [7, 0, 9, 1], "rotation": 180, "texture": "#base"},
				"down": {"uv": [7, 15, 9, 16], "rotation": 180, "texture": "#base"}
			}
		},
		{
			"from": [14.5, 0, 7],
			"to": [15.5, 16, 9],
			"faces": {
				"north": {"uv": [0, 5, 16, 6], "rotation": 270, "texture": "#base"},
				"east": {"uv": [0, 4, 16, 6], "rotation": 270, "texture": "#base"},
				"south": {"uv": [0, 4, 16, 5], "rotation": 270, "texture": "#base"},
				"west": {"uv": [0, 1, 16, 3], "rotation": 90, "texture": "#base"},
				"up": {"uv": [7, 0, 9, 1], "rotation": 90, "texture": "#base"},
				"down": {"uv": [7, 15, 9, 16], "rotation": 270, "texture": "#base"}
			}
		},
		{
			"from": [2, 0, 0.5],
			"to": [5, 16, 1.5],
			"faces": {
				"north": {"uv": [0, 10, 16, 13], "rotation": 90, "texture": "#base"},
				"east": {"uv": [0, 12, 16, 13], "rotation": 90, "texture": "#base"},
				"south": {"uv": [0, 10, 16, 13], "rotation": 90, "texture": "#base"},
				"west": {"uv": [0, 10, 16, 11], "rotation": 90, "texture": "#base"},
				"up": {"uv": [15, 9, 16, 12], "rotation": 90, "texture": "#base"},
				"down": {"uv": [0, 9, 1, 12], "rotation": 90, "texture": "#base"}
			}
		},
		{
			"from": [0.5, 0, 11],
			"to": [1.5, 16, 14],
			"faces": {
				"north": {"uv": [0, 12, 16, 13], "rotation": 90, "texture": "#base"},
				"east": {"uv": [0, 10, 16, 13], "rotation": 90, "texture": "#base"},
				"south": {"uv": [0, 10, 16, 11], "rotation": 90, "texture": "#base"},
				"west": {"uv": [0, 10, 16, 13], "rotation": 90, "texture": "#base"},
				"up": {"uv": [15, 9, 16, 12], "texture": "#base"},
				"down": {"uv": [0, 9, 1, 12], "rotation": 180, "texture": "#base"}
			}
		},
		{
			"from": [2, 0, 14.5],
			"to": [5, 16, 15.5],
			"rotation": {"angle": 0, "axis": "y", "origin": [8, 8, 22]},
			"faces": {
				"north": {"uv": [0, 8, 16, 11], "rotation": 90, "texture": "#base"},
				"east": {"uv": [0, 8, 16, 9], "rotation": 90, "texture": "#base"},
				"south": {"uv": [0, 8, 16, 11], "rotation": 90, "texture": "#base"},
				"west": {"uv": [0, 10, 16, 11], "rotation": 90, "texture": "#base"},
				"up": {"uv": [15, 9, 16, 12], "rotation": 90, "texture": "#base"},
				"down": {"uv": [0, 9, 1, 12], "rotation": 90, "texture": "#base"}
			}
		},
		{
			"from": [14.5, 0, 11],
			"to": [15.5, 16, 14],
			"faces": {
				"north": {"uv": [0, 8, 16, 9], "rotation": 90, "texture": "#base"},
				"east": {"uv": [0, 8, 16, 11], "rotation": 90, "texture": "#base"},
				"south": {"uv": [0, 10, 16, 11], "rotation": 90, "texture": "#base"},
				"west": {"uv": [0, 8, 16, 11], "rotation": 90, "texture": "#base"},
				"up": {"uv": [15, 9, 16, 12], "texture": "#base"},
				"down": {"uv": [0, 9, 1, 12], "rotation": 180, "texture": "#base"}
			}
		},
		{
			"from": [11, 0, 0.5],
			"to": [14, 16, 1.5],
			"rotation": {"angle": 0, "axis": "y", "origin": [17, 8, 8]},
			"faces": {
				"north": {"uv": [0, 7, 16, 10], "rotation": 90, "texture": "#base"},
				"east": {"uv": [0, 9, 16, 10], "rotation": 90, "texture": "#base"},
				"south": {"uv": [0, 10, 16, 13], "rotation": 90, "texture": "#base"},
				"west": {"uv": [0, 7, 16, 8], "rotation": 90, "texture": "#base"},
				"up": {"uv": [11, 0, 14, 1], "rotation": 180, "texture": "#base"},
				"down": {"uv": [11, 15, 14, 16], "rotation": 180, "texture": "#base"}
			}
		},
		{
			"from": [0.5, 0, 2],
			"to": [1.5, 16, 5],
			"faces": {
				"north": {"uv": [0, 9, 16, 10], "rotation": 90, "texture": "#base"},
				"east": {"uv": [0, 10, 16, 13], "rotation": 90, "texture": "#base"},
				"south": {"uv": [0, 7, 16, 8], "rotation": 90, "texture": "#base"},
				"west": {"uv": [0, 7, 16, 10], "rotation": 90, "texture": "#base"},
				"up": {"uv": [11, 0, 14, 1], "rotation": 90, "texture": "#base"},
				"down": {"uv": [11, 15, 14, 16], "rotation": 270, "texture": "#base"}
			}
		},
		{
			"from": [11, 0, 14.5],
			"to": [14, 16, 15.5],
			"rotation": {"angle": 0, "axis": "y", "origin": [17, 8, 22]},
			"faces": {
				"north": {"uv": [0, 12, 16, 15], "rotation": 90, "texture": "#base"},
				"east": {"uv": [0, 12, 16, 13], "rotation": 90, "texture": "#base"},
				"south": {"uv": [0, 12, 16, 15], "rotation": 90, "texture": "#base"},
				"west": {"uv": [0, 14, 16, 15], "rotation": 90, "texture": "#base"},
				"up": {"uv": [11, 0, 14, 1], "rotation": 180, "texture": "#base"},
				"down": {"uv": [11, 15, 14, 16], "rotation": 180, "texture": "#base"}
			}
		},
		{
			"from": [14.5, 0, 2],
			"to": [15.5, 16, 5],
			"faces": {
				"north": {"uv": [0, 12, 16, 13], "rotation": 90, "texture": "#base"},
				"east": {"uv": [0, 12, 16, 15], "rotation": 90, "texture": "#base"},
				"south": {"uv": [0, 14, 16, 15], "rotation": 90, "texture": "#base"},
				"west": {"uv": [0, 12, 16, 15], "rotation": 90, "texture": "#base"},
				"up": {"uv": [11, 0, 14, 1], "rotation": 90, "texture": "#base"},
				"down": {"uv": [11, 15, 14, 16], "rotation": 270, "texture": "#base"}
			}
		},
		{
			"from": [4, 15, 7],
			"to": [6, 15.3, 9],
			"rotation": {"angle": 0, "axis": "y", "origin": [12, 23, 15]},
			"faces": {
				"north": {"uv": [4, 7, 6, 8], "rotation": 180, "texture": "#top"},
				"east": {"uv": [4, 8, 6, 9], "rotation": 180, "texture": "#top"},
				"south": {"uv": [4, 8, 6, 9], "texture": "#top"},
				"west": {"uv": [4, 7, 6, 8], "texture": "#top"},
				"up": {"uv": [4, 7, 6, 9], "texture": "#top"},
				"down": {"uv": [0, 0, 2, 2], "texture": "#top"}
			}
		},
		{
			"from": [2, 15, 4],
			"to": [3, 15.3, 12],
			"rotation": {"angle": 0, "axis": "y", "origin": [10, 23, 15]},
			"faces": {
				"north": {"uv": [2, 4, 3, 5], "texture": "#top"},
				"east": {"uv": [2, 4, 3, 12], "rotation": 90, "texture": "#top"},
				"south": {"uv": [2, 11, 3, 12], "texture": "#top"},
				"west": {"uv": [2, 4, 3, 12], "rotation": 270, "texture": "#top"},
				"up": {"uv": [2, 4, 3, 12], "texture": "#top"},
				"down": {"uv": [2, 4, 3, 12], "texture": "#top"}
			}
		},
		{
			"from": [4, 15, 13],
			"to": [12, 15.3, 14],
			"rotation": {"angle": 0, "axis": "y", "origin": [8, 15.15, 8]},
			"faces": {
				"north": {"uv": [4, 13, 12, 14], "rotation": 180, "texture": "#top"},
				"east": {"uv": [11, 13, 12, 14], "texture": "#top"},
				"south": {"uv": [4, 13, 12, 14], "texture": "#top"},
				"west": {"uv": [4, 13, 5, 14], "texture": "#top"},
				"up": {"uv": [4, 13, 12, 14], "texture": "#top"},
				"down": {"uv": [4, 13, 12, 14], "texture": "#top"}
			}
		},
		{
			"from": [4, 15, 2],
			"to": [12, 15.3, 3],
			"rotation": {"angle": 0, "axis": "y", "origin": [8, 15.15, -3]},
			"faces": {
				"north": {"uv": [4, 2, 12, 3], "rotation": 180, "texture": "#top"},
				"east": {"uv": [11, 2, 12, 3], "texture": "#top"},
				"south": {"uv": [4, 2, 12, 3], "texture": "#top"},
				"west": {"uv": [4, 2, 5, 3], "texture": "#top"},
				"up": {"uv": [4, 2, 12, 3], "texture": "#top"},
				"down": {"uv": [4, 2, 12, 3], "texture": "#top"}
			}
		},
		{
			"from": [13, 15, 4],
			"to": [14, 15.3, 12],
			"rotation": {"angle": 0, "axis": "y", "origin": [21, 23, 15]},
			"faces": {
				"north": {"uv": [13, 4, 14, 5], "texture": "#top"},
				"east": {"uv": [13, 4, 14, 12], "rotation": 90, "texture": "#top"},
				"south": {"uv": [13, 11, 14, 12], "texture": "#top"},
				"west": {"uv": [13, 4, 14, 12], "rotation": 270, "texture": "#top"},
				"up": {"uv": [13, 4, 14, 12], "texture": "#top"},
				"down": {"uv": [13, 4, 14, 12], "texture": "#top"}
			}
		},
		{
			"from": [3, 15, 3],
			"to": [4, 15.3, 4],
			"rotation": {"angle": 0, "axis": "y", "origin": [11, 23, 11]},
			"faces": {
				"north": {"uv": [3, 3, 4, 4], "texture": "#top"},
				"east": {"uv": [3, 3, 4, 4], "texture": "#top"},
				"south": {"uv": [3, 3, 4, 4], "texture": "#top"},
				"west": {"uv": [3, 3, 4, 4], "texture": "#top"},
				"up": {"uv": [3, 3, 4, 4], "texture": "#top"},
				"down": {"uv": [3, 3, 4, 4], "texture": "#top"}
			}
		},
		{
			"from": [3, 15, 12],
			"to": [4, 15.3, 13],
			"rotation": {"angle": 0, "axis": "y", "origin": [11, 23, 20]},
			"faces": {
				"north": {"uv": [3, 12, 4, 13], "texture": "#top"},
				"east": {"uv": [3, 12, 4, 13], "texture": "#top"},
				"south": {"uv": [3, 12, 4, 13], "texture": "#top"},
				"west": {"uv": [3, 12, 4, 13], "texture": "#top"},
				"up": {"uv": [3, 12, 4, 13], "texture": "#top"},
				"down": {"uv": [3, 12, 4, 13], "texture": "#top"}
			}
		},
		{
			"from": [12, 15, 3],
			"to": [13, 15.3, 4],
			"rotation": {"angle": 0, "axis": "y", "origin": [20, 23, 11]},
			"faces": {
				"north": {"uv": [12, 3, 13, 4], "texture": "#top"},
				"east": {"uv": [12, 3, 13, 4], "texture": "#top"},
				"south": {"uv": [12, 3, 13, 4], "texture": "#top"},
				"west": {"uv": [12, 3, 13, 4], "texture": "#top"},
				"up": {"uv": [12, 3, 13, 4], "texture": "#top"},
				"down": {"uv": [12, 3, 13, 4], "texture": "#top"}
			}
		},
		{
			"from": [12, 15, 12],
			"to": [13, 15.3, 13],
			"rotation": {"angle": 0, "axis": "y", "origin": [20, 23, 20]},
			"faces": {
				"north": {"uv": [12, 12, 13, 13], "texture": "#top"},
				"east": {"uv": [12, 12, 13, 13], "texture": "#top"},
				"south": {"uv": [12, 12, 13, 13], "texture": "#top"},
				"west": {"uv": [12, 12, 13, 13], "texture": "#top"},
				"up": {"uv": [12, 12, 13, 13], "texture": "#top"},
				"down": {"uv": [12, 12, 13, 13], "texture": "#top"}
			}
		}
	],
	"display": {
		"thirdperson_righthand": {
			"rotation": [75, 45, 0],
			"translation": [0, 2.5, 0],
			"scale": [0.375, 0.375, 0.375]
		},
		"thirdperson_lefthand": {
			"rotation": [75, 45, 0],
			"translation": [0, 2.5, 0],
			"scale": [0.375, 0.375, 0.375]
		},
		"firstperson_righthand": {
			"rotation": [0, 45, 0],
			"scale": [0.4, 0.4, 0.4]
		},
		"firstperson_lefthand": {
			"rotation": [0, 225, 0],
			"scale": [0.4, 0.4, 0.4]
		},
		"ground": {
			"translation": [0, 3, 0],
			"scale": [0.25, 0.25, 0.25]
		},
		"gui": {
			"rotation": [30, 225, 0],
			"scale": [0.625, 0.625, 0.625]
		},
		"fixed": {
			"scale": [0.5, 0.5, 0.5]
		}
	}
}