{
	"credit": "Made with Blockbench",
	"textures": {
		"particle": "actuallyadditions:blocks/base_texture",
		"base": "actuallyadditions:blocks/base_texture",
		"top": "actuallyadditions:blocks/block_heat_collector_top",
		"base_side": "actuallyadditions:blocks/base_texture_side",
		"front": "actuallyadditions:blocks/block_bio_reactor_front",
		"side_animation": "actuallyadditions:blocks/block_farmer_front",
		"top_animation": "actuallyadditions:blocks/block_leaf_generator_animated"
	},
	"elements": [
		{
			"from": [1, 0, 14],
			"to": [15, 15, 15],
			"faces": {
				"north": {"uv": [0, 0, 14, 15], "texture": "#front"},
				"east": {"uv": [1, 1, 2, 16], "texture": "#front"},
				"south": {"uv": [1, 1, 15, 16], "texture": "#front"},
				"west": {"uv": [14, 1, 15, 16], "texture": "#front"},
				"up": {"uv": [1, 1, 15, 2], "rotation": 180, "texture": "#top"},
				"down": {"uv": [1, 14, 15, 15], "rotation": 180, "texture": "#front"}
			}
		},
		{
			"from": [5, 4, 0],
			"to": [11, 5, 1],
			"faces": {
				"north": {"uv": [5, 11, 11, 12], "texture": "#side_animation"},
				"east": {"uv": [0, 0, 1, 1], "texture": "#missing"},
				"south": {"uv": [5, 11, 11, 12], "rotation": 180, "texture": "#side_animation"},
				"west": {"uv": [0, 0, 1, 1], "texture": "#missing"},
				"up": {"uv": [5, 11, 11, 12], "texture": "#side_animation"},
				"down": {"uv": [5, 11, 11, 12], "rotation": 180, "texture": "#side_animation"}
			}
		},
		{
			"from": [15, 11, 5],
			"to": [16, 12, 11],
			"faces": {
				"north": {"uv": [0, 0, 1, 1], "texture": "#side_animation"},
				"east": {"uv": [5, 4, 11, 5], "rotation": 180, "texture": "#side_animation"},
				"south": {"uv": [0, 0, 1, 1], "texture": "#side_animation"},
				"west": {"uv": [0, 0, 8, 1], "texture": "#side_animation"},
				"up": {"uv": [5, 4, 11, 5], "rotation": 270, "texture": "#side_animation"},
				"down": {"uv": [5, 4, 11, 5], "rotation": 270, "texture": "#side_animation"}
			}
		},
		{
			"from": [0, 11, 5],
			"to": [1, 12, 11],
			"faces": {
				"north": {"uv": [0, 0, 1, 1], "texture": "#side_animation"},
				"east": {"uv": [5, 4, 11, 5], "rotation": 180, "texture": "#side_animation"},
				"south": {"uv": [0, 0, 1, 1], "texture": "#side_animation"},
				"west": {"uv": [5, 4, 11, 5], "texture": "#side_animation"},
				"up": {"uv": [5, 4, 11, 5], "rotation": 270, "texture": "#side_animation"},
				"down": {"uv": [5, 4, 11, 5], "rotation": 270, "texture": "#side_animation"}
			}
		},
		{
			"from": [5, 11, 0],
			"to": [11, 12, 1],
			"faces": {
				"north": {"uv": [5, 4, 11, 5], "texture": "#side_animation"},
				"east": {"uv": [0, 0, 1, 1], "texture": "#side_animation"},
				"south": {"uv": [5, 4, 11, 5], "rotation": 180, "texture": "#side_animation"},
				"west": {"uv": [0, 0, 1, 1], "texture": "#side_animation"},
				"up": {"uv": [5, 4, 11, 5], "texture": "#side_animation"},
				"down": {"uv": [5, 4, 11, 5], "rotation": 180, "texture": "#side_animation"}
			}
		},
		{
			"from": [15, 1, 15],
			"to": [16, 15, 16],
			"faces": {
				"north": {"uv": [15, 1, 16, 15], "texture": "#base"},
				"east": {"uv": [15, 1, 16, 15], "texture": "#base"},
				"south": {"uv": [15, 1, 16, 15], "texture": "#base"},
				"west": {"uv": [15, 1, 16, 15], "texture": "#base"},
				"up": {"uv": [0, 0, 1, 1], "rotation": 180, "texture": "#base"},
				"down": {"uv": [0, 0, 1, 1], "rotation": 180, "texture": "#base"}
			}
		},
		{
			"from": [0, 1, 15],
			"to": [1, 15, 16],
			"faces": {
				"north": {"uv": [0, 1, 1, 15], "texture": "#base"},
				"east": {"uv": [0, 1, 1, 15], "texture": "#base"},
				"south": {"uv": [0, 1, 1, 15], "texture": "#base"},
				"west": {"uv": [0, 1, 1, 15], "texture": "#base"},
				"up": {"uv": [0, 0, 1, 1], "rotation": 180, "texture": "#base"},
				"down": {"uv": [0, 0, 1, 1], "rotation": 180, "texture": "#base"}
			}
		},
		{
			"from": [0, 1, 0],
			"to": [1, 15, 1],
			"faces": {
				"north": {"uv": [15, 1, 16, 15], "texture": "#base"},
				"east": {"uv": [15, 1, 16, 15], "texture": "#base"},
				"south": {"uv": [15, 1, 16, 15], "texture": "#base"},
				"west": {"uv": [15, 1, 16, 15], "texture": "#base"},
				"up": {"uv": [0, 0, 1, 1], "rotation": 180, "texture": "#base"},
				"down": {"uv": [0, 0, 1, 1], "rotation": 180, "texture": "#base"}
			}
		},
		{
			"from": [15, 1, 0],
			"to": [16, 15, 1],
			"faces": {
				"north": {"uv": [0, 1, 1, 15], "texture": "#base"},
				"east": {"uv": [0, 1, 1, 15], "texture": "#base"},
				"south": {"uv": [0, 1, 1, 15], "texture": "#base"},
				"west": {"uv": [0, 1, 1, 15], "texture": "#base"},
				"up": {"uv": [0, 0, 1, 1], "rotation": 180, "texture": "#base"},
				"down": {"uv": [0, 0, 1, 1], "rotation": 180, "texture": "#base"}
			}
		},
		{
			"from": [1, 15, 0],
			"to": [15, 16, 1],
			"faces": {
				"north": {"uv": [1, 0, 15, 1], "texture": "#base"},
				"east": {"uv": [0, 0, 1, 1], "texture": "#base"},
				"south": {"uv": [1, 0, 15, 1], "rotation": 180, "texture": "#base"},
				"west": {"uv": [0, 0, 1, 1], "texture": "#base"},
				"up": {"uv": [1, 0, 15, 1], "rotation": 180, "texture": "#base"},
				"down": {"uv": [1, 0, 15, 1], "rotation": 180, "texture": "#base"}
			}
		},
		{
			"from": [1, 15, 15],
			"to": [15, 16, 16],
			"faces": {
				"north": {"uv": [1, 0, 15, 1], "rotation": 180, "texture": "#base"},
				"east": {"uv": [0, 0, 1, 1], "texture": "#base"},
				"south": {"uv": [1, 0, 15, 1], "texture": "#base"},
				"west": {"uv": [0, 0, 1, 1], "texture": "#base"},
				"up": {"uv": [1, 0, 15, 1], "texture": "#base"},
				"down": {"uv": [1, 0, 15, 1], "texture": "#base"}
			}
		},
		{
			"from": [0, 15, 0],
			"to": [1, 16, 16],
			"faces": {
				"north": {"uv": [15, 0, 16, 1], "texture": "#base"},
				"east": {"uv": [15, 0, 16, 16], "rotation": 270, "texture": "#base"},
				"south": {"uv": [0, 0, 1, 1], "texture": "#base"},
				"west": {"uv": [15, 0, 16, 16], "rotation": 90, "texture": "#base"},
				"up": {"uv": [15, 0, 16, 16], "rotation": 180, "texture": "#base"},
				"down": {"uv": [15, 0, 16, 16], "texture": "#base"}
			}
		},
		{
			"from": [15, 15, 0],
			"to": [16, 16, 16],
			"faces": {
				"north": {"uv": [0, 0, 1, 1], "texture": "#base"},
				"east": {"uv": [15, 0, 16, 16], "rotation": 90, "texture": "#base"},
				"south": {"uv": [15, 0, 16, 1], "texture": "#base"},
				"west": {"uv": [15, 0, 16, 16], "rotation": 270, "texture": "#base"},
				"up": {"uv": [15, 0, 16, 16], "texture": "#base"},
				"down": {"uv": [15, 0, 16, 16], "rotation": 180, "texture": "#base"}
			}
		},
		{
			"from": [1, 0, 15],
			"to": [15, 1, 16],
			"faces": {
				"north": {"uv": [1, 0, 15, 1], "rotation": 180, "texture": "#base"},
				"east": {"uv": [0, 0, 1, 1], "texture": "#base"},
				"south": {"uv": [1, 15, 15, 16], "texture": "#base"},
				"west": {"uv": [0, 0, 1, 1], "texture": "#base"},
				"up": {"uv": [1, 15, 15, 16], "texture": "#base"},
				"down": {"uv": [1, 15, 15, 16], "texture": "#base"}
			}
		},
		{
			"from": [0, 0, 0],
			"to": [1, 1, 16],
			"faces": {
				"north": {"uv": [15, 0, 16, 1], "texture": "#base"},
				"east": {"uv": [15, 0, 16, 16], "rotation": 270, "texture": "#base"},
				"south": {"uv": [0, 0, 1, 1], "texture": "#base"},
				"west": {"uv": [0, 0, 1, 16], "rotation": 90, "texture": "#base"},
				"up": {"uv": [0, 0, 1, 16], "rotation": 180, "texture": "#base"},
				"down": {"uv": [0, 0, 1, 16], "texture": "#base"}
			}
		},
		{
			"from": [1, 0, 0],
			"to": [15, 1, 1],
			"faces": {
				"north": {"uv": [1, 15, 15, 16], "texture": "#base"},
				"east": {"uv": [0, 0, 1, 1], "texture": "#base"},
				"south": {"uv": [1, 0, 15, 1], "rotation": 180, "texture": "#base"},
				"west": {"uv": [0, 0, 1, 1], "texture": "#base"},
				"up": {"uv": [1, 15, 15, 16], "rotation": 180, "texture": "#base"},
				"down": {"uv": [1, 15, 15, 16], "rotation": 180, "texture": "#base"}
			}
		},
		{
			"from": [15, 0, 0],
			"to": [16, 1, 16],
			"faces": {
				"north": {"uv": [0, 0, 1, 1], "texture": "#base"},
				"east": {"uv": [15, 0, 16, 16], "rotation": 90, "texture": "#base"},
				"south": {"uv": [15, 0, 16, 1], "texture": "#base"},
				"west": {"uv": [15, 0, 16, 16], "rotation": 270, "texture": "#base"},
				"up": {"uv": [15, 0, 16, 16], "texture": "#base"},
				"down": {"uv": [15, 0, 16, 16], "rotation": 180, "texture": "#base"}
			}
		},
		{
			"from": [13, 1, 2],
			"to": [14, 14, 14],
			"faces": {
				"north": {"uv": [0, 0, 1, 15], "texture": "#top_animation"},
				"east": {"uv": [2, 1, 14, 15], "texture": "#top_animation"},
				"south": {"uv": [0, 0, 1, 15], "texture": "#top_animation"},
				"west": {"uv": [0, 0, 12, 15], "texture": "#top_animation"},
				"up": {"uv": [14, 2, 15, 14], "texture": "#top_animation"},
				"down": {"uv": [1, 2, 2, 14], "texture": "#top_animation"}
			}
		},
		{
			"from": [2, 1, 2],
			"to": [3, 14, 14],
			"faces": {
				"north": {"uv": [0, 0, 1, 15], "texture": "#top_animation"},
				"east": {"uv": [0, 0, 12, 15], "texture": "#top_animation"},
				"south": {"uv": [0, 0, 1, 15], "texture": "#top_animation"},
				"west": {"uv": [2, 1, 14, 15], "texture": "#top_animation"},
				"up": {"uv": [14, 2, 15, 14], "rotation": 180, "texture": "#top_animation"},
				"down": {"uv": [1, 2, 2, 14], "rotation": 180, "texture": "#top_animation"}
			}
		},
		{
			"from": [14, 5, 2],
			"to": [15, 11, 5],
			"faces": {
				"north": {"uv": [0, 0, 1, 15], "texture": "#missing"},
				"east": {"uv": [11, 5, 14, 11], "texture": "#side_animation"},
				"south": {"uv": [11, 5, 12, 11], "texture": "#side_animation"},
				"west": {"uv": [0, 0, 12, 15], "texture": "#missing"},
				"up": {"uv": [1, 2, 2, 14], "texture": "#top"},
				"down": {"uv": [1, 2, 2, 14], "texture": "#base"}
			}
		},
		{
			"from": [1, 5, 11],
			"to": [2, 11, 14],
			"faces": {
				"north": {"uv": [4, 5, 5, 11], "texture": "#side_animation"},
				"east": {"uv": [0, 0, 12, 15], "texture": "#missing"},
				"south": {"uv": [0, 0, 1, 15], "texture": "#missing"},
				"west": {"uv": [11, 5, 14, 11], "texture": "#side_animation"},
				"up": {"uv": [1, 2, 2, 14], "rotation": 180, "texture": "#top"},
				"down": {"uv": [1, 2, 2, 14], "rotation": 180, "texture": "#base"}
			}
		},
		{
			"from": [14, 5, 11],
			"to": [15, 11, 14],
			"faces": {
				"north": {"uv": [4, 5, 5, 11], "texture": "#side_animation"},
				"east": {"uv": [2, 5, 5, 11], "texture": "#side_animation"},
				"south": {"uv": [0, 0, 1, 15], "texture": "#side_animation"},
				"west": {"uv": [0, 0, 12, 15], "texture": "#side_animation"},
				"up": {"uv": [1, 2, 2, 14], "texture": "#top"},
				"down": {"uv": [1, 2, 2, 14], "texture": "#base"}
			}
		},
		{
			"from": [1, 5, 2],
			"to": [2, 11, 5],
			"faces": {
				"north": {"uv": [0, 0, 1, 15], "texture": "#side_animation"},
				"east": {"uv": [0, 0, 12, 15], "texture": "#side_animation"},
				"south": {"uv": [11, 5, 12, 11], "texture": "#side_animation"},
				"west": {"uv": [2, 5, 5, 11], "texture": "#side_animation"},
				"up": {"uv": [1, 2, 2, 14], "rotation": 180, "texture": "#top"},
				"down": {"uv": [1, 2, 2, 14], "rotation": 180, "texture": "#base"}
			}
		},
		{
			"from": [14, 11, 2],
			"to": [15, 15, 14],
			"faces": {
				"north": {"uv": [0, 0, 1, 15], "texture": "#missing"},
				"east": {"uv": [2, 1, 14, 5], "texture": "#side_animation"},
				"south": {"uv": [0, 0, 1, 15], "texture": "#missing"},
				"west": {"uv": [0, 0, 12, 15], "texture": "#missing"},
				"up": {"uv": [1, 2, 2, 14], "texture": "#top"},
				"down": {"uv": [2, 4, 14, 5], "rotation": 270, "texture": "#side_animation"}
			}
		},
		{
			"from": [1, 11, 2],
			"to": [2, 15, 14],
			"faces": {
				"north": {"uv": [0, 0, 1, 15], "texture": "#missing"},
				"east": {"uv": [0, 0, 12, 15], "texture": "#missing"},
				"south": {"uv": [0, 0, 1, 15], "texture": "#missing"},
				"west": {"uv": [2, 1, 14, 5], "texture": "#side_animation"},
				"up": {"uv": [1, 2, 2, 14], "rotation": 180, "texture": "#top"},
				"down": {"uv": [2, 4, 14, 5], "rotation": 270, "texture": "#side_animation"}
			}
		},
		{
			"from": [14, 0, 2],
			"to": [15, 5, 14],
			"faces": {
				"north": {"uv": [0, 0, 1, 15], "texture": "#missing"},
				"east": {"uv": [2, 11, 14, 16], "texture": "#side_animation"},
				"south": {"uv": [0, 0, 1, 15], "texture": "#missing"},
				"west": {"uv": [0, 0, 12, 15], "texture": "#missing"},
				"up": {"uv": [2, 11, 14, 12], "rotation": 270, "texture": "#side_animation"},
				"down": {"uv": [1, 2, 2, 14], "texture": "#base"}
			}
		},
		{
			"from": [1, 0, 2],
			"to": [2, 5, 14],
			"faces": {
				"north": {"uv": [0, 0, 1, 15], "texture": "#missing"},
				"east": {"uv": [0, 0, 12, 15], "texture": "#missing"},
				"south": {"uv": [0, 0, 1, 15], "texture": "#missing"},
				"west": {"uv": [2, 11, 14, 16], "texture": "#side_animation"},
				"up": {"uv": [2, 11, 14, 12], "rotation": 270, "texture": "#side_animation"},
				"down": {"uv": [1, 2, 2, 14], "rotation": 180, "texture": "#base"}
			}
		},
		{
			"from": [1, 0, 1],
			"to": [15, 15, 2],
			"faces": {
				"north": {"uv": [1, 1, 15, 16], "texture": "#side_animation"},
				"east": {"uv": [14, 1, 15, 16], "texture": "#base_side"},
				"south": {"uv": [0, 0, 12, 15], "texture": "#missing"},
				"west": {"uv": [1, 1, 2, 16], "texture": "#base_side"},
				"up": {"uv": [14, 2, 15, 14], "rotation": 270, "texture": "#top"},
				"down": {"uv": [1, 1, 15, 2], "rotation": 180, "texture": "#base"}
			}
		},
		{
			"from": [2, 0, 2],
			"to": [14, 1, 14],
			"faces": {
				"north": {"uv": [0, 0, 12, 1], "texture": "#base"},
				"east": {"uv": [0, 0, 12, 1], "texture": "#base"},
				"south": {"uv": [0, 0, 12, 1], "texture": "#base"},
				"west": {"uv": [0, 0, 12, 1], "texture": "#base"},
				"up": {"uv": [2, 2, 14, 14], "rotation": 180, "texture": "#base"},
				"down": {"uv": [2, 2, 14, 14], "rotation": 180, "texture": "#base"}
			}
		},
		{
			"from": [2, 14, 2],
			"to": [4, 15, 14],
			"faces": {
				"north": {"uv": [0, 0, 12, 1], "texture": "#top"},
				"east": {"uv": [3, 2, 4, 14], "rotation": 90, "texture": "#top"},
				"south": {"uv": [0, 0, 12, 1], "texture": "#top"},
				"west": {"uv": [0, 0, 12, 1], "texture": "#top"},
				"up": {"uv": [2, 2, 4, 14], "texture": "#top"},
				"down": {"uv": [0, 0, 12, 12], "rotation": 180, "texture": "#top"}
			}
		},
		{
			"from": [4, 14, 2],
			"to": [12, 15, 4],
			"faces": {
				"north": {"uv": [0, 0, 12, 1], "texture": "#top"},
				"east": {"uv": [3, 2, 4, 14], "rotation": 90, "texture": "#top"},
				"south": {"uv": [4, 3, 12, 4], "texture": "#top"},
				"west": {"uv": [0, 0, 12, 1], "texture": "#top"},
				"up": {"uv": [4, 2, 12, 4], "texture": "#top"},
				"down": {"uv": [0, 0, 12, 12], "rotation": 180, "texture": "#top"}
			}
		},
		{
			"from": [4, 14, 12],
			"to": [12, 15, 14],
			"faces": {
				"north": {"uv": [4, 12, 12, 13], "rotation": 180, "texture": "#top"},
				"east": {"uv": [3, 2, 4, 14], "rotation": 90, "texture": "#top"},
				"south": {"uv": [4, 3, 12, 4], "texture": "#top"},
				"west": {"uv": [0, 0, 12, 1], "texture": "#top"},
				"up": {"uv": [4, 12, 12, 14], "texture": "#top"},
				"down": {"uv": [0, 0, 12, 12], "rotation": 180, "texture": "#top"}
			}
		},
		{
			"from": [12, 14, 2],
			"to": [14, 15, 14],
			"faces": {
				"north": {"uv": [0, 0, 12, 1], "texture": "#top"},
				"east": {"uv": [0, 0, 12, 1], "texture": "#top"},
				"south": {"uv": [0, 0, 12, 1], "texture": "#top"},
				"west": {"uv": [12, 2, 13, 14], "rotation": 270, "texture": "#top"},
				"up": {"uv": [12, 2, 14, 14], "texture": "#top"},
				"down": {"uv": [0, 0, 12, 12], "rotation": 180, "texture": "#top"}
			}
		},
		{
			"from": [4, 14, 4],
			"to": [5, 15, 5],
			"faces": {
				"north": {"uv": [4, 4, 5, 5], "texture": "#top"},
				"east": {"uv": [4, 4, 5, 5], "texture": "#top"},
				"south": {"uv": [4, 4, 5, 5], "texture": "#top"},
				"west": {"uv": [4, 4, 5, 5], "texture": "#top"},
				"up": {"uv": [4, 4, 5, 5], "rotation": 180, "texture": "#top"},
				"down": {"uv": [4, 4, 5, 5], "rotation": 180, "texture": "#top"}
			}
		},
		{
			"from": [11, 14, 4],
			"to": [12, 15, 5],
			"faces": {
				"north": {"uv": [11, 4, 12, 5], "texture": "#top"},
				"east": {"uv": [11, 4, 12, 5], "texture": "#top"},
				"south": {"uv": [11, 4, 12, 5], "texture": "#top"},
				"west": {"uv": [11, 4, 12, 5], "texture": "#top"},
				"up": {"uv": [11, 4, 12, 5], "rotation": 180, "texture": "#top"},
				"down": {"uv": [11, 4, 12, 5], "rotation": 180, "texture": "#top"}
			}
		},
		{
			"from": [11, 14, 11],
			"to": [12, 15, 12],
			"faces": {
				"north": {"uv": [11, 11, 12, 12], "texture": "#top"},
				"east": {"uv": [11, 11, 12, 12], "texture": "#top"},
				"south": {"uv": [11, 11, 12, 12], "texture": "#top"},
				"west": {"uv": [11, 11, 12, 12], "texture": "#top"},
				"up": {"uv": [11, 11, 12, 12], "rotation": 180, "texture": "#top"},
				"down": {"uv": [11, 11, 12, 12], "rotation": 180, "texture": "#top"}
			}
		},
		{
			"from": [4, 14, 11],
			"to": [5, 15, 12],
			"faces": {
				"north": {"uv": [4, 11, 5, 12], "texture": "#top"},
				"east": {"uv": [4, 11, 5, 12], "texture": "#top"},
				"south": {"uv": [4, 11, 5, 12], "texture": "#top"},
				"west": {"uv": [4, 11, 5, 12], "texture": "#top"},
				"up": {"uv": [4, 11, 5, 12], "rotation": 180, "texture": "#top"},
				"down": {"uv": [4, 11, 5, 12], "rotation": 180, "texture": "#top"}
			}
		},
		{
			"from": [4, 13, 4],
			"to": [12, 14, 12],
			"faces": {
				"north": {"uv": [0, 0, 8, 1], "texture": "#top"},
				"east": {"uv": [0, 0, 8, 1], "texture": "#top"},
				"south": {"uv": [0, 0, 8, 1], "texture": "#top"},
				"west": {"uv": [0, 0, 8, 1], "texture": "#top"},
				"up": {"uv": [4, 4, 12, 12], "texture": "#top_animation"},
				"down": {"uv": [4, 4, 12, 12], "rotation": 180, "texture": "#top"}
			}
		},
		{
			"from": [15, 4, 11],
			"to": [16, 12, 12],
			"faces": {
				"north": {"uv": [4, 4, 5, 12], "texture": "#side_animation"},
				"east": {"uv": [4, 4, 5, 12], "texture": "#side_animation"},
				"south": {"uv": [4, 4, 5, 12], "texture": "#side_animation"},
				"west": {"uv": [3, 3, 4, 13], "texture": "#side_animation"},
				"up": {"uv": [4, 4, 5, 5], "rotation": 180, "texture": "#side_animation"},
				"down": {"uv": [4, 11, 5, 12], "rotation": 180, "texture": "#side_animation"}
			}
		},
		{
			"from": [0, 4, 11],
			"to": [1, 12, 12],
			"faces": {
				"north": {"uv": [4, 4, 5, 12], "texture": "#side_animation"},
				"east": {"uv": [4, 4, 5, 12], "texture": "#side_animation"},
				"south": {"uv": [4, 4, 5, 12], "texture": "#side_animation"},
				"west": {"uv": [4, 4, 5, 12], "texture": "#side_animation"},
				"up": {"uv": [4, 4, 5, 5], "rotation": 180, "texture": "#side_animation"},
				"down": {"uv": [4, 11, 5, 12], "rotation": 180, "texture": "#side_animation"}
			}
		},
		{
			"from": [11, 4, 0],
			"to": [12, 12, 1],
			"faces": {
				"north": {"uv": [4, 4, 5, 12], "texture": "#side_animation"},
				"east": {"uv": [4, 4, 5, 12], "texture": "#side_animation"},
				"south": {"uv": [4, 4, 5, 12], "texture": "#side_animation"},
				"west": {"uv": [4, 4, 5, 12], "texture": "#side_animation"},
				"up": {"uv": [4, 4, 5, 5], "rotation": 270, "texture": "#side_animation"},
				"down": {"uv": [4, 11, 5, 12], "rotation": 90, "texture": "#side_animation"}
			}
		},
		{
			"from": [15, 4, 4],
			"to": [16, 12, 5],
			"faces": {
				"north": {"uv": [11, 4, 12, 12], "texture": "#side_animation"},
				"east": {"uv": [11, 4, 12, 12], "texture": "#side_animation"},
				"south": {"uv": [11, 4, 12, 12], "texture": "#side_animation"},
				"west": {"uv": [12, 3, 13, 13], "texture": "#side_animation"},
				"up": {"uv": [11, 4, 12, 5], "rotation": 180, "texture": "#side_animation"},
				"down": {"uv": [11, 11, 12, 12], "rotation": 180, "texture": "#side_animation"}
			}
		},
		{
			"from": [0, 4, 4],
			"to": [1, 12, 5],
			"faces": {
				"north": {"uv": [11, 4, 12, 12], "texture": "#side_animation"},
				"east": {"uv": [11, 4, 12, 12], "texture": "#side_animation"},
				"south": {"uv": [11, 4, 12, 12], "texture": "#side_animation"},
				"west": {"uv": [11, 4, 12, 12], "texture": "#side_animation"},
				"up": {"uv": [11, 4, 12, 5], "rotation": 180, "texture": "#side_animation"},
				"down": {"uv": [11, 11, 12, 12], "rotation": 180, "texture": "#side_animation"}
			}
		},
		{
			"from": [4, 4, 0],
			"to": [5, 12, 1],
			"faces": {
				"north": {"uv": [11, 4, 12, 12], "texture": "#side_animation"},
				"east": {"uv": [11, 4, 12, 12], "texture": "#side_animation"},
				"south": {"uv": [11, 4, 12, 12], "texture": "#side_animation"},
				"west": {"uv": [11, 4, 12, 12], "texture": "#side_animation"},
				"up": {"uv": [11, 4, 12, 5], "rotation": 270, "texture": "#side_animation"},
				"down": {"uv": [11, 11, 12, 12], "rotation": 90, "texture": "#side_animation"}
			}
		},
		{
			"from": [15, 4, 5],
			"to": [16, 5, 11],
			"faces": {
				"north": {"uv": [0, 0, 1, 1], "texture": "#missing"},
				"east": {"uv": [5, 11, 11, 12], "rotation": 180, "texture": "#side_animation"},
				"south": {"uv": [0, 0, 1, 1], "texture": "#missing"},
				"west": {"uv": [0, 0, 8, 1], "texture": "#missing"},
				"up": {"uv": [5, 11, 11, 12], "rotation": 270, "texture": "#side_animation"},
				"down": {"uv": [5, 11, 11, 12], "rotation": 270, "texture": "#side_animation"}
			}
		},
		{
			"from": [0, 4, 5],
			"to": [1, 5, 11],
			"faces": {
				"north": {"uv": [0, 0, 1, 1], "texture": "#missing"},
				"east": {"uv": [5, 11, 11, 12], "rotation": 180, "texture": "#side_animation"},
				"south": {"uv": [0, 0, 1, 1], "texture": "#missing"},
				"west": {"uv": [5, 11, 11, 12], "texture": "#side_animation"},
				"up": {"uv": [5, 11, 11, 12], "rotation": 270, "texture": "#side_animation"},
				"down": {"uv": [5, 11, 11, 12], "rotation": 270, "texture": "#side_animation"}
			}
		}
	],
	"display": {
		"thirdperson_righthand": {
			"rotation": [75, 45, 0],
			"translation": [0, 2.5, 0],
			"scale": [0.375, 0.375, 0.375]
		},
		"thirdperson_lefthand": {
			"rotation": [75, 45, 0],
			"translation": [0, 2.5, 0],
			"scale": [0.375, 0.375, 0.375]
		},
		"firstperson_righthand": {
			"rotation": [0, 45, 0],
			"scale": [0.4, 0.4, 0.4]
		},
		"firstperson_lefthand": {
			"rotation": [0, 225, 0],
			"scale": [0.4, 0.4, 0.4]
		},
		"ground": {
			"translation": [0, 3, 0],
			"scale": [0.25, 0.25, 0.25]
		},
		"gui": {
			"rotation": [30, 225, 0],
			"scale": [0.625, 0.625, 0.625]
		},
		"head": {
			"rotation": [0, 180, 0],
			"translation": [0, 13, 7]
		},
		"fixed": {
			"scale": [0.5, 0.5, 0.5]
		}
	}
}