{
	"credit": "Made with Blockbench",
	"textures": {
		"particle": "actuallyadditions:blocks/base_texture",
		"base": "actuallyadditions:blocks/base_texture",
		"back": "actuallyadditions:blocks/base_texture_back",
		"side": "actuallyadditions:blocks/block_dropper",
		"top": "actuallyadditions:blocks/base_texture_arrow",
		"front": "actuallyadditions:blocks/block_dropper_front"
	},
	"elements": [
		{
			"from": [1, 1, 1],
			"to": [15, 15, 15],
			"faces": {
				"north": {"uv": [1, 1, 15, 15], "texture": "#front"},
				"east": {"uv": [1, 1, 15, 15], "texture": "#side"},
				"south": {"uv": [1, 1, 15, 15], "texture": "#back"},
				"west": {"uv": [1, 1, 15, 15], "texture": "#side"},
				"up": {"uv": [1, 1, 15, 15], "texture": "#top"},
				"down": {"uv": [1, 1, 15, 15], "rotation": 180, "texture": "#top"}
			}
		},
		{
			"from": [0, 15, 0],
			"to": [16, 16, 1],
			"faces": {
				"north": {"uv": [0, 0, 16, 1], "texture": "#base"},
				"east": {"uv": [0, 0, 1, 1], "texture": "#base"},
				"south": {"uv": [0, 0, 16, 1], "rotation": 180, "texture": "#base"},
				"west": {"uv": [15, 0, 16, 1], "texture": "#base"},
				"up": {"uv": [0, 0, 16, 1], "rotation": 180, "texture": "#base"},
				"down": {"uv": [0, 0, 16, 1], "rotation": 180, "texture": "#base"}
			}
		},
		{
			"from": [0, 0, 0],
			"to": [16, 1, 1],
			"faces": {
				"north": {"uv": [0, 15, 16, 16], "texture": "#base"},
				"east": {"uv": [0, 15, 1, 16], "texture": "#base"},
				"south": {"uv": [0, 15, 16, 16], "rotation": 180, "texture": "#base"},
				"west": {"uv": [15, 15, 16, 16], "texture": "#base"},
				"up": {"uv": [0, 15, 16, 16], "rotation": 180, "texture": "#base"},
				"down": {"uv": [0, 15, 16, 16], "rotation": 180, "texture": "#base"}
			}
		},
		{
			"from": [0, 15, 15],
			"to": [16, 16, 16],
			"faces": {
				"north": {"uv": [0, 15, 16, 16], "rotation": 180, "texture": "#base"},
				"east": {"uv": [15, 15, 16, 16], "texture": "#base"},
				"south": {"uv": [0, 15, 16, 16], "texture": "#base"},
				"west": {"uv": [0, 15, 1, 16], "texture": "#base"},
				"up": {"uv": [0, 15, 16, 16], "texture": "#base"},
				"down": {"uv": [0, 15, 16, 16], "texture": "#base"}
			}
		},
		{
			"from": [0, 0, 15],
			"to": [16, 1, 16],
			"faces": {
				"north": {"uv": [0, 0, 16, 1], "rotation": 180, "texture": "#base"},
				"east": {"uv": [15, 0, 16, 1], "texture": "#base"},
				"south": {"uv": [0, 0, 16, 1], "texture": "#base"},
				"west": {"uv": [0, 0, 1, 1], "texture": "#base"},
				"up": {"uv": [0, 0, 16, 1], "texture": "#base"},
				"down": {"uv": [0, 0, 16, 1], "texture": "#base"}
			}
		},
		{
			"from": [0, 15, 1],
			"to": [1, 16, 15],
			"faces": {
				"north": {"uv": [0, 0, 1, 1], "texture": "#missing"},
				"east": {"uv": [0, 1, 1, 15], "rotation": 90, "texture": "#base"},
				"south": {"uv": [0, 0, 1, 1], "texture": "#missing"},
				"west": {"uv": [0, 1, 1, 15], "rotation": 270, "texture": "#base"},
				"up": {"uv": [0, 1, 1, 15], "texture": "#base"},
				"down": {"uv": [0, 1, 1, 15], "rotation": 180, "texture": "#base"}
			}
		},
		{
			"from": [0, 0, 1],
			"to": [1, 1, 15],
			"faces": {
				"north": {"uv": [0, 0, 1, 1], "texture": "#missing"},
				"east": {"uv": [15, 1, 16, 15], "rotation": 90, "texture": "#base"},
				"south": {"uv": [0, 0, 1, 1], "texture": "#missing"},
				"west": {"uv": [15, 1, 16, 15], "rotation": 270, "texture": "#base"},
				"up": {"uv": [15, 1, 16, 15], "texture": "#base"},
				"down": {"uv": [15, 1, 16, 15], "rotation": 180, "texture": "#base"}
			}
		},
		{
			"from": [15, 15, 1],
			"to": [16, 16, 15],
			"faces": {
				"north": {"uv": [0, 0, 1, 1], "texture": "#missing"},
				"east": {"uv": [15, 1, 16, 15], "rotation": 90, "texture": "#base"},
				"south": {"uv": [0, 0, 1, 1], "texture": "#missing"},
				"west": {"uv": [15, 1, 16, 15], "rotation": 270, "texture": "#base"},
				"up": {"uv": [15, 1, 16, 15], "texture": "#base"},
				"down": {"uv": [15, 1, 16, 15], "rotation": 180, "texture": "#base"}
			}
		},
		{
			"from": [15, 0, 1],
			"to": [16, 1, 15],
			"faces": {
				"north": {"uv": [0, 0, 1, 1], "texture": "#missing"},
				"east": {"uv": [0, 1, 1, 15], "rotation": 90, "texture": "#base"},
				"south": {"uv": [0, 0, 1, 1], "texture": "#missing"},
				"west": {"uv": [0, 1, 1, 15], "rotation": 270, "texture": "#base"},
				"up": {"uv": [0, 1, 1, 15], "texture": "#base"},
				"down": {"uv": [0, 1, 1, 15], "rotation": 180, "texture": "#base"}
			}
		},
		{
			"from": [0, 1, 0],
			"to": [1, 15, 1],
			"faces": {
				"north": {"uv": [15, 1, 16, 15], "texture": "#base"},
				"east": {"uv": [15, 1, 16, 15], "texture": "#base"},
				"south": {"uv": [15, 1, 16, 15], "texture": "#base"},
				"west": {"uv": [15, 1, 16, 15], "texture": "#base"},
				"up": {"uv": [0, 0, 1, 1], "texture": "#missing"},
				"down": {"uv": [0, 0, 1, 1], "texture": "#missing"}
			}
		},
		{
			"from": [0, 1, 15],
			"to": [1, 15, 16],
			"faces": {
				"north": {"uv": [0, 1, 1, 15], "texture": "#base"},
				"east": {"uv": [0, 1, 1, 15], "texture": "#base"},
				"south": {"uv": [0, 1, 1, 15], "texture": "#base"},
				"west": {"uv": [0, 1, 1, 15], "texture": "#base"},
				"up": {"uv": [0, 0, 1, 1], "texture": "#missing"},
				"down": {"uv": [0, 0, 1, 1], "texture": "#missing"}
			}
		},
		{
			"from": [15, 1, 15],
			"to": [16, 15, 16],
			"faces": {
				"north": {"uv": [15, 1, 16, 15], "texture": "#base"},
				"east": {"uv": [15, 1, 16, 15], "texture": "#base"},
				"south": {"uv": [15, 1, 16, 15], "texture": "#base"},
				"west": {"uv": [15, 1, 16, 15], "texture": "#base"},
				"up": {"uv": [0, 0, 1, 1], "texture": "#missing"},
				"down": {"uv": [0, 0, 1, 1], "texture": "#missing"}
			}
		},
		{
			"from": [15, 1, 0],
			"to": [16, 15, 1],
			"faces": {
				"north": {"uv": [0, 1, 1, 15], "texture": "#base"},
				"east": {"uv": [0, 1, 1, 15], "texture": "#base"},
				"south": {"uv": [0, 1, 1, 15], "texture": "#base"},
				"west": {"uv": [0, 1, 1, 15], "texture": "#base"},
				"up": {"uv": [0, 0, 1, 1], "texture": "#missing"},
				"down": {"uv": [0, 0, 1, 1], "texture": "#missing"}
			}
		},
		{
			"from": [15, 6, 3],
			"to": [16, 10, 13],
			"faces": {
				"north": {"uv": [12, 6, 13, 10], "texture": "#side"},
				"east": {"uv": [3, 6, 13, 10], "texture": "#side"},
				"south": {"uv": [3, 6, 4, 10], "texture": "#side"},
				"west": {"uv": [0, 0, 10, 4], "texture": "#missing"},
				"up": {"uv": [3, 6, 13, 7], "rotation": 270, "texture": "#side"},
				"down": {"uv": [3, 9, 13, 10], "rotation": 90, "texture": "#side"}
			}
		},
		{
			"from": [0, 6, 3],
			"to": [1, 10, 13],
			"faces": {
				"north": {"uv": [3, 6, 4, 10], "texture": "#side"},
				"east": {"uv": [0, 0, 10, 4], "texture": "#missing"},
				"south": {"uv": [12, 6, 13, 10], "texture": "#side"},
				"west": {"uv": [3, 6, 13, 10], "texture": "#side"},
				"up": {"uv": [3, 6, 13, 7], "rotation": 90, "texture": "#side"},
				"down": {"uv": [3, 9, 13, 10], "rotation": 270, "texture": "#side"}
			}
		},
		{
			"from": [5, 5, 0],
			"to": [11, 11, 1],
			"faces": {
				"north": {"uv": [5, 5, 11, 11], "texture": "#front"},
				"east": {"uv": [5, 5, 6, 11], "texture": "#front"},
				"south": {"uv": [0, 0, 6, 6], "texture": "#front"},
				"west": {"uv": [10, 5, 11, 11], "texture": "#front"},
				"up": {"uv": [5, 5, 11, 6], "rotation": 180, "texture": "#front"},
				"down": {"uv": [5, 10, 11, 11], "rotation": 180, "texture": "#front"}
			}
		},
		{
			"from": [3, 6, 0],
			"to": [5, 10, 1],
			"faces": {
				"north": {"uv": [11, 6, 13, 10], "texture": "#front"},
				"east": {"uv": [0, 0, 1, 4], "texture": "#front"},
				"south": {"uv": [0, 0, 2, 4], "texture": "#front"},
				"west": {"uv": [12, 6, 13, 10], "texture": "#front"},
				"up": {"uv": [11, 6, 13, 7], "texture": "#front"},
				"down": {"uv": [11, 9, 13, 10], "rotation": 180, "texture": "#front"}
			}
		},
		{
			"from": [11, 6, 0],
			"to": [13, 10, 1],
			"faces": {
				"north": {"uv": [3, 6, 5, 10], "texture": "#front"},
				"east": {"uv": [3, 6, 4, 10], "texture": "#front"},
				"south": {"uv": [0, 0, 2, 4], "texture": "#front"},
				"west": {"uv": [12, 6, 13, 10], "texture": "#front"},
				"up": {"uv": [3, 6, 5, 7], "texture": "#front"},
				"down": {"uv": [3, 9, 5, 10], "rotation": 180, "texture": "#front"}
			}
		}
	],
	"display": {
		"thirdperson_righthand": {
			"rotation": [-15, 0, 45],
			"translation": [0, 2.5, 0],
			"scale": [0.375, 0.375, 0.375]
		},
		"thirdperson_lefthand": {
			"rotation": [-15, 0, 45],
			"translation": [0, 2.5, 0],
			"scale": [0.375, 0.375, 0.375]
		},
		"firstperson_righthand": {
			"rotation": [-90, 0, 45],
			"scale": [0.4, 0.4, 0.4]
		},
		"firstperson_lefthand": {
			"rotation": [-90, 0, -45],
			"scale": [0.4, 0.4, 0.4]
		},
		"ground": {
			"rotation": [-90, 0, 0],
			"translation": [0, 3, 0],
			"scale": [0.25, 0.25, 0.25]
		},
		"gui": {
			"rotation": [-60, 0, -135],
			"scale": [0.625, 0.625, 0.625]
		},
		"head": {
			"rotation": [-90, 0, 0]
		},
		"fixed": {
			"rotation": [-90, 0, 0],
			"scale": [0.5, 0.5, 0.5]
		}
	}
}