{
	"credit": "Made with Blockbench",
	"textures": {
		"particle": "actuallyadditions:blocks/block_greenhouse_glass",
		"base": "actuallyadditions:blocks/block_greenhouse_glass"
	},
	"elements": [
		{
			"from": [1, 1, 1],
			"to": [15, 15, 15],
			"faces": {
				"north": {"uv": [1, 1, 15, 15], "texture": "#base"},
				"east": {"uv": [1, 1, 15, 15], "texture": "#base"},
				"south": {"uv": [1, 1, 15, 15], "texture": "#base"},
				"west": {"uv": [1, 1, 15, 15], "texture": "#base"},
				"up": {"uv": [1, 1, 15, 15], "texture": "#base"},
				"down": {"uv": [1, 1, 15, 15], "texture": "#base"}
			}
		},
		{
			"from": [0, 0, 0],
			"to": [16, 1, 1],
			"faces": {
				"north": {"uv": [0, 15, 16, 16], "texture": "#base"},
				"east": {"uv": [0, 15, 1, 16], "texture": "#base"},
				"south": {"uv": [0, 15, 16, 16], "rotation": 180, "texture": "#base"},
				"west": {"uv": [15, 15, 16, 16], "texture": "#base"},
				"up": {"uv": [0, 15, 16, 16], "rotation": 180, "texture": "#base"},
				"down": {"uv": [0, 15, 16, 16], "rotation": 180, "texture": "#base"}
			}
		},
		{
			"from": [0, 0, 15],
			"to": [16, 1, 16],
			"rotation": {"angle": 0, "axis": "y", "origin": [8, 8, 23]},
			"faces": {
				"north": {"uv": [0, 15, 16, 16], "texture": "#base"},
				"east": {"uv": [0, 15, 1, 16], "texture": "#base"},
				"south": {"uv": [0, 15, 16, 16], "rotation": 180, "texture": "#base"},
				"west": {"uv": [15, 15, 16, 16], "texture": "#base"},
				"up": {"uv": [0, 15, 16, 16], "rotation": 180, "texture": "#base"},
				"down": {"uv": [0, 15, 16, 16], "rotation": 180, "texture": "#base"}
			}
		},
		{
			"from": [0, 15, 0],
			"to": [16, 16, 1],
			"rotation": {"angle": 0, "axis": "y", "origin": [8, 23, 8]},
			"faces": {
				"north": {"uv": [0, 0, 16, 1], "texture": "#base"},
				"east": {"uv": [0, 0, 1, 1], "texture": "#base"},
				"south": {"uv": [0, 0, 16, 1], "rotation": 180, "texture": "#base"},
				"west": {"uv": [15, 0, 16, 1], "texture": "#base"},
				"up": {"uv": [0, 0, 16, 1], "rotation": 180, "texture": "#base"},
				"down": {"uv": [0, 0, 16, 1], "rotation": 180, "texture": "#base"}
			}
		},
		{
			"from": [0, 15, 15],
			"to": [16, 16, 16],
			"rotation": {"angle": 0, "axis": "y", "origin": [8, 23, 23]},
			"faces": {
				"north": {"uv": [0, 0, 16, 1], "texture": "#base"},
				"east": {"uv": [0, 0, 1, 1], "texture": "#base"},
				"south": {"uv": [0, 0, 16, 1], "rotation": 180, "texture": "#base"},
				"west": {"uv": [15, 0, 16, 1], "texture": "#base"},
				"up": {"uv": [0, 0, 16, 1], "rotation": 180, "texture": "#base"},
				"down": {"uv": [0, 0, 16, 1], "rotation": 180, "texture": "#base"}
			}
		},
		{
			"from": [0, 0, 1],
			"to": [1, 1, 15],
			"rotation": {"angle": 0, "axis": "y", "origin": [8, 8, 9]},
			"faces": {
				"north": {"uv": [0, 0, 1, 1], "texture": "#missing"},
				"east": {"uv": [1, 15, 15, 16], "rotation": 180, "texture": "#base"},
				"south": {"uv": [0, 0, 1, 1], "texture": "#missing"},
				"west": {"uv": [1, 15, 15, 16], "texture": "#base"},
				"up": {"uv": [1, 15, 15, 16], "rotation": 90, "texture": "#base"},
				"down": {"uv": [1, 15, 15, 16], "rotation": 270, "texture": "#base"}
			}
		},
		{
			"from": [0, 15, 1],
			"to": [1, 16, 15],
			"rotation": {"angle": 0, "axis": "y", "origin": [8, 23, 9]},
			"faces": {
				"north": {"uv": [0, 0, 1, 1], "texture": "#missing"},
				"east": {"uv": [1, 0, 15, 1], "rotation": 180, "texture": "#base"},
				"south": {"uv": [0, 0, 1, 1], "texture": "#missing"},
				"west": {"uv": [1, 0, 15, 1], "texture": "#base"},
				"up": {"uv": [1, 0, 15, 1], "rotation": 90, "texture": "#base"},
				"down": {"uv": [1, 0, 15, 1], "rotation": 270, "texture": "#base"}
			}
		},
		{
			"from": [15, 0, 1],
			"to": [16, 1, 15],
			"rotation": {"angle": 0, "axis": "y", "origin": [23, 8, 9]},
			"faces": {
				"north": {"uv": [0, 0, 1, 1], "texture": "#missing"},
				"east": {"uv": [1, 0, 15, 1], "rotation": 180, "texture": "#base"},
				"south": {"uv": [0, 0, 1, 1], "texture": "#missing"},
				"west": {"uv": [1, 0, 15, 1], "texture": "#base"},
				"up": {"uv": [1, 0, 15, 1], "rotation": 90, "texture": "#base"},
				"down": {"uv": [1, 0, 15, 1], "rotation": 270, "texture": "#base"}
			}
		},
		{
			"from": [15, 15, 1],
			"to": [16, 16, 15],
			"rotation": {"angle": 0, "axis": "y", "origin": [23, 23, 9]},
			"faces": {
				"north": {"uv": [0, 0, 1, 1], "texture": "#missing"},
				"east": {"uv": [1, 15, 15, 16], "texture": "#base"},
				"south": {"uv": [0, 0, 1, 1], "texture": "#missing"},
				"west": {"uv": [1, 15, 15, 16], "rotation": 180, "texture": "#base"},
				"up": {"uv": [1, 15, 15, 16], "rotation": 270, "texture": "#base"},
				"down": {"uv": [1, 15, 15, 16], "rotation": 90, "texture": "#base"}
			}
		},
		{
			"from": [0, 1, 0],
			"to": [1, 15, 1],
			"rotation": {"angle": 0, "axis": "y", "origin": [8, 9, 8]},
			"faces": {
				"north": {"uv": [15, 1, 16, 15], "texture": "#base"},
				"east": {"uv": [15, 1, 16, 15], "texture": "#base"},
				"south": {"uv": [15, 1, 16, 15], "texture": "#base"},
				"west": {"uv": [15, 1, 16, 15], "texture": "#base"},
				"up": {"uv": [0, 0, 1, 1], "texture": "#base"},
				"down": {"uv": [0, 0, 1, 1], "texture": "#base"}
			}
		},
		{
			"from": [0, 1, 15],
			"to": [1, 15, 16],
			"rotation": {"angle": 0, "axis": "y", "origin": [8, 9, 23]},
			"faces": {
				"north": {"uv": [0, 1, 1, 15], "texture": "#base"},
				"east": {"uv": [0, 1, 1, 15], "texture": "#base"},
				"south": {"uv": [0, 1, 1, 15], "texture": "#base"},
				"west": {"uv": [0, 1, 1, 15], "texture": "#base"},
				"up": {"uv": [0, 0, 1, 1], "texture": "#missing"},
				"down": {"uv": [0, 0, 1, 1], "texture": "#missing"}
			}
		},
		{
			"from": [15, 1, 15],
			"to": [16, 15, 16],
			"rotation": {"angle": 0, "axis": "y", "origin": [23, 9, 23]},
			"faces": {
				"north": {"uv": [15, 1, 16, 15], "texture": "#base"},
				"east": {"uv": [15, 1, 16, 15], "texture": "#base"},
				"south": {"uv": [15, 1, 16, 15], "texture": "#base"},
				"west": {"uv": [15, 1, 16, 15], "texture": "#base"},
				"up": {"uv": [0, 0, 1, 1], "texture": "#missing"},
				"down": {"uv": [0, 0, 1, 1], "texture": "#missing"}
			}
		},
		{
			"from": [15, 1, 0],
			"to": [16, 15, 1],
			"rotation": {"angle": 0, "axis": "y", "origin": [23, 9, 8]},
			"faces": {
				"north": {"uv": [0, 1, 1, 15], "texture": "#base"},
				"east": {"uv": [0, 1, 1, 15], "texture": "#base"},
				"south": {"uv": [0, 1, 1, 15], "texture": "#base"},
				"west": {"uv": [0, 1, 1, 15], "texture": "#base"},
				"up": {"uv": [0, 0, 1, 1], "texture": "#missing"},
				"down": {"uv": [0, 0, 1, 1], "texture": "#missing"}
			}
		}
	],
	"display": {
		"thirdperson_righthand": {
			"rotation": [75, 45, 0],
			"translation": [0, 2.5, 0],
			"scale": [0.375, 0.375, 0.375]
		},
		"thirdperson_lefthand": {
			"rotation": [75, 45, 0],
			"translation": [0, 2.5, 0],
			"scale": [0.375, 0.375, 0.375]
		},
		"firstperson_righthand": {
			"rotation": [0, 45, 0],
			"scale": [0.4, 0.4, 0.4]
		},
		"firstperson_lefthand": {
			"rotation": [0, 225, 0],
			"scale": [0.4, 0.4, 0.4]
		},
		"ground": {
			"translation": [0, 3, 0],
			"scale": [0.25, 0.25, 0.25]
		},
		"gui": {
			"rotation": [30, 225, 0],
			"scale": [0.625, 0.625, 0.625]
		},
		"fixed": {
			"scale": [0.5, 0.5, 0.5]
		}
	}
}