{
	"credit": "Made with Blockbench",
	"ambientocclusion": false,
	"textures": {
		"inside": "actuallyadditions:blocks/block_item_viewer_hopping_top",
		"particle": "actuallyadditions:blocks/base_texture",
		"base": "actuallyadditions:blocks/base_texture",
		"side": "actuallyadditions:blocks/block_item_viewer_hopping"
	},
	"elements": [
		{
			"from": [0, 10, 0],
			"to": [16, 11, 16],
			"faces": {
				"north": {"uv": [0, 0, 16, 1], "rotation": 180, "texture": "#inside"},
				"east": {"uv": [15, 0, 16, 16], "rotation": 90, "texture": "#inside"},
				"south": {"uv": [0, 15, 16, 16], "texture": "#inside"},
				"west": {"uv": [0, 0, 1, 16], "rotation": 270, "texture": "#inside"},
				"up": {"uv": [0, 0, 16, 16], "texture": "#inside", "cullface": "up"},
				"down": {"uv": [0, 0, 16, 16], "rotation": 180, "texture": "#base"}
			}
		},
		{
			"from": [1, 11, 1],
			"to": [2, 15, 15],
			"faces": {
				"north": {"uv": [14, 6, 15, 10], "texture": "#side", "cullface": "east"},
				"east": {"uv": [1, 6, 15, 10], "texture": "#side", "cullface": "east"},
				"south": {"uv": [1, 6, 2, 10], "texture": "#side", "cullface": "east"},
				"west": {"uv": [1, 6, 15, 10], "texture": "#side", "cullface": "east"},
				"up": {"uv": [1, 1, 2, 15], "texture": "#inside", "cullface": "up"}
			}
		},
		{
			"from": [14, 11, 1],
			"to": [15, 15, 15],
			"faces": {
				"north": {"uv": [1, 6, 2, 10], "texture": "#side", "cullface": "east"},
				"east": {"uv": [1, 6, 15, 10], "texture": "#side", "cullface": "east"},
				"south": {"uv": [14, 6, 15, 10], "texture": "#side", "cullface": "east"},
				"west": {"uv": [1, 6, 15, 10], "texture": "#side", "cullface": "east"},
				"up": {"uv": [14, 1, 15, 15], "texture": "#inside", "cullface": "up"}
			}
		},
		{
			"from": [2, 11, 1],
			"to": [14, 15, 2],
			"faces": {
				"north": {"uv": [2, 6, 14, 10], "texture": "#side", "cullface": "east"},
				"south": {"uv": [2, 6, 14, 10], "texture": "#side", "cullface": "east"},
				"up": {"uv": [2, 1, 14, 2], "texture": "#inside", "cullface": "up"}
			}
		},
		{
			"from": [2, 11, 14],
			"to": [14, 15, 15],
			"faces": {
				"north": {"uv": [2, 6, 14, 10], "texture": "#side", "cullface": "east"},
				"south": {"uv": [2, 6, 14, 10], "texture": "#side", "cullface": "east"},
				"up": {"uv": [2, 14, 14, 15], "texture": "#inside", "cullface": "up"}
			}
		},
		{
			"from": [4, 4, 4],
			"to": [12, 10, 12],
			"faces": {
				"north": {"uv": [1, 9, 9, 15], "texture": "#side"},
				"east": {"uv": [1, 9, 9, 15], "texture": "#side"},
				"south": {"uv": [1, 9, 9, 15], "texture": "#side"},
				"west": {"uv": [1, 9, 9, 15], "texture": "#side"},
				"down": {"uv": [1, 9, 9, 15], "texture": "#side"}
			}
		},
		{
			"from": [6, 0, 6],
			"to": [10, 4, 10],
			"faces": {
				"north": {"uv": [11, 11, 15, 15], "texture": "#side"},
				"east": {"uv": [11, 11, 15, 15], "texture": "#side"},
				"south": {"uv": [11, 11, 15, 15], "texture": "#side"},
				"west": {"uv": [11, 11, 15, 15], "texture": "#side"},
				"down": {"uv": [11, 11, 15, 15], "texture": "#side"}
			}
		},
		{
			"from": [0, 15, 0],
			"to": [16, 16, 1],
			"rotation": {"angle": 0, "axis": "y", "origin": [8, 23, 8]},
			"faces": {
				"north": {"uv": [0, 0, 16, 1], "rotation": 180, "texture": "#inside"},
				"east": {"uv": [15, 0, 16, 1], "texture": "#inside"},
				"south": {"uv": [0, 0, 16, 1], "texture": "#inside"},
				"west": {"uv": [0, 0, 1, 1], "texture": "#inside"},
				"up": {"uv": [0, 0, 16, 1], "texture": "#inside"},
				"down": {"uv": [0, 0, 16, 1], "texture": "#inside"}
			}
		},
		{
			"from": [0, 15, 15],
			"to": [16, 16, 16],
			"rotation": {"angle": 0, "axis": "y", "origin": [8, 23, 23]},
			"faces": {
				"north": {"uv": [0, 15, 16, 16], "rotation": 180, "texture": "#inside"},
				"east": {"uv": [15, 15, 16, 16], "texture": "#inside"},
				"south": {"uv": [0, 15, 16, 16], "texture": "#inside"},
				"west": {"uv": [0, 15, 1, 16], "texture": "#inside"},
				"up": {"uv": [0, 15, 16, 16], "texture": "#inside"},
				"down": {"uv": [0, 15, 16, 16], "texture": "#inside"}
			}
		},
		{
			"from": [15, 15, 1],
			"to": [16, 16, 15],
			"rotation": {"angle": 0, "axis": "y", "origin": [8, 23, 23]},
			"faces": {
				"north": {"uv": [0, 0, 1, 1], "texture": "#missing"},
				"east": {"uv": [15, 1, 16, 15], "rotation": 90, "texture": "#inside"},
				"south": {"uv": [0, 0, 1, 1], "texture": "#missing"},
				"west": {"uv": [15, 1, 16, 15], "rotation": 270, "texture": "#inside"},
				"up": {"uv": [15, 1, 16, 15], "texture": "#inside"},
				"down": {"uv": [15, 1, 16, 15], "rotation": 180, "texture": "#inside"}
			}
		},
		{
			"from": [0, 15, 1],
			"to": [1, 16, 15],
			"rotation": {"angle": 0, "axis": "y", "origin": [-7, 23, 23]},
			"faces": {
				"north": {"uv": [0, 0, 1, 1], "texture": "#missing"},
				"east": {"uv": [0, 1, 1, 15], "rotation": 90, "texture": "#inside"},
				"south": {"uv": [0, 0, 1, 1], "texture": "#missing"},
				"west": {"uv": [0, 1, 1, 15], "rotation": 270, "texture": "#inside"},
				"up": {"uv": [0, 1, 1, 15], "texture": "#inside"},
				"down": {"uv": [0, 1, 1, 15], "rotation": 180, "texture": "#inside"}
			}
		},
		{
			"from": [0, 11, 0],
			"to": [1, 15, 1],
			"rotation": {"angle": 0, "axis": "y", "origin": [8, 19, 8]},
			"faces": {
				"north": {"uv": [0, 0, 1, 4], "texture": "#base"},
				"east": {"uv": [0, 0, 1, 4], "texture": "#base"},
				"south": {"uv": [0, 0, 1, 4], "texture": "#base"},
				"west": {"uv": [0, 0, 1, 4], "texture": "#base"},
				"up": {"uv": [0, 0, 1, 1], "texture": "#missing"},
				"down": {"uv": [0, 0, 1, 1], "texture": "#missing"}
			}
		},
		{
			"from": [0, 11, 15],
			"to": [1, 15, 16],
			"rotation": {"angle": 0, "axis": "y", "origin": [8, 19, 23]},
			"faces": {
				"north": {"uv": [0, 12, 1, 16], "texture": "#base"},
				"east": {"uv": [0, 12, 1, 16], "texture": "#base"},
				"south": {"uv": [0, 12, 1, 16], "texture": "#base"},
				"west": {"uv": [0, 12, 1, 16], "texture": "#base"},
				"up": {"uv": [0, 0, 1, 1], "texture": "#missing"},
				"down": {"uv": [0, 0, 1, 1], "texture": "#missing"}
			}
		},
		{
			"from": [15, 11, 15],
			"to": [16, 15, 16],
			"rotation": {"angle": 0, "axis": "y", "origin": [23, 19, 23]},
			"faces": {
				"north": {"uv": [15, 12, 16, 16], "texture": "#base"},
				"east": {"uv": [15, 12, 16, 16], "texture": "#base"},
				"south": {"uv": [15, 12, 16, 16], "texture": "#base"},
				"west": {"uv": [15, 12, 16, 16], "texture": "#base"},
				"up": {"uv": [0, 0, 1, 1], "texture": "#missing"},
				"down": {"uv": [0, 0, 1, 1], "texture": "#missing"}
			}
		},
		{
			"from": [15, 11, 0],
			"to": [16, 15, 1],
			"rotation": {"angle": 0, "axis": "y", "origin": [23, 19, 8]},
			"faces": {
				"north": {"uv": [15, 0, 16, 4], "texture": "#base"},
				"east": {"uv": [15, 0, 16, 4], "texture": "#base"},
				"south": {"uv": [15, 0, 16, 4], "texture": "#base"},
				"west": {"uv": [15, 0, 16, 4], "texture": "#base"},
				"up": {"uv": [0, 0, 1, 1], "texture": "#missing"},
				"down": {"uv": [0, 0, 1, 1], "texture": "#missing"}
			}
		}
	],
	"display": {
		"thirdperson_righthand": {
			"rotation": [75, 45, 0],
			"translation": [0, 2.5, 0],
			"scale": [0.375, 0.375, 0.375]
		},
		"thirdperson_lefthand": {
			"rotation": [75, 45, 0],
			"translation": [0, 2.5, 0],
			"scale": [0.375, 0.375, 0.375]
		},
		"firstperson_righthand": {
			"rotation": [0, 45, 0],
			"scale": [0.4, 0.4, 0.4]
		},
		"firstperson_lefthand": {
			"rotation": [0, 225, 0],
			"scale": [0.4, 0.4, 0.4]
		},
		"ground": {
			"translation": [0, 3, 0],
			"scale": [0.25, 0.25, 0.25]
		},
		"gui": {
			"rotation": [30, 225, 0],
			"scale": [0.625, 0.625, 0.625]
		},
		"fixed": {
			"scale": [0.5, 0.5, 0.5]
		}
	}
}