{
  "parent": "appliedenergistics2:item/part/part",
  "textures": {
    "channels": "appliedenergistics2:parts/cable/dense_smart/0"
  },
  "elements": [
    {
      "name": "Base",
      "from": [4.0, 4.0, 2.0],
      "to": [12.0, 12.0, 14.0],
      "faces": {
        "north": {
          "texture": "#base",
          "uv": [6.0, 6.0, 10.0, 10.0]
        },
        "east": {
          "texture": "#base",
          "uv": [0.0, 4.0, 4.0, 12.0]
        },
        "south": {
          "texture": "#base",
          "uv": [10.0, 6.0, 6.0, 10.0]
        },
        "west": {
          "texture": "#base",
          "uv": [4.0, 4.0, 0.0, 12.0]
        },
        "up": {
          "texture": "#base",
          "uv": [4.0, 0.0, 12.0, 5.0]
        },
        "down": {
          "texture": "#base",
          "uv": [4.0, 12.0, 12.0, 16.0]
        }
      }
    },
    {
      "name": "Channels",
      "from": [4.0, 4.0, 2.0],
      "to": [12.0, 12.0, 14.0],
      "faces": {
        "north": {
          "texture": "#channels",
          "uv": [4.0, 4.0, 12.0, 12.0]
        },
        "east": {
          "texture": "#channels",
          "uv": [0.0, 4.0, 4.0, 12.0]
        },
        "south": {
          "texture": "#channels",
          "uv": [12.0, 4.0, 4.0, 12.0]
        },
        "west": {
          "texture": "#channels",
          "uv": [4.0, 4.0, 0.0, 12.0]
        },
        "up": {
          "texture": "#channels",
          "uv": [4.0, 0.0, 12.0, 4.0]
        },
        "down": {
          "texture": "#channels",
          "uv": [4.0, 12.0, 12.0, 16.0]
        }
      }
    }
  ]
}
