{
    "credit": "Made with Blockbench",
    "parent": "minecraft:block/block",
    "texture_size": [
        32,
        32
    ],
    "textures": {
        "0": "#texture",
        "particle": "#texture"
    },
    "elements": [
        {
            "name": "side1",
            "from": [
                0,
                0,
                0
            ],
            "to": [
                2,
                16,
                16
            ],
            "rotation": {
                "angle": 0,
                "axis": "y",
                "origin": [
                    7,
                    0,
                    1
                ]
            },
            "faces": {
                "north": {
                    "uv": [
                        7,
                        0,
                        8,
                        8
                    ],
                    "texture": "#0"
                },
                "east": {
                    "uv": [
                        1,
                        0,
                        7,
                        8
                    ],
                    "texture": "#0"
                },
                "south": {
                    "uv": [
                        0,
                        0,
                        1,
                        8
                    ],
                    "texture": "#0"
                },
                "west": {
                    "uv": [
                        0,
                        0,
                        8,
                        8
                    ],
                    "texture": "#0"
                },
                "up": {
                    "uv": [
                        16,
                        8,
                        15,
                        0
                    ],
                    "texture": "#0"
                },
                "down": {
                    "uv": [
                        0,
                        8,
                        1,
                        16
                    ],
                    "texture": "#0"
                }
            }
        },
        {
            "name": "side2",
            "from": [
                14,
                0,
                0
            ],
            "to": [
                16,
                16,
                16
            ],
            "rotation": {
                "angle": 0,
                "axis": "y",
                "origin": [
                    7,
                    0,
                    1
                ]
            },
            "faces": {
                "north": {
                    "uv": [
                        0,
                        0,
                        1,
                        8
                    ],
                    "texture": "#0"
                },
                "east": {
                    "uv": [
                        0,
                        0,
                        8,
                        8
                    ],
                    "texture": "#0"
                },
                "south": {
                    "uv": [
                        7,
                        0,
                        8,
                        8
                    ],
                    "texture": "#0"
                },
                "west": {
                    "uv": [
                        1,
                        0,
                        7,
                        8
                    ],
                    "texture": "#0"
                },
                "up": {
                    "uv": [
                        9,
                        8,
                        8,
                        0
                    ],
                    "texture": "#0"
                },
                "down": {
                    "uv": [
                        7,
                        8,
                        8,
                        16
                    ],
                    "texture": "#0"
                }
            }
        },
        {
            "name": "side3",
            "from": [
                2,
                0,
                14
            ],
            "to": [
                14,
                16,
                16
            ],
            "rotation": {
                "angle": 0,
                "axis": "y",
                "origin": [
                    7,
                    0,
                    1
                ]
            },
            "faces": {
                "north": {
                    "uv": [
                        1,
                        0,
                        7,
                        8
                    ],
                    "texture": "#0"
                },
                "east": {
                    "uv": [
                        0,
                        0,
                        1,
                        8
                    ],
                    "texture": "#0"
                },
                "south": {
                    "uv": [
                        1,
                        0,
                        7,
                        8
                    ],
                    "texture": "#0"
                },
                "west": {
                    "uv": [
                        7,
                        0,
                        8,
                        8
                    ],
                    "texture": "#0"
                },
                "up": {
                    "uv": [
                        15,
                        1,
                        9,
                        0
                    ],
                    "texture": "#0"
                },
                "down": {
                    "uv": [
                        1,
                        8,
                        7,
                        9
                    ],
                    "texture": "#0"
                }
            }
        },
        {
            "name": "side4",
            "from": [
                2,
                0,
                0
            ],
            "to": [
                14,
                16,
                2
            ],
            "rotation": {
                "angle": 0,
                "axis": "y",
                "origin": [
                    7,
                    0,
                    1
                ]
            },
            "faces": {
                "north": {
                    "uv": [
                        1,
                        0,
                        7,
                        8
                    ],
                    "texture": "#0"
                },
                "east": {
                    "uv": [
                        0,
                        0,
                        1,
                        8
                    ],
                    "texture": "#0"
                },
                "south": {
                    "uv": [
                        1,
                        0,
                        7,
                        8
                    ],
                    "texture": "#0"
                },
                "west": {
                    "uv": [
                        7,
                        0,
                        8,
                        8
                    ],
                    "texture": "#0"
                },
                "up": {
                    "uv": [
                        9,
                        0,
                        15,
                        1
                    ],
                    "texture": "#0"
                },
                "down": {
                    "uv": [
                        1,
                        15,
                        7,
                        16
                    ],
                    "texture": "#0"
                }
            }
        },
        {
            "name": "bottom",
            "from": [
                2,
                0,
                2
            ],
            "to": [
                14,
                1,
                14
            ],
            "faces": {
                "north": {
                    "uv": [
                        0,
                        0,
                        6,
                        0.5
                    ],
                    "texture": "#0"
                },
                "east": {
                    "uv": [
                        0,
                        0,
                        6,
                        0.5
                    ],
                    "texture": "#0"
                },
                "south": {
                    "uv": [
                        0,
                        0,
                        6,
                        0.5
                    ],
                    "texture": "#0"
                },
                "west": {
                    "uv": [
                        0,
                        0,
                        6,
                        0.5
                    ],
                    "texture": "#0"
                },
                "up": {
                    "uv": [
                        1,
                        9,
                        7,
                        15
                    ],
                    "texture": "#0"
                },
                "down": {
                    "uv": [
                        1,
                        9,
                        7,
                        15
                    ],
                    "texture": "#0"
                }
            }
        }
    ],
    "display": {
        "thirdperson_righthand": {
            "rotation": [
                75,
                45,
                0
            ],
            "translation": [
                0,
                2.5,
                0
            ],
            "scale": [
                0.375,
                0.375,
                0.375
            ]
        },
        "thirdperson_lefthand": {
            "rotation": [
                75,
                45,
                0
            ],
            "translation": [
                0,
                2.5,
                0
            ],
            "scale": [
                0.375,
                0.375,
                0.375
            ]
        },
        "firstperson_righthand": {
            "rotation": [
                0,
                45,
                0
            ],
            "scale": [
                0.4,
                0.4,
                0.4
            ]
        },
        "firstperson_lefthand": {
            "rotation": [
                0,
                225,
                0
            ],
            "scale": [
                0.4,
                0.4,
                0.4
            ]
        },
        "ground": {
            "translation": [
                0,
                3,
                0
            ],
            "scale": [
                0.25,
                0.25,
                0.25
            ]
        },
        "gui": {
            "rotation": [
                30,
                225,
                0
            ],
            "scale": [
                0.625,
                0.625,
                0.625
            ]
        },
        "fixed": {
            "scale": [
                0.5,
                0.5,
                0.5
            ]
        }
    },
    "groups": [
        {
            "name": "group",
            "origin": [
                0,
                0,
                0
            ],
            "color": 0,
            "children": [
                0,
                1,
                2,
                3,
                4
            ]
        }
    ]
}