{
	"credit": "Made with Blockbench",
	"ambientocclusion": false,
	"texture_size": [32, 32],
	"textures": {
		"particle": "exnihilocreatio:blocks/sieve",
		"texture": "exnihilocreatio:blocks/sieve"
	},
	"elements": [
		{
			"name": "frame1",
			"from": [15, 10, 0],
			"to": [16, 16, 16],
			"rotation": {"angle": 0, "axis": "y", "origin": [8, -17, 8]},
			"faces": {
				"north": {"uv": [8.5, 3, 8, 0], "rotation": 180, "texture": "#texture"},
				"east": {"uv": [16, 3, 8, 0], "rotation": 180, "texture": "#texture"},
				"south": {"uv": [16, 3, 15.5, 0], "rotation": 180, "texture": "#texture"},
				"west": {"uv": [16, 3, 8, 0], "rotation": 180, "texture": "#texture"},
				"up": {"uv": [0.5, 0, 0, 8], "texture": "#texture"},
				"down": {"uv": [0.5, 16, 0, 8], "texture": "#texture"}
			}
		},
		{
			"name": "frame2",
			"from": [0, 10, 0],
			"to": [1, 16, 16],
			"rotation": {"angle": 0, "axis": "y", "origin": [8, -17, 8]},
			"faces": {
				"north": {"uv": [16, 3, 15.5, 0], "rotation": 180, "texture": "#texture"},
				"east": {"uv": [16, 3, 8, 0], "rotation": 180, "texture": "#texture"},
				"south": {"uv": [8.5, 3, 8, 0], "rotation": 180, "texture": "#texture"},
				"west": {"uv": [16, 3, 8, 0], "rotation": 180, "texture": "#texture"},
				"up": {"uv": [8, 0, 7.5, 8], "texture": "#texture"},
				"down": {"uv": [0.5, 16, 0, 8], "texture": "#texture"}
			}
		},
		{
			"name": "frame3",
			"from": [1, 10, 0],
			"to": [15, 16, 1],
			"rotation": {"angle": 0, "axis": "y", "origin": [8, -17, 8]},
			"faces": {
				"north": {"uv": [15.5, 3, 8.5, 0], "rotation": 180, "texture": "#texture"},
				"east": {"uv": [0, 0, 0, 0], "rotation": 180, "texture": "#texture"},
				"south": {"uv": [15.5, 3, 8.5, 0], "rotation": 180, "texture": "#texture"},
				"west": {"uv": [0, 0, 0, 0], "rotation": 180, "texture": "#texture"},
				"up": {"uv": [7.5, 7.5, 0.5, 8], "rotation": 90, "texture": "#texture"},
				"down": {"uv": [0.5, 15.5, 0, 8.5], "rotation": 270, "texture": "#texture"}
			}
		},
		{
			"name": "frame4",
			"from": [1, 10, 15],
			"to": [15, 16, 16],
			"rotation": {"angle": 0, "axis": "y", "origin": [8, -17, 8]},
			"faces": {
				"north": {"uv": [15.5, 3, 8.5, 0], "rotation": 180, "texture": "#texture"},
				"east": {"uv": [0, 0, 0, 0], "rotation": 180, "texture": "#texture"},
				"south": {"uv": [15.5, 3, 8.5, 0], "rotation": 180, "texture": "#texture"},
				"west": {"uv": [0, 0, 0, 0], "rotation": 180, "texture": "#texture"},
				"up": {"uv": [7.5, 0, 0.5, 0.5], "rotation": 90, "texture": "#texture"},
				"down": {"uv": [0, 15.5, 0.5, 8.5], "rotation": 270, "texture": "#texture"}
			}
		},
		{
			"name": "leg1",
			"from": [14, 0, 0],
			"to": [16, 10, 2],
			"rotation": {"angle": 0, "axis": "y", "origin": [8, -17, 8]},
			"faces": {
				"north": {"uv": [15, 3, 16, 8], "texture": "#texture"},
				"east": {"uv": [16, 3, 15, 8], "texture": "#texture"},
				"south": {"uv": [15, 3, 16, 8], "texture": "#texture"},
				"west": {"uv": [16, 3, 15, 8], "texture": "#texture"},
				"up": {"uv": [15, 3, 16, 4], "texture": "#texture"},
				"down": {"uv": [16, 8, 15, 7], "texture": "#texture"}
			}
		},
		{
			"name": "leg2",
			"from": [0, 0, 0],
			"to": [2, 10, 2],
			"rotation": {"angle": 0, "axis": "y", "origin": [8, -17, 8]},
			"faces": {
				"north": {"uv": [16, 3, 15, 8], "texture": "#texture"},
				"east": {"uv": [15, 3, 16, 8], "texture": "#texture"},
				"south": {"uv": [16, 3, 15, 8], "texture": "#texture"},
				"west": {"uv": [15, 3, 16, 8], "texture": "#texture"},
				"up": {"uv": [16, 3, 15, 4], "texture": "#texture"},
				"down": {"uv": [15, 8, 16, 7], "texture": "#texture"}
			}
		},
		{
			"name": "leg3",
			"from": [0, 0, 14],
			"to": [2, 10, 16],
			"rotation": {"angle": 0, "axis": "y", "origin": [8, -17, 8]},
			"faces": {
				"north": {"uv": [15, 3, 16, 8], "texture": "#texture"},
				"east": {"uv": [16, 3, 15, 8], "texture": "#texture"},
				"south": {"uv": [15, 3, 16, 8], "texture": "#texture"},
				"west": {"uv": [16, 3, 15, 8], "texture": "#texture"},
				"up": {"uv": [16, 4, 15, 3], "texture": "#texture"},
				"down": {"uv": [15, 7, 16, 8], "texture": "#texture"}
			}
		},
		{
			"name": "leg4",
			"from": [14, 0, 14],
			"to": [16, 10, 16],
			"rotation": {"angle": 0, "axis": "y", "origin": [8, -17, 8]},
			"faces": {
				"north": {"uv": [16, 3, 15, 8], "texture": "#texture"},
				"east": {"uv": [15, 3, 16, 8], "texture": "#texture"},
				"south": {"uv": [16, 3, 15, 8], "texture": "#texture"},
				"west": {"uv": [15, 3, 16, 8], "texture": "#texture"},
				"up": {"uv": [15, 4, 16, 3], "texture": "#texture"},
				"down": {"uv": [16, 7, 15, 8], "texture": "#texture"}
			}
		}
	],
	"display": {
		"thirdperson_righthand": {
			"rotation": [75, 45, 0],
			"translation": [0, 2.5, 0],
			"scale": [0.375, 0.375, 0.375]
		},
		"thirdperson_lefthand": {
			"rotation": [75, 45, 0],
			"translation": [0, 2.5, 0],
			"scale": [0.375, 0.375, 0.375]
		},
		"firstperson_righthand": {
			"rotation": [0, 45, 0],
			"scale": [0.4, 0.4, 0.4]
		},
		"firstperson_lefthand": {
			"rotation": [0, 225, 0],
			"scale": [0.4, 0.4, 0.4]
		},
		"ground": {
			"translation": [0, 3, 0],
			"scale": [0.25, 0.25, 0.25]
		},
		"gui": {
			"rotation": [30, 225, 0],
			"scale": [0.625, 0.625, 0.625]
		},
		"fixed": {
			"scale": [0.5, 0.5, 0.5]
		}
	},
	"groups": [
		{
			"name": "sieve",
			"origin": [15, -8, 32],
			"color": 0,
			"children": [0, 1, 2, 3, 4, 5, 6, 7]
		}
	]
}