{
    "credit": "Made with Blockbench",
    "parent": "minecraft:block/block",
    "texture_size": [
        32,
        32
    ],
    "textures": {
        "0": "#texture",
        "particle": "#texture"
    },
    "elements": [
        {
            "from": [
                0,
                2,
                0
            ],
            "to": [
                2,
                16,
                16
            ],
            "rotation": {
                "angle": 0,
                "axis": "y",
                "origin": [
                    -1,
                    0,
                    25
                ]
            },
            "faces": {
                "north": {
                    "uv": [
                        7,
                        0,
                        8,
                        7
                    ],
                    "texture": "#0"
                },
                "east": {
                    "uv": [
                        0,
                        0,
                        8,
                        7
                    ],
                    "texture": "#0"
                },
                "south": {
                    "uv": [
                        0,
                        0,
                        1,
                        7
                    ],
                    "texture": "#0"
                },
                "west": {
                    "uv": [
                        0,
                        0,
                        8,
                        7
                    ],
                    "texture": "#0"
                },
                "up": {
                    "uv": [
                        8,
                        0,
                        9,
                        8
                    ],
                    "texture": "#0"
                },
                "down": {
                    "uv": [
                        8,
                        8,
                        9,
                        16
                    ],
                    "texture": "#0"
                }
            }
        },
        {
            "from": [
                14,
                2,
                0
            ],
            "to": [
                16,
                16,
                16
            ],
            "rotation": {
                "angle": 0,
                "axis": "y",
                "origin": [
                    -1,
                    0,
                    25
                ]
            },
            "faces": {
                "north": {
                    "uv": [
                        0,
                        0,
                        1,
                        7
                    ],
                    "texture": "#0"
                },
                "east": {
                    "uv": [
                        0,
                        0,
                        8,
                        7
                    ],
                    "texture": "#0"
                },
                "south": {
                    "uv": [
                        7,
                        0,
                        8,
                        7
                    ],
                    "texture": "#0"
                },
                "west": {
                    "uv": [
                        0,
                        0,
                        8,
                        7
                    ],
                    "texture": "#0"
                },
                "up": {
                    "uv": [
                        15,
                        0,
                        16,
                        8
                    ],
                    "texture": "#0"
                },
                "down": {
                    "uv": [
                        9,
                        16,
                        8,
                        8
                    ],
                    "texture": "#0"
                }
            }
        },
        {
            "from": [
                11,
                0,
                11
            ],
            "to": [
                16,
                2,
                16
            ],
            "rotation": {
                "angle": 0,
                "axis": "y",
                "origin": [
                    -1,
                    0,
                    25
                ]
            },
            "faces": {
                "north": {
                    "uv": [
                        5.5,
                        7,
                        8,
                        8
                    ],
                    "texture": "#0"
                },
                "east": {
                    "uv": [
                        0,
                        7,
                        2.5,
                        8
                    ],
                    "texture": "#0"
                },
                "south": {
                    "uv": [
                        5.5,
                        7,
                        8,
                        8
                    ],
                    "texture": "#0"
                },
                "west": {
                    "uv": [
                        0,
                        7,
                        2.5,
                        8
                    ],
                    "texture": "#0"
                },
                "up": {
                    "uv": [
                        0,
                        0,
                        0,
                        0
                    ],
                    "texture": "#0"
                },
                "down": {
                    "uv": [
                        2.5,
                        16,
                        0,
                        13.5
                    ],
                    "texture": "#0"
                }
            }
        },
        {
            "from": [
                0,
                0,
                11
            ],
            "to": [
                5,
                2,
                16
            ],
            "rotation": {
                "angle": 0,
                "axis": "y",
                "origin": [
                    -1,
                    0,
                    25
                ]
            },
            "faces": {
                "north": {
                    "uv": [
                        0,
                        7,
                        2.5,
                        8
                    ],
                    "texture": "#0"
                },
                "east": {
                    "uv": [
                        5.5,
                        7,
                        8,
                        8
                    ],
                    "texture": "#0"
                },
                "south": {
                    "uv": [
                        0,
                        7,
                        2.5,
                        8
                    ],
                    "texture": "#0"
                },
                "west": {
                    "uv": [
                        5.5,
                        7,
                        8,
                        8
                    ],
                    "texture": "#0"
                },
                "up": {
                    "uv": [
                        0,
                        0,
                        0,
                        0
                    ],
                    "texture": "#0"
                },
                "down": {
                    "uv": [
                        8,
                        16,
                        5.5,
                        13.5
                    ],
                    "texture": "#0"
                }
            }
        },
        {
            "from": [
                0,
                0,
                0
            ],
            "to": [
                5,
                2,
                5
            ],
            "rotation": {
                "angle": 0,
                "axis": "y",
                "origin": [
                    -1,
                    0,
                    25
                ]
            },
            "faces": {
                "north": {
                    "uv": [
                        2.5,
                        7,
                        0,
                        8
                    ],
                    "texture": "#0"
                },
                "east": {
                    "uv": [
                        8,
                        7,
                        5.5,
                        8
                    ],
                    "texture": "#0"
                },
                "south": {
                    "uv": [
                        2.5,
                        7,
                        0,
                        8
                    ],
                    "texture": "#0"
                },
                "west": {
                    "uv": [
                        8,
                        7,
                        5.5,
                        8
                    ],
                    "texture": "#0"
                },
                "up": {
                    "uv": [
                        0,
                        0,
                        0,
                        0
                    ],
                    "texture": "#0"
                },
                "down": {
                    "uv": [
                        8,
                        10.5,
                        5.5,
                        8
                    ],
                    "texture": "#0"
                }
            }
        },
        {
            "from": [
                11,
                0,
                0
            ],
            "to": [
                16,
                2,
                5
            ],
            "rotation": {
                "angle": 0,
                "axis": "y",
                "origin": [
                    -1,
                    0,
                    25
                ]
            },
            "faces": {
                "north": {
                    "uv": [
                        0,
                        7,
                        2.5,
                        8
                    ],
                    "texture": "#0"
                },
                "east": {
                    "uv": [
                        5.5,
                        7,
                        8,
                        8
                    ],
                    "texture": "#0"
                },
                "south": {
                    "uv": [
                        0,
                        7,
                        2.5,
                        8
                    ],
                    "texture": "#0"
                },
                "west": {
                    "uv": [
                        5.5,
                        7,
                        8,
                        8
                    ],
                    "texture": "#0"
                },
                "up": {
                    "uv": [
                        0,
                        0,
                        0,
                        0
                    ],
                    "texture": "#0"
                },
                "down": {
                    "uv": [
                        2.5,
                        10.5,
                        0,
                        8
                    ],
                    "texture": "#0"
                }
            }
        },
        {
            "from": [
                2,
                2,
                0
            ],
            "to": [
                14,
                16,
                2
            ],
            "rotation": {
                "angle": 0,
                "axis": "y",
                "origin": [
                    -1,
                    0,
                    25
                ]
            },
            "faces": {
                "north": {
                    "uv": [
                        1,
                        0,
                        7,
                        7
                    ],
                    "texture": "#0"
                },
                "east": {
                    "uv": [
                        7,
                        0,
                        8,
                        7
                    ],
                    "texture": "#0"
                },
                "south": {
                    "uv": [
                        1,
                        0,
                        7,
                        7
                    ],
                    "texture": "#0"
                },
                "west": {
                    "uv": [
                        0,
                        0,
                        1,
                        7
                    ],
                    "texture": "#0"
                },
                "up": {
                    "uv": [
                        9,
                        0,
                        15,
                        1
                    ],
                    "texture": "#0"
                },
                "down": {
                    "uv": [
                        15,
                        9,
                        9,
                        8
                    ],
                    "texture": "#0"
                }
            }
        },
        {
            "from": [
                2,
                2,
                14
            ],
            "to": [
                14,
                16,
                16
            ],
            "rotation": {
                "angle": 0,
                "axis": "y",
                "origin": [
                    -1,
                    0,
                    25
                ]
            },
            "faces": {
                "north": {
                    "uv": [
                        1,
                        0,
                        7,
                        7
                    ],
                    "texture": "#0"
                },
                "east": {
                    "uv": [
                        7,
                        0,
                        8,
                        7
                    ],
                    "texture": "#0"
                },
                "south": {
                    "uv": [
                        1,
                        0,
                        7,
                        7
                    ],
                    "texture": "#0"
                },
                "west": {
                    "uv": [
                        0,
                        0,
                        1,
                        7
                    ],
                    "texture": "#0"
                },
                "up": {
                    "uv": [
                        9,
                        7,
                        15,
                        8
                    ],
                    "texture": "#0"
                },
                "down": {
                    "uv": [
                        15,
                        16,
                        9,
                        15
                    ],
                    "texture": "#0"
                }
            }
        },
        {
            "from": [
                2,
                2,
                2
            ],
            "to": [
                14,
                3,
                14
            ],
            "faces": {
                "north": {
                    "uv": [
                        0,
                        0,
                        0,
                        0
                    ],
                    "texture": "#0"
                },
                "east": {
                    "uv": [
                        0,
                        0,
                        0,
                        0
                    ],
                    "texture": "#0"
                },
                "south": {
                    "uv": [
                        0,
                        0,
                        0,
                        0
                    ],
                    "texture": "#0"
                },
                "west": {
                    "uv": [
                        0,
                        0,
                        0,
                        0
                    ],
                    "texture": "#0"
                },
                "up": {
                    "uv": [
                        9,
                        9,
                        15,
                        15
                    ],
                    "texture": "#0"
                },
                "down": {
                    "uv": [
                        15,
                        15,
                        9,
                        9
                    ],
                    "texture": "#0"
                }
            }
        }
    ],
    "display": {
        "thirdperson_righthand": {
            "rotation": [
                75,
                45,
                0
            ],
            "translation": [
                0,
                2.5,
                0
            ],
            "scale": [
                0.375,
                0.375,
                0.375
            ]
        },
        "thirdperson_lefthand": {
            "rotation": [
                75,
                45,
                0
            ],
            "translation": [
                0,
                2.5,
                0
            ],
            "scale": [
                0.375,
                0.375,
                0.375
            ]
        },
        "firstperson_righthand": {
            "rotation": [
                0,
                45,
                0
            ],
            "scale": [
                0.4,
                0.4,
                0.4
            ]
        },
        "firstperson_lefthand": {
            "rotation": [
                0,
                225,
                0
            ],
            "scale": [
                0.4,
                0.4,
                0.4
            ]
        },
        "ground": {
            "translation": [
                0,
                3,
                0
            ],
            "scale": [
                0.25,
                0.25,
                0.25
            ]
        },
        "gui": {
            "rotation": [
                30,
                225,
                0
            ],
            "scale": [
                0.625,
                0.625,
                0.625
            ]
        },
        "fixed": {
            "scale": [
                0.5,
                0.5,
                0.5
            ]
        }
    },
    "groups": [
        {
            "name": "group",
            "origin": [
                8,
                21,
                8
            ],
            "color": 0,
            "children": [
                0,
                1,
                2,
                3,
                4,
                5,
                6,
                7,
                8
            ]
        }
    ]
}