{
    "credit": "Made with Blockbench",
    "parent": "minecraft:block/block",
    "textures": {
        "texture": "#texture"
    },
    "elements": [
        {
            "from": [
                1,
                13,
                1
            ],
            "to": [
                15,
                13.01,
                15
            ],
            "rotation": {
                "angle": 0,
                "axis": "y",
                "origin": [
                    8,
                    8,
                    8
                ]
            },
            "faces": {
                "up": {
                    "uv": [
                        1,
                        16,
                        16,
                        1
                    ],
                    "texture": "#texture"
                },
                "down": {
                    "uv": [
                        1,
                        1,
                        16,
                        16
                    ],
                    "texture": "#texture"
                }
            }
        }
    ],
    "display": {
        "thirdperson_righthand": {
            "rotation": [
                75,
                45,
                0
            ],
            "translation": [
                0,
                0,
                -2.5
            ],
            "scale": [
                0.4,
                0.4,
                0.4
            ]
        },
        "firstperson_righthand": {
            "rotation": [
                0,
                45,
                0
            ],
            "translation": [
                -0.5,
                -1,
                0
            ],
            "scale": [
                0.4,
                0.4,
                0.4
            ]
        },
        "firstperson_lefthand": {
            "rotation": [
                0,
                225,
                0
            ],
            "translation": [
                -0.5,
                -1,
                0
            ],
            "scale": [
                0.4,
                0.4,
                0.4
            ]
        },
        "gui": {
            "rotation": [
                30,
                225,
                0
            ],
            "translation": [
                0,
                -7.5,
                0
            ],
            "scale": [
                0.8,
                0.8,
                0.8
            ]
        }
    }
}