{  
    "forge_marker":1,
    "defaults":{  
        "textures":{  
            "up": "bigreactors:blocks/reactor/legacy/controlrod",
            "down": "bigreactors:blocks/reactor/legacy/plate",
            "north": "bigreactors:blocks/reactor/legacy/plate",
            "south": "bigreactors:blocks/reactor/legacy/plate",
            "east": "bigreactors:blocks/reactor/legacy/plate",
            "west": "bigreactors:blocks/reactor/legacy/plate",
            "particle": "bigreactors:blocks/reactor/legacy/plate"
        },
        "model":"cube"
    },
    "variants":{  
        "inventory":{  
            "transform":"forge:default-block"
        }
    }
}