{
	"credit": "Made with Blockbench",
	"textures": {
		"0": "bigreactors:blocks/turbine/legacy/rotorshaft",
		"particle": "bigreactors:blocks/turbine/legacy/rotorshaft",
		"missing": "bigreactors:blocks/transparent"
	},
	"elements": [
		{
			"name": "shaft side 1A",
			"from": [6, 5, 0],
			"to": [10, 6, 16],
			"rotation": {"angle": 0, "axis": "y", "origin": [8, 9, 8]},
			"faces": {
				"north": {"uv": [0, 0, 1, 1], "texture": "#0", "cullface": "south"},
				"east": {"uv": [0, 6, 16, 7], "texture": "#0"},
				"south": {"uv": [0, 0, 1, 1], "texture": "#0", "cullface": "south"},
				"west": {"uv": [0, 6, 16, 7], "texture": "#0"},
				"down": {"uv": [16, 4, 0, 0], "rotation": 90, "texture": "#0"}
			}
		},
		{
			"name": "shaft side 2A",
			"from": [5, 6, 0],
			"to": [6, 10, 16],
			"rotation": {"angle": 0, "axis": "y", "origin": [9, 8, 8]},
			"faces": {
				"north": {"uv": [0, 0, 1, 4], "texture": "#0", "cullface": "north"},
				"south": {"uv": [0, 0, 1, 4], "texture": "#0", "cullface": "south"},
				"west": {"uv": [16, 4, 0, 0], "texture": "#0"},
				"up": {"uv": [0, 6, 16, 7], "rotation": 90, "texture": "#0"},
				"down": {"uv": [0, 6, 16, 7], "rotation": 90, "texture": "#0"}
			}
		},
		{
			"name": "shaft side 3A",
			"from": [6, 10, 0],
			"to": [10, 11, 16],
			"rotation": {"angle": 0, "axis": "y", "origin": [8, 7, 8]},
			"faces": {
				"north": {"uv": [0, 0, 1, 1], "texture": "#0", "cullface": "south"},
				"east": {"uv": [0, 6, 16, 7], "texture": "#0"},
				"south": {"uv": [0, 0, 1, 1], "texture": "#0", "cullface": "south"},
				"west": {"uv": [0, 6, 16, 7], "texture": "#0"},
				"up": {"uv": [0, 0, 16, 4], "rotation": 90, "texture": "#0"}
			}
		},
		{
			"name": "shaft side 4A",
			"from": [10, 6, 0],
			"to": [11, 10, 16],
			"rotation": {"angle": 0, "axis": "y", "origin": [7, 8, 8]},
			"faces": {
				"north": {"uv": [0, 0, 1, 4], "texture": "#0", "cullface": "north"},
				"east": {"uv": [0, 0, 16, 4], "texture": "#0"},
				"south": {"uv": [0, 0, 1, 4], "texture": "#0", "cullface": "south"},
				"up": {"uv": [0, 6, 16, 7], "rotation": 90, "texture": "#0"},
				"down": {"uv": [0, 6, 16, 7], "rotation": 90, "texture": "#0"}
			}
		},
		{
			"name": "bottom 2",
			"from": [6, 6, 15],
			"to": [10, 10, 16],
			"faces": {
				"south": {"uv": [0, 0, 1, 1], "texture": "#0", "cullface": "south"}
			}
		},
		{
			"name": "top 2",
			"from": [6, 6, 0],
			"to": [10, 10, 1],
			"faces": {
				"north": {"uv": [0, 0, 1, 1], "texture": "#0", "cullface": "south"}
			}
		},
		{
			"from": [2, 7, 7],
			"to": [5, 9, 9],
			"rotation": {"angle": 45, "axis": "x", "origin": [3.5, 8, 8]},
			"faces": {
				"north": {"uv": [0, 12, 3, 14], "texture": "#0"},
				"east": {"uv": [0, 0, 2, 2], "texture": "#0"},
				"south": {"uv": [0, 12, 3, 14], "rotation": 180, "texture": "#0"},
				"west": {"uv": [0, 0, 2, 2], "texture": "#0"},
				"up": {"uv": [3, 12, 6, 14], "texture": "#0"},
				"down": {"uv": [3, 12, 6, 14], "texture": "#0"}
			}
		},
		{
			"from": [0, 5.5, 6.5],
			"to": [2, 10.5, 9.5],
			"rotation": {"angle": 45, "axis": "x", "origin": [1.5, 8, 8]},
			"faces": {
				"north": {"uv": [0, 14, 5, 16], "rotation": 90, "texture": "#0"},
				"east": {"uv": [15, 14, 16, 15], "rotation": 90, "texture": "#0"},
				"south": {"uv": [0, 14, 5, 16], "rotation": 270, "texture": "#0"},
				"west": {"uv": [15, 15, 16, 16], "rotation": 90, "texture": "#0"},
				"up": {"uv": [5, 14, 8, 16], "rotation": 270, "texture": "#0"},
				"down": {"uv": [5, 14, 8, 16], "rotation": 270, "texture": "#0"}
			}
		},
		{
			"from": [11, 7, 7],
			"to": [14, 9, 9],
			"rotation": {"angle": 45, "axis": "x", "origin": [12.5, 8, 8]},
			"faces": {
				"north": {"uv": [0, 12, 3, 14], "rotation": 180, "texture": "#0"},
				"east": {"uv": [0, 0, 2, 2], "texture": "#missing"},
				"south": {"uv": [0, 12, 3, 14], "texture": "#0"},
				"west": {"uv": [0, 0, 2, 2], "texture": "#missing"},
				"up": {"uv": [3, 12, 6, 14], "rotation": 180, "texture": "#0"},
				"down": {"uv": [3, 12, 6, 14], "rotation": 180, "texture": "#0"}
			}
		},
		{
			"from": [14, 6.5, 5.5],
			"to": [16, 9.5, 10.5],
			"rotation": {"angle": 45, "axis": "x", "origin": [14.5, 8, 8]},
			"faces": {
				"north": {"uv": [5, 14, 8, 16], "rotation": 270, "texture": "#0"},
				"east": {"uv": [15, 15, 16, 16], "rotation": 90, "texture": "#0"},
				"south": {"uv": [5, 14, 8, 16], "rotation": 90, "texture": "#0"},
				"west": {"uv": [15, 14, 16, 15], "rotation": 90, "texture": "#0"},
				"up": {"uv": [0, 14, 5, 16], "rotation": 90, "texture": "#0"},
				"down": {"uv": [0, 14, 5, 16], "rotation": 90, "texture": "#0"}
			}
		},
		{
			"from": [7, 11, 7],
			"to": [9, 14, 9],
			"rotation": {"angle": 45, "axis": "y", "origin": [8, 12.5, 8]},
			"faces": {
				"north": {"uv": [3, 12, 6, 14], "rotation": 90, "texture": "#0"},
				"east": {"uv": [0, 12, 3, 14], "rotation": 270, "texture": "#0"},
				"south": {"uv": [3, 12, 6, 14], "rotation": 90, "texture": "#0"},
				"west": {"uv": [0, 12, 3, 14], "rotation": 270, "texture": "#0"},
				"up": {"uv": [0, 0, 2, 2], "texture": "#missing"},
				"down": {"uv": [0, 0, 2, 2], "rotation": 180, "texture": "#missing"}
			}
		},
		{
			"from": [6.5, 14, 5.5],
			"to": [9.5, 16, 10.5],
			"rotation": {"angle": 45, "axis": "y", "origin": [8, 14.5, 8]},
			"faces": {
				"north": {"uv": [5, 14, 8, 16], "texture": "#0"},
				"east": {"uv": [0, 14, 5, 16], "texture": "#0"},
				"south": {"uv": [5, 14, 8, 16], "texture": "#0"},
				"west": {"uv": [0, 14, 5, 16], "texture": "#0"},
				"up": {"uv": [15, 15, 16, 16], "rotation": 90, "texture": "#0"},
				"down": {"uv": [15, 14, 16, 15], "rotation": 90, "texture": "#0"}
			}
		},
		{
			"from": [7, 2, 7],
			"to": [9, 5, 9],
			"rotation": {"angle": 45, "axis": "y", "origin": [8, 3.5, 8]},
			"faces": {
				"north": {"uv": [3, 12, 6, 14], "rotation": 270, "texture": "#0"},
				"east": {"uv": [0, 12, 3, 14], "rotation": 90, "texture": "#0"},
				"south": {"uv": [3, 12, 6, 14], "rotation": 270, "texture": "#0"},
				"west": {"uv": [0, 12, 3, 14], "rotation": 90, "texture": "#0"},
				"up": {"uv": [0, 0, 2, 2], "texture": "#missing"},
				"down": {"uv": [0, 0, 2, 2], "rotation": 180, "texture": "#missing"}
			}
		},
		{
			"from": [5.5, 0, 6.5],
			"to": [10.5, 2, 9.5],
			"rotation": {"angle": 45, "axis": "y", "origin": [8, 1.5, 8]},
			"faces": {
				"north": {"uv": [0, 14, 5, 16], "rotation": 180, "texture": "#0"},
				"east": {"uv": [5, 14, 8, 16], "rotation": 180, "texture": "#0"},
				"south": {"uv": [0, 14, 5, 16], "rotation": 180, "texture": "#0"},
				"west": {"uv": [5, 14, 8, 16], "rotation": 180, "texture": "#0"},
				"up": {"uv": [15, 14, 16, 15], "rotation": 90, "texture": "#0"},
				"down": {"uv": [15, 15, 16, 16], "rotation": 90, "texture": "#0"}
			}
		}
	],
	"display": {
		"thirdperson_righthand": {
			"rotation": [75, 45, 0],
			"translation": [0, 2.5, 0],
			"scale": [0.375, 0.375, 0.375]
		},
		"thirdperson_lefthand": {
			"rotation": [75, 45, 0],
			"translation": [0, 2.5, 0],
			"scale": [0.375, 0.375, 0.375]
		},
		"firstperson_righthand": {
			"rotation": [0, 45, 0],
			"scale": [0.4, 0.4, 0.4]
		},
		"firstperson_lefthand": {
			"rotation": [0, 225, 0],
			"scale": [0.4, 0.4, 0.4]
		},
		"ground": {
			"translation": [0, 3, 0],
			"scale": [0.25, 0.25, 0.25]
		},
		"gui": {
			"rotation": [30, 225, 0],
			"scale": [0.625, 0.625, 0.625]
		},
		"head": {
			"rotation": [0, 180, 0],
			"translation": [0, 13, 7]
		},
		"fixed": {
			"scale": [0.5, 0.5, 0.5]
		}
	}
}