{
	"credit": "Made with Blockbench",
	"textures": {
		"1": "bigreactors:blocks/turbine/legacy/rotorblade",
		"particle": "bigreactors:blocks/turbine/legacy/rotorshaft"
	},
	"elements": [
		{
			"from": [7.5, 0, 4.5],
			"to": [8.5, 16, 11.5],
			"rotation": {"angle": 45, "axis": "y", "origin": [8, 0.5, 8]},
			"faces": {
				"north": {"uv": [0, 9, 16, 10], "rotation": 90, "texture": "#1"},
				"east": {"uv": [0, 9, 16, 16], "rotation": 90, "texture": "#1"},
				"south": {"uv": [0, 15, 16, 16], "rotation": 90, "texture": "#1"},
				"west": {"uv": [0, 9, 16, 16], "rotation": 270, "texture": "#1"},
				"up": {"uv": [15, 9, 16, 16], "texture": "#1"},
				"down": {"uv": [0, 9, 1, 16], "texture": "#1"}
			}
		}
	],
	"display": {
		"thirdperson_righthand": {
			"rotation": [20, 45, 0],
			"translation": [0, 1.75, 1.25],
			"scale": [0.375, 0.375, 0.375]
		},
		"thirdperson_lefthand": {
			"rotation": [20, 135, 0],
			"translation": [0, 1.75, 1.25],
			"scale": [0.375, 0.375, 0.375]
		},
		"firstperson_righthand": {
			"rotation": [0, 45, 0],
			"scale": [0.4, 0.4, 0.4]
		},
		"firstperson_lefthand": {
			"rotation": [0, 135, 0],
			"scale": [0.4, 0.4, 0.4]
		},
		"ground": {
			"translation": [0, 3, 0],
			"scale": [0.25, 0.25, 0.25]
		},
		"gui": {
			"rotation": [30, -180, 0],
			"scale": [0.625, 0.625, 0.625]
		},
		"head": {
			"rotation": [0, 180, 0],
			"translation": [0, 13, 0]
		},
		"fixed": {
			"rotation": [0, 45, 0],
			"scale": [0.5, 0.5, 0.5]
		}
	}
}