{
    "ambientocclusion": false,
    "textures": {
        "particle": "blocks/repeater_on",
        "slab": "blocks/stone_slab_top",
        "top": "blocks/repeater_on",
        "lit": "blocks/new/redstone_torch_on"
    },
    "elements": [
        {   "from": [ 0, 0, 0 ],
            "to": [ 16, 2, 16 ],
            "faces": {
                "down":  { "uv": [ 0,  0, 16, 16 ], "texture": "#slab", "cullface": "down" },
                "up":    { "uv": [ 0,  0, 16, 16 ], "texture": "#top" },
                "north": { "uv": [ 0, 14, 16, 16 ], "texture": "#slab", "cullface": "north" },
                "south": { "uv": [ 0, 14, 16, 16 ], "texture": "#slab", "cullface": "south" },
                "west":  { "uv": [ 0, 14, 16, 16 ], "texture": "#slab", "cullface": "west" },
                "east":  { "uv": [ 0, 14, 16, 16 ], "texture": "#slab", "cullface": "east" }
            }
        },
        {   "from": [ 7, 2, 6 ],
            "to": [ 9, 7, 8 ],
            "shade": false,
            "faces": {
                "up":    { "uv": [ 7, 6, 9,  8 ], "texture": "#lit" },
                "north": { "uv": [ 7, 6, 9, 11 ], "texture": "#lit" },
                "south": { "uv": [ 7, 6, 9, 11 ], "texture": "#lit" },
                "west":  { "uv": [ 7, 6, 9, 11 ], "texture": "#lit" },
                "east":  { "uv": [ 7, 6, 9, 11 ], "texture": "#lit" }
            }
        },
        {   "from": [ 7, 2, 2 ],
            "to": [ 9, 7, 4 ],
            "shade": false,
            "faces": {
                "up":    { "uv": [ 7, 6, 9,  8 ], "texture": "#lit" },
                "north": { "uv": [ 7, 6, 9, 11 ], "texture": "#lit" },
                "south": { "uv": [ 7, 6, 9, 11 ], "texture": "#lit" },
                "west":  { "uv": [ 7, 6, 9, 11 ], "texture": "#lit" },
                "east":  { "uv": [ 7, 6, 9, 11 ], "texture": "#lit" }
            }
        },
        {   "from": [ 9.5, 4.5, 1.5 ],
            "to": [ 6.5, 7.5, 4.5 ],
            "shade": false,
            "faces": {
                "down":  { "uv": [ 6, 5, 7, 6 ], "texture": "#lit" },
                "up":    { "uv": [ 6, 5, 7, 6 ], "texture": "#lit" },
                "north": { "uv": [ 6, 5, 7, 6 ], "texture": "#lit" },
                "south": { "uv": [ 6, 5, 7, 6 ], "texture": "#lit" },
                "west":  { "uv": [ 6, 5, 7, 6 ], "texture": "#lit" },
                "east":  { "uv": [ 6, 5, 7, 6 ], "texture": "#lit" }
            }
        },
        {   "from": [ 9.5, 4.5, 5.5 ],
            "to": [ 6.5, 7.5, 8.5 ],
            "shade": false,
            "faces": {
                "down":  { "uv": [ 6, 5, 7, 6 ], "texture": "#lit" },
                "up":    { "uv": [ 6, 5, 7, 6 ], "texture": "#lit" },
                "north": { "uv": [ 6, 5, 7, 6 ], "texture": "#lit" },
                "south": { "uv": [ 6, 5, 7, 6 ], "texture": "#lit" },
                "west":  { "uv": [ 6, 5, 7, 6 ], "texture": "#lit" },
                "east":  { "uv": [ 6, 5, 7, 6 ], "texture": "#lit" }
            }
        }
    ]
}
