{
	"credit": "Made by Cr_L with Blockbench",
	"parent": "actuallyadditions:item/item_display",
	"elements": [
		{
			"from": [7, 3, 7.5],
			"to": [9, 4, 8.5],
			"faces": {
				"north": {"uv": [9, 12, 7, 13], "texture": "#shard"},
				"east": {"uv": [8, 12, 9, 13], "texture": "#shard"},
				"south": {"uv": [7, 12, 9, 13], "texture": "#shard"},
				"west": {"uv": [7, 12, 8, 13], "texture": "#shard"},
				"down": {"uv": [7, 12, 9, 13], "texture": "#shard"}
			}
		},
		{
			"from": [6, 4, 7.5],
			"to": [10, 6, 8.5],
			"faces": {
				"north": {"uv": [10, 10, 6, 12], "texture": "#shard"},
				"east": {"uv": [9, 10, 10, 12], "texture": "#shard"},
				"south": {"uv": [6, 10, 10, 12], "texture": "#shard"},
				"west": {"uv": [6, 10, 7, 12], "texture": "#shard"},
				"down": {"uv": [6, 11, 10, 12], "texture": "#shard"}
			}
		},
		{
			"from": [10, 5, 7.5],
			"to": [11, 6, 8.5],
			"faces": {
				"north": {"uv": [10, 10, 11, 11], "texture": "#shard"},
				"east": {"uv": [10, 10, 11, 11], "texture": "#shard"},
				"south": {"uv": [10, 10, 11, 11], "texture": "#shard"},
				"down": {"uv": [10, 10, 11, 11], "texture": "#shard"}
			}
		},
		{
			"from": [5, 6, 7.5],
			"to": [11, 8, 8.5],
			"faces": {
				"north": {"uv": [11, 8, 5, 10], "texture": "#shard"},
				"east": {"uv": [10, 8, 11, 10], "texture": "#shard"},
				"south": {"uv": [5, 8, 11, 10], "texture": "#shard"},
				"west": {"uv": [5, 8, 6, 10], "texture": "#shard"},
				"down": {"uv": [5, 9, 11, 10], "texture": "#shard"}
			}
		},
		{
			"from": [4, 8, 7.5],
			"to": [11, 11, 8.5],
			"faces": {
				"north": {"uv": [11, 5, 4, 8], "texture": "#shard"},
				"east": {"uv": [10, 5, 11, 8], "texture": "#shard"},
				"south": {"uv": [4, 5, 11, 8], "texture": "#shard"},
				"west": {"uv": [4, 5, 5, 8], "texture": "#shard"},
				"up": {"uv": [4, 5, 11, 6], "texture": "#shard"},
				"down": {"uv": [4, 7, 11, 8], "texture": "#shard"}
			}
		},
		{
			"from": [11, 7, 7.5],
			"to": [12, 10, 8.5],
			"faces": {
				"north": {"uv": [11, 6, 12, 9], "texture": "#shard"},
				"east": {"uv": [11, 6, 12, 9], "texture": "#shard"},
				"south": {"uv": [11, 6, 12, 9], "texture": "#shard"},
				"up": {"uv": [11, 6, 12, 7], "texture": "#shard"},
				"down": {"uv": [11, 8, 12, 9], "texture": "#shard"}
			}
		},
		{
			"from": [5, 11, 7.5],
			"to": [10, 12, 8.5],
			"faces": {
				"north": {"uv": [5, 4, 10, 5], "texture": "#shard"},
				"east": {"uv": [9, 4, 10, 5], "texture": "#shard"},
				"south": {"uv": [5, 4, 10, 5], "texture": "#shard"},
				"west": {"uv": [5, 4, 6, 5], "texture": "#shard"},
				"up": {"uv": [5, 4, 10, 5], "texture": "#shard"}
			}
		}
	]
}