{
  "variants": {
    "variant=forest": [
      {
        "model": "botania:metamorphic/forest_brick",
        "weight": 2
      },
      {
        "model": "botania:metamorphic/forest_brick_1"
      }
    ],
    "variant=plains": { "model": "botania:metamorphic/plains_brick" },
    "variant=mountain": [
      {
        "model": "botania:metamorphic/mountain_brick"
      },
      {
        "model": "botania:metamorphic/mountain_brick_1"
      },
      {
        "model": "botania:metamorphic/mountain_brick_2"
      },
      {
        "model": "botania:metamorphic/mountain_brick_3"
      },
      {
        "model": "botania:metamorphic/mountain_brick_4"
      },
      {
        "model": "botania:metamorphic/mountain_brick_5"
      }
    ],
    "variant=fungal": [
      {
        "model": "botania:metamorphic/fungal_brick"
      },
      {
        "model": "botania:metamorphic/fungal_brick_1"
      }
    ],
    "variant=swamp": [
      {
        "model": "botania:metamorphic/swamp_brick"
      },
      {
        "model": "botania:metamorphic/swamp_brick_1"
      }
    ],
    "variant=desert": { "model": "botania:metamorphic/desert_brick" },
    "variant=taiga": { "model": "botania:metamorphic/taiga_brick" },
    "variant=mesa": { "model": "botania:metamorphic/mesa_brick" },
    "variant=chiseled_forest": { "model": "botania:metamorphic/forest_brick_chiseled" },
    "variant=chiseled_plains": { "model": "botania:metamorphic/plains_brick_chiseled" },
    "variant=chiseled_mountain": { "model": "botania:metamorphic/mountain_brick_chiseled" },
    "variant=chiseled_fungal": { "model": "botania:metamorphic/fungal_brick_chiseled" },
    "variant=chiseled_swamp": [
      {
        "model": "botania:metamorphic/swamp_brick_chiseled"
      },
      {
        "model": "botania:metamorphic/swamp_brick_chiseled_1"
      }
    ],
    "variant=chiseled_desert": { "model": "botania:metamorphic/desert_brick_chiseled" },
    "variant=chiseled_taiga": { "model": "botania:metamorphic/taiga_brick_chiseled" },
    "variant=chiseled_mesa": { "model": "botania:metamorphic/mesa_brick_chiseled" }
  }
}