{
  "variants": {
    "half=bottom": [
      {
        "model": "botania:metamorphic/mountain_brick_slab"
      },
      {
        "model": "botania:metamorphic/mountain_brick_slab_1"
      },
      {
        "model": "botania:metamorphic/mountain_brick_slab_2"
      },
      {
        "model": "botania:metamorphic/mountain_brick_slab_3"
      },
      {
        "model": "botania:metamorphic/mountain_brick_slab_4"
      },
      {
        "model": "botania:metamorphic/mountain_brick_slab_5"
      }
    ],
    "half=top": [
      {
        "model": "botania:metamorphic/mountain_brick_slab_top"
      },
      {
        "model": "botania:metamorphic/mountain_brick_slab_top_1"
      },
      {
        "model": "botania:metamorphic/mountain_brick_slab_top_2"
      },
      {
        "model": "botania:metamorphic/mountain_brick_slab_top_3"
      },
      {
        "model": "botania:metamorphic/mountain_brick_slab_top_4"
      },
      {
        "model": "botania:metamorphic/mountain_brick_slab_top_5"
      }
    ]
  }
}