{
  "forge_marker": 1,
  "defaults": {
    "model": "exnihilocreatio:overlap_gui"
  },
  "variants": {
    "inventory": [
      {}
    ],
    "type": {
      "blank": {
        "textures": {
          "layer0": "exnihilocreatio:items/doll"
        }
      },
      "blaze": {
        "textures": {
          "layer0": "exnihilocreatio:items/dollblaze"
        }
      },
      "enderman": {
        "textures": {
          "layer0": "exnihilocreatio:items/dollender"
        }
      },
      "shulker": {
        "textures": {
          "layer0": "exnihilocreatio:items/dollshulker"
        }
      },
      "guardian": {
        "textures": {
          "layer0": "exnihilocreatio:items/dollguardian"
        }
      },
      "blizz": {
        "textures": {
          "layer0": "exnihilocreatio:items/dollblizz"
        }
      },
      "blitz": {
        "textures": {
          "layer0": "exnihilocreatio:items/dollblitz"
        }
      },
      "basalz": {
        "textures": {
          "layer0": "exnihilocreatio:items/dollbasalz"
        }
      },
      "blueslime": {
        "textures": {
          "layer0": "exnihilocreatio:items/dollblueslime"
        }
      }
    }
  }
}
